[[1;34mINFO[m] Scanning for projects...
[[1;34mINFO[m] ------------------------------------------------------------------------
[[1;34mINFO[m] Detecting the operating system and CPU architecture
[[1;34mINFO[m] ------------------------------------------------------------------------
[[1;34mINFO[m] os.detected.name: linux
[[1;34mINFO[m] os.detected.arch: x86_64
[[1;34mINFO[m] os.detected.bitness: 64
[[1;34mINFO[m] os.detected.version: 6.6
[[1;34mINFO[m] os.detected.version.major: 6
[[1;34mINFO[m] os.detected.version.minor: 6
[[1;34mINFO[m] os.detected.release: ubuntu
[[1;34mINFO[m] os.detected.release.version: 24.04
[[1;34mINFO[m] os.detected.release.like.ubuntu: true
[[1;34mINFO[m] os.detected.release.like.debian: true
[[1;34mINFO[m] os.detected.classifier: linux-x86_64
[[1;34mINFO[m] ------------------------------------------------------------------------
[[1;34mINFO[m] Detecting the operating system and CPU architecture
[[1;34mINFO[m] ------------------------------------------------------------------------
[[1;34mINFO[m] os.detected.name: linux
[[1;34mINFO[m] os.detected.arch: x86_64
[[1;34mINFO[m] os.detected.version: 6.6
[[1;34mINFO[m] os.detected.version.major: 6
[[1;34mINFO[m] os.detected.version.minor: 6
[[1;34mINFO[m] os.detected.release: ubuntu
[[1;34mINFO[m] os.detected.release.version: 24.04
[[1;34mINFO[m] os.detected.release.like.ubuntu: true
[[1;34mINFO[m] os.detected.release.like.debian: true
[[1;34mINFO[m] os.detected.classifier: linux-x86_64
[[1;34mINFO[m] [1m------------------------------------------------------------------------[m
[[1;34mINFO[m] [1mReactor Build Order:[m
[[1;34mINFO[m] 
[[1;34mINFO[m] hugegraph                                                          [pom]
[[1;34mINFO[m] hugegraph-commons                                                  [pom]
[[1;34mINFO[m] hugegraph-common                                                   [jar]
[[1;34mINFO[m] hugegraph-pd                                                       [pom]
[[1;34mINFO[m] hg-pd-grpc                                                         [jar]
[[1;34mINFO[m] hg-pd-common                                                       [jar]
[[1;34mINFO[m] hg-pd-client                                                       [jar]
[[1;34mINFO[m] hugegraph-struct                                                   [jar]
[[1;34mINFO[m] hugegraph-store                                                    [pom]
[[1;34mINFO[m] hg-store-common                                                    [jar]
[[1;34mINFO[m] hugegraph-server                                                   [pom]
[[1;34mINFO[m] hugegraph-core                                                     [jar]
[[1;34mINFO[m] hg-store-grpc                                                      [jar]
[[1;34mINFO[m] hg-store-client                                                    [jar]
[[1;34mINFO[m] hg-pd-core                                                         [jar]
[[1;34mINFO[m] hg-store-rocksdb                                                   [jar]
[[1;34mINFO[m] hg-store-core                                                      [jar]
[[1;34mINFO[m] hg-store-node                                                      [jar]
[[1;34mINFO[m] hg-store-test                                                      [jar]
[[1;34mINFO[m] 
[[1;34mINFO[m] [1m-------------------< [0;36morg.apache.hugegraph:hugegraph[0;1m >-------------------[m
[[1;34mINFO[m] [1mBuilding hugegraph 1.7.0                                          [1/19][m
[[1;34mINFO[m] [1m--------------------------------[ pom ]---------------------------------[m
[[1;34mINFO[m] 
[[1;34mINFO[m] [1m--- [0;32mmaven-enforcer-plugin:1.4.1:enforce[m [1m(enforce-version)[m @ [36mhugegraph[0;1m ---[m
[[1;34mINFO[m] 
[[1;34mINFO[m] [1m--- [0;32mmaven-enforcer-plugin:1.4.1:enforce[m [1m(enforce-maven-version)[m @ [36mhugegraph[0;1m ---[m
[[1;34mINFO[m] 
[[1;34mINFO[m] [1m--- [0;32mapache-rat-plugin:0.13:check[m [1m(license-check)[m @ [36mhugegraph[0;1m ---[m
[[1;34mINFO[m] Enabled default license matchers.
[[1;34mINFO[m] Will parse SCM ignores for exclusions...
[[1;34mINFO[m] Parsing exclusions from /home/zy/code/hugegraph/.gitignore
[[1;34mINFO[m] Finished adding exclusions from SCM ignore files.
[[1;34mINFO[m] 150 implicit excludes (use -debug for more details).
[[1;34mINFO[m] 44 explicit excludes (use -debug for more details).
[[1;34mINFO[m] 32 resources included (use -debug for more details)
[[1;34mINFO[m] Rat check: Summary over all files. Unapproved: 0, unknown: 0, generated: 0, approved: 25 licenses.
[[1;34mINFO[m] 
[[1;34mINFO[m] [1m--- [0;32mmaven-remote-resources-plugin:3.3.0:process[m [1m(process-resource-bundles)[m @ [36mhugegraph[0;1m ---[m
[[1;34mINFO[m] Preparing remote bundle org.apache:apache-jar-resource-bundle:1.4
[[1;34mINFO[m] Copying 3 resources from 1 bundle.
[[1;34mINFO[m] 
[[1;34mINFO[m] [1m---------------< [0;36morg.apache.hugegraph:hugegraph-commons[0;1m >---------------[m
[[1;34mINFO[m] [1mBuilding hugegraph-commons 1.7.0                                  [2/19][m
[[1;34mINFO[m] [1m--------------------------------[ pom ]---------------------------------[m
[[1;34mINFO[m] 
[[1;34mINFO[m] [1m--- [0;32mmaven-enforcer-plugin:1.4.1:enforce[m [1m(enforce-maven-version)[m @ [36mhugegraph-commons[0;1m ---[m
[[1;34mINFO[m] 
[[1;34mINFO[m] [1m--- [0;32mmaven-checkstyle-plugin:3.1.2:check[m [1m(validate)[m @ [36mhugegraph-commons[0;1m ---[m
[[1;34mINFO[m] Starting audit...
Audit done.
[[1;34mINFO[m] You have 0 Checkstyle violations.
[[1;34mINFO[m] 
[[1;34mINFO[m] [1m--- [0;32mapache-rat-plugin:0.13:check[m [1m(license-check)[m @ [36mhugegraph-commons[0;1m ---[m
[[1;34mINFO[m] Enabled default license matchers.
[[1;34mINFO[m] Will parse SCM ignores for exclusions...
[[1;34mINFO[m] Finished adding exclusions from SCM ignore files.
[[1;34mINFO[m] 64 implicit excludes (use -debug for more details).
[[1;34mINFO[m] 24 explicit excludes (use -debug for more details).
[[1;34mINFO[m] 1 resources included (use -debug for more details)
[[1;34mINFO[m] Rat check: Summary over all files. Unapproved: 0, unknown: 0, generated: 0, approved: 1 licenses.
[[1;34mINFO[m] 
[[1;34mINFO[m] [1m--- [0;32mjacoco-maven-plugin:0.8.7:prepare-agent[m [1m(pre-unit-test)[m @ [36mhugegraph-commons[0;1m ---[m
[[1;34mINFO[m] argLine set to -javaagent:/home/zy/.m2/repository/org/jacoco/org.jacoco.agent/0.8.7/org.jacoco.agent-0.8.7-runtime.jar=destfile=/home/zy/code/hugegraph/hugegraph-commons/target/jacoco.exec
[[1;34mINFO[m] 
[[1;34mINFO[m] [1m--- [0;32mmaven-remote-resources-plugin:3.3.0:process[m [1m(process-resource-bundles)[m @ [36mhugegraph-commons[0;1m ---[m
[[1;34mINFO[m] Preparing remote bundle org.apache:apache-jar-resource-bundle:1.4
[[1;34mINFO[m] Copying 3 resources from 1 bundle.
[[1;34mINFO[m] 
[[1;34mINFO[m] [1m--- [0;32mflatten-maven-plugin:1.3.0:flatten[m [1m(flatten)[m @ [36mhugegraph-commons[0;1m ---[m
[[1;34mINFO[m] Generating flattened POM of project org.apache.hugegraph:hugegraph-commons:pom:1.7.0...
[[1;34mINFO[m] 
[[1;34mINFO[m] [1m--- [0;32mjacoco-maven-plugin:0.8.7:report[m [1m(post-unit-test)[m @ [36mhugegraph-commons[0;1m ---[m
[[1;34mINFO[m] Skipping JaCoCo execution due to missing execution data file.
[[1;34mINFO[m] 
[[1;34mINFO[m] [1m---------------< [0;36morg.apache.hugegraph:hugegraph-common[0;1m >----------------[m
[[1;34mINFO[m] [1mBuilding hugegraph-common 1.7.0                                   [3/19][m
[[1;34mINFO[m] [1m--------------------------------[ jar ]---------------------------------[m
[[1;34mINFO[m] 
[[1;34mINFO[m] [1m--- [0;32mmaven-enforcer-plugin:1.4.1:enforce[m [1m(enforce-maven-version)[m @ [36mhugegraph-common[0;1m ---[m
[[1;34mINFO[m] 
[[1;34mINFO[m] [1m--- [0;32mmaven-checkstyle-plugin:3.1.2:check[m [1m(validate)[m @ [36mhugegraph-common[0;1m ---[m
[[1;34mINFO[m] Starting audit...
[INFO] /home/zy/code/hugegraph/hugegraph-commons/hugegraph-common/src/main/java/org/apache/hugegraph/rest/AbstractRestClient.java:44:1: Illegal import - org.jetbrains.annotations.NotNull. [IllegalImport]
[INFO] /home/zy/code/hugegraph/hugegraph-commons/hugegraph-common/src/main/java/org/apache/hugegraph/rest/OkHttpTokenInterceptor.java:30:1: 'CLASS_DEF' has more than 1 empty lines before. [EmptyLineSeparator]
[INFO] /home/zy/code/hugegraph/hugegraph-commons/hugegraph-common/src/main/java/org/apache/hugegraph/util/ExecutorUtil.java:33:1: 'CLASS_DEF' has more than 1 empty lines before. [EmptyLineSeparator]
Audit done.
[[1;34mINFO[m] You have 0 Checkstyle violations.
[[1;34mINFO[m] 
[[1;34mINFO[m] [1m--- [0;32mapache-rat-plugin:0.13:check[m [1m(license-check)[m @ [36mhugegraph-common[0;1m ---[m
[[1;34mINFO[m] Enabled default license matchers.
[[1;34mINFO[m] Will parse SCM ignores for exclusions...
[[1;34mINFO[m] Finished adding exclusions from SCM ignore files.
[[1;34mINFO[m] 62 implicit excludes (use -debug for more details).
[[1;34mINFO[m] 24 explicit excludes (use -debug for more details).
[[1;34mINFO[m] 135 resources included (use -debug for more details)
[[1;34mINFO[m] Rat check: Summary over all files. Unapproved: 0, unknown: 0, generated: 0, approved: 135 licenses.
[[1;34mINFO[m] 
[[1;34mINFO[m] [1m--- [0;32mjacoco-maven-plugin:0.8.2:prepare-agent[m [1m(pre-unit-test)[m @ [36mhugegraph-common[0;1m ---[m
[[1;34mINFO[m] argLine set to -javaagent:/home/zy/.m2/repository/org/jacoco/org.jacoco.agent/0.8.2/org.jacoco.agent-0.8.2-runtime.jar=destfile=/home/zy/code/hugegraph/hugegraph-commons/hugegraph-common/target/jacoco.exec
[[1;34mINFO[m] 
[[1;34mINFO[m] [1m--- [0;32mmaven-remote-resources-plugin:3.3.0:process[m [1m(process-resource-bundles)[m @ [36mhugegraph-common[0;1m ---[m
[[1;34mINFO[m] Preparing remote bundle org.apache:apache-jar-resource-bundle:1.4
[[1;34mINFO[m] Copying 3 resources from 1 bundle.
[[1;34mINFO[m] 
[[1;34mINFO[m] [1m--- [0;32mmaven-resources-plugin:3.1.0:resources[m [1m(default-resources)[m @ [36mhugegraph-common[0;1m ---[m
[[1;34mINFO[m] Using 'UTF-8' encoding to copy filtered resources.
[[1;34mINFO[m] Copying 1 resource
[[1;34mINFO[m] Copying 3 resources
[[1;34mINFO[m] 
[[1;34mINFO[m] [1m--- [0;32mflatten-maven-plugin:1.3.0:flatten[m [1m(flatten)[m @ [36mhugegraph-common[0;1m ---[m
[[1;34mINFO[m] Generating flattened POM of project org.apache.hugegraph:hugegraph-common:jar:1.7.0...
[[1;34mINFO[m] 
[[1;34mINFO[m] [1m--- [0;32mmaven-compiler-plugin:3.1:compile[m [1m(default-compile)[m @ [36mhugegraph-common[0;1m ---[m
[[1;34mINFO[m] Nothing to compile - all classes are up to date
[[1;34mINFO[m] 
[[1;34mINFO[m] [1m--- [0;32mmaven-resources-plugin:3.1.0:testResources[m [1m(default-testResources)[m @ [36mhugegraph-common[0;1m ---[m
[[1;34mINFO[m] Using 'UTF-8' encoding to copy filtered resources.
[[1;34mINFO[m] Copying 5 resources
[[1;34mINFO[m] Copying 3 resources
[[1;34mINFO[m] 
[[1;34mINFO[m] [1m--- [0;32mmaven-compiler-plugin:3.1:testCompile[m [1m(default-testCompile)[m @ [36mhugegraph-common[0;1m ---[m
[[1;34mINFO[m] Nothing to compile - all classes are up to date
[[1;34mINFO[m] 
[[1;34mINFO[m] [1m--- [0;32mmaven-surefire-plugin:2.20:test[m [1m(default-test)[m @ [36mhugegraph-common[0;1m ---[m
[[1;34mINFO[m] Tests are skipped.
[[1;34mINFO[m] 
[[1;34mINFO[m] [1m--- [0;32mjacoco-maven-plugin:0.8.2:report[m [1m(post-unit-test)[m @ [36mhugegraph-common[0;1m ---[m
[[1;34mINFO[m] Skipping JaCoCo execution due to missing execution data file.
[[1;34mINFO[m] 
[[1;34mINFO[m] [1m-----------------< [0;36morg.apache.hugegraph:hugegraph-pd[0;1m >------------------[m
[[1;34mINFO[m] [1mBuilding hugegraph-pd 1.7.0                                       [4/19][m
[[1;34mINFO[m] [1m--------------------------------[ pom ]---------------------------------[m
[[1;34mINFO[m] 
[[1;34mINFO[m] [1m--- [0;32mmaven-enforcer-plugin:1.4.1:enforce[m [1m(enforce-maven-version)[m @ [36mhugegraph-pd[0;1m ---[m
[[1;34mINFO[m] 
[[1;34mINFO[m] [1m--- [0;32mapache-rat-plugin:0.13:check[m [1m(license-check)[m @ [36mhugegraph-pd[0;1m ---[m
[[1;34mINFO[m] Enabled default license matchers.
[[1;34mINFO[m] Will parse SCM ignores for exclusions...
[[1;34mINFO[m] Parsing exclusions from /home/zy/code/hugegraph/hugegraph-pd/.gitignore
[[1;34mINFO[m] Finished adding exclusions from SCM ignore files.
[[1;34mINFO[m] 73 implicit excludes (use -debug for more details).
[[1;34mINFO[m] 44 explicit excludes (use -debug for more details).
[[1;34mINFO[m] 2 resources included (use -debug for more details)
[[1;34mINFO[m] Rat check: Summary over all files. Unapproved: 0, unknown: 0, generated: 0, approved: 2 licenses.
[[1;34mINFO[m] 
[[1;34mINFO[m] [1m--- [0;32mjacoco-maven-plugin:0.8.8:prepare-agent[m [1m(default)[m @ [36mhugegraph-pd[0;1m ---[m
[[1;34mINFO[m] argLine set to -javaagent:/home/zy/.m2/repository/org/jacoco/org.jacoco.agent/0.8.8/org.jacoco.agent-0.8.8-runtime.jar=destfile=/home/zy/code/hugegraph/hugegraph-pd/target/jacoco.exec,append=true,excludes=**/grpc/**.*:**/config/**.*
[[1;34mINFO[m] 
[[1;34mINFO[m] [1m--- [0;32mmaven-remote-resources-plugin:3.3.0:process[m [1m(process-resource-bundles)[m @ [36mhugegraph-pd[0;1m ---[m
[[1;34mINFO[m] Preparing remote bundle org.apache:apache-jar-resource-bundle:1.4
[[1;34mINFO[m] Copying 3 resources from 1 bundle.
[[1;34mINFO[m] 
[[1;34mINFO[m] [1m--- [0;32mflatten-maven-plugin:1.2.7:flatten[m [1m(flatten)[m @ [36mhugegraph-pd[0;1m ---[m
[[1;34mINFO[m] Generating flattened POM of project org.apache.hugegraph:hugegraph-pd:pom:1.7.0...
[[1;34mINFO[m] 
[[1;34mINFO[m] [1m--- [0;32mmaven-surefire-plugin:2.20:test[m [1m(pd-common-test)[m @ [36mhugegraph-pd[0;1m ---[m
[[1;34mINFO[m] No tests to run.
[[1;34mINFO[m] 
[[1;34mINFO[m] [1m--- [0;32mmaven-surefire-plugin:2.20:test[m [1m(pd-core-test)[m @ [36mhugegraph-pd[0;1m ---[m
[[1;34mINFO[m] No tests to run.
[[1;34mINFO[m] Skipping execution of surefire because it has already been run for this configuration
[[1;34mINFO[m] 
[[1;34mINFO[m] [1m--- [0;32mmaven-surefire-plugin:2.20:test[m [1m(pd-client-test)[m @ [36mhugegraph-pd[0;1m ---[m
[[1;34mINFO[m] No tests to run.
[[1;34mINFO[m] Skipping execution of surefire because it has already been run for this configuration
[[1;34mINFO[m] 
[[1;34mINFO[m] [1m--- [0;32mmaven-surefire-plugin:2.20:test[m [1m(pd-rest-test)[m @ [36mhugegraph-pd[0;1m ---[m
[[1;34mINFO[m] No tests to run.
[[1;34mINFO[m] Skipping execution of surefire because it has already been run for this configuration
[[1;34mINFO[m] 
[[1;34mINFO[m] [1m------------------< [0;36morg.apache.hugegraph:hg-pd-grpc[0;1m >-------------------[m
[[1;34mINFO[m] [1mBuilding hg-pd-grpc 1.7.0                                         [5/19][m
[[1;34mINFO[m] [1m--------------------------------[ jar ]---------------------------------[m
[[1;34mINFO[m] 
[[1;34mINFO[m] [1m--- [0;32mmaven-enforcer-plugin:1.4.1:enforce[m [1m(enforce-maven-version)[m @ [36mhg-pd-grpc[0;1m ---[m
[[1;34mINFO[m] 
[[1;34mINFO[m] [1m--- [0;32mapache-rat-plugin:0.13:check[m [1m(license-check)[m @ [36mhg-pd-grpc[0;1m ---[m
[[1;34mINFO[m] Enabled default license matchers.
[[1;34mINFO[m] Will parse SCM ignores for exclusions...
[[1;34mINFO[m] Finished adding exclusions from SCM ignore files.
[[1;34mINFO[m] 62 implicit excludes (use -debug for more details).
[[1;34mINFO[m] 44 explicit excludes (use -debug for more details).
[[1;34mINFO[m] 1 resources included (use -debug for more details)
[[1;34mINFO[m] Rat check: Summary over all files. Unapproved: 0, unknown: 0, generated: 0, approved: 1 licenses.
[[1;34mINFO[m] 
[[1;34mINFO[m] [1m--- [0;32mjacoco-maven-plugin:0.8.8:prepare-agent[m [1m(default)[m @ [36mhg-pd-grpc[0;1m ---[m
[[1;34mINFO[m] argLine set to -javaagent:/home/zy/.m2/repository/org/jacoco/org.jacoco.agent/0.8.8/org.jacoco.agent-0.8.8-runtime.jar=destfile=/home/zy/code/hugegraph/hugegraph-pd/hg-pd-grpc/target/jacoco.exec,append=true,excludes=**/grpc/**.*:**/config/**.*
[[1;34mINFO[m] 
[[1;34mINFO[m] [1m--- [0;32mmaven-clean-plugin:3.1.0:clean[m [1m(default)[m @ [36mhg-pd-grpc[0;1m ---[m
[[1;34mINFO[m] Deleting /home/zy/code/hugegraph/hugegraph-pd/hg-pd-grpc/target
[[1;34mINFO[m] Deleting /home/zy/code/hugegraph/hugegraph-pd/hg-pd-grpc/src/main/java (includes = [*.tar, *.tar.gz, .flattened-pom.xml, apache-hugegraph-pd-1.7.0/**], excludes = [])
[[1;34mINFO[m] 
[[1;34mINFO[m] [1m--- [0;32mprotobuf-maven-plugin:0.6.1:compile[m [1m(default)[m @ [36mhg-pd-grpc[0;1m ---[m
[[1;34mINFO[m] Compiling 9 proto file(s) to /home/zy/code/hugegraph/hugegraph-pd/hg-pd-grpc/src/main/java
[[1;33mWARNING[m] PROTOC: kv.proto:21:1: warning: Import metapb.proto is unused.

[[1;34mINFO[m] 
[[1;34mINFO[m] [1m--- [0;32mprotobuf-maven-plugin:0.6.1:compile-custom[m [1m(default)[m @ [36mhg-pd-grpc[0;1m ---[m
[[1;34mINFO[m] Compiling 9 proto file(s) to /home/zy/code/hugegraph/hugegraph-pd/hg-pd-grpc/src/main/java
[[1;33mWARNING[m] PROTOC: kv.proto:21:1: warning: Import metapb.proto is unused.

[[1;34mINFO[m] 
[[1;34mINFO[m] [1m--- [0;32mmaven-remote-resources-plugin:3.3.0:process[m [1m(process-resource-bundles)[m @ [36mhg-pd-grpc[0;1m ---[m
[[1;34mINFO[m] Preparing remote bundle org.apache:apache-jar-resource-bundle:1.4
[[1;34mINFO[m] Copying 3 resources from 1 bundle.
[[1;34mINFO[m] 
[[1;34mINFO[m] [1m--- [0;32mmaven-resources-plugin:3.1.0:resources[m [1m(default-resources)[m @ [36mhg-pd-grpc[0;1m ---[m
[[1;34mINFO[m] Using 'UTF-8' encoding to copy filtered resources.
[[1;34mINFO[m] skip non existing resourceDirectory /home/zy/code/hugegraph/hugegraph-pd/hg-pd-grpc/src/main/resources
[[1;34mINFO[m] Copying 9 resources
[[1;34mINFO[m] Copying 9 resources
[[1;34mINFO[m] Copying 9 resources
[[1;34mINFO[m] Copying 3 resources
[[1;34mINFO[m] 
[[1;34mINFO[m] [1m--- [0;32mflatten-maven-plugin:1.2.7:flatten[m [1m(flatten)[m @ [36mhg-pd-grpc[0;1m ---[m
[[1;34mINFO[m] Generating flattened POM of project org.apache.hugegraph:hg-pd-grpc:jar:1.7.0...
[[1;34mINFO[m] 
[[1;34mINFO[m] [1m--- [0;32mmaven-compiler-plugin:3.1:compile[m [1m(default-compile)[m @ [36mhg-pd-grpc[0;1m ---[m
[[1;34mINFO[m] Changes detected - recompiling the module!
[[1;34mINFO[m] Compiling 139 source files to /home/zy/code/hugegraph/hugegraph-pd/hg-pd-grpc/target/classes
[[1;34mINFO[m] 
[[1;34mINFO[m] [1m--- [0;32mmaven-resources-plugin:3.1.0:testResources[m [1m(default-testResources)[m @ [36mhg-pd-grpc[0;1m ---[m
[[1;34mINFO[m] Using 'UTF-8' encoding to copy filtered resources.
[[1;34mINFO[m] skip non existing resourceDirectory /home/zy/code/hugegraph/hugegraph-pd/hg-pd-grpc/src/test/resources
[[1;34mINFO[m] Copying 3 resources
[[1;34mINFO[m] 
[[1;34mINFO[m] [1m--- [0;32mmaven-compiler-plugin:3.1:testCompile[m [1m(default-testCompile)[m @ [36mhg-pd-grpc[0;1m ---[m
[[1;34mINFO[m] No sources to compile
[[1;34mINFO[m] 
[[1;34mINFO[m] [1m--- [0;32mmaven-surefire-plugin:2.20:test[m [1m(default-test)[m @ [36mhg-pd-grpc[0;1m ---[m
[[1;34mINFO[m] 
[[1;34mINFO[m] [1m--- [0;32mmaven-surefire-plugin:2.20:test[m [1m(pd-common-test)[m @ [36mhg-pd-grpc[0;1m ---[m
[[1;34mINFO[m] Skipping execution of surefire because it has already been run for this configuration
[[1;34mINFO[m] 
[[1;34mINFO[m] [1m--- [0;32mmaven-surefire-plugin:2.20:test[m [1m(pd-core-test)[m @ [36mhg-pd-grpc[0;1m ---[m
[[1;34mINFO[m] Skipping execution of surefire because it has already been run for this configuration
[[1;34mINFO[m] 
[[1;34mINFO[m] [1m--- [0;32mmaven-surefire-plugin:2.20:test[m [1m(pd-client-test)[m @ [36mhg-pd-grpc[0;1m ---[m
[[1;34mINFO[m] Skipping execution of surefire because it has already been run for this configuration
[[1;34mINFO[m] 
[[1;34mINFO[m] [1m--- [0;32mmaven-surefire-plugin:2.20:test[m [1m(pd-rest-test)[m @ [36mhg-pd-grpc[0;1m ---[m
[[1;34mINFO[m] Skipping execution of surefire because it has already been run for this configuration
[[1;34mINFO[m] 
[[1;34mINFO[m] [1m-----------------< [0;36morg.apache.hugegraph:hg-pd-common[0;1m >------------------[m
[[1;34mINFO[m] [1mBuilding hg-pd-common 1.7.0                                       [6/19][m
[[1;34mINFO[m] [1m--------------------------------[ jar ]---------------------------------[m
[[1;34mINFO[m] 
[[1;34mINFO[m] [1m--- [0;32mmaven-enforcer-plugin:1.4.1:enforce[m [1m(enforce-maven-version)[m @ [36mhg-pd-common[0;1m ---[m
[[1;34mINFO[m] 
[[1;34mINFO[m] [1m--- [0;32mapache-rat-plugin:0.13:check[m [1m(license-check)[m @ [36mhg-pd-common[0;1m ---[m
[[1;34mINFO[m] Enabled default license matchers.
[[1;34mINFO[m] Will parse SCM ignores for exclusions...
[[1;34mINFO[m] Finished adding exclusions from SCM ignore files.
[[1;34mINFO[m] 62 implicit excludes (use -debug for more details).
[[1;34mINFO[m] 44 explicit excludes (use -debug for more details).
[[1;34mINFO[m] 14 resources included (use -debug for more details)
[[1;34mINFO[m] Rat check: Summary over all files. Unapproved: 0, unknown: 0, generated: 0, approved: 14 licenses.
[[1;34mINFO[m] 
[[1;34mINFO[m] [1m--- [0;32mjacoco-maven-plugin:0.8.8:prepare-agent[m [1m(default)[m @ [36mhg-pd-common[0;1m ---[m
[[1;34mINFO[m] argLine set to -javaagent:/home/zy/.m2/repository/org/jacoco/org.jacoco.agent/0.8.8/org.jacoco.agent-0.8.8-runtime.jar=destfile=/home/zy/code/hugegraph/hugegraph-pd/hg-pd-common/target/jacoco.exec,append=true,excludes=**/grpc/**.*:**/config/**.*
[[1;34mINFO[m] 
[[1;34mINFO[m] [1m--- [0;32mmaven-remote-resources-plugin:3.3.0:process[m [1m(process-resource-bundles)[m @ [36mhg-pd-common[0;1m ---[m
[[1;34mINFO[m] Preparing remote bundle org.apache:apache-jar-resource-bundle:1.4
[[1;34mINFO[m] Copying 3 resources from 1 bundle.
[[1;33mWARNING[m] Failed to build parent project for org.apache.hugegraph:hugegraph-pd:pom:1.7.0
[[1;34mINFO[m] 
[[1;34mINFO[m] [1m--- [0;32mmaven-resources-plugin:3.1.0:resources[m [1m(default-resources)[m @ [36mhg-pd-common[0;1m ---[m
[[1;34mINFO[m] Using 'UTF-8' encoding to copy filtered resources.
[[1;34mINFO[m] skip non existing resourceDirectory /home/zy/code/hugegraph/hugegraph-pd/hg-pd-common/src/main/resources
[[1;34mINFO[m] Copying 3 resources
[[1;34mINFO[m] 
[[1;34mINFO[m] [1m--- [0;32mflatten-maven-plugin:1.2.7:flatten[m [1m(flatten)[m @ [36mhg-pd-common[0;1m ---[m
[[1;34mINFO[m] Generating flattened POM of project org.apache.hugegraph:hg-pd-common:jar:1.7.0...
[[1;34mINFO[m] 
[[1;34mINFO[m] [1m--- [0;32mmaven-compiler-plugin:3.1:compile[m [1m(default-compile)[m @ [36mhg-pd-common[0;1m ---[m
[[1;34mINFO[m] Nothing to compile - all classes are up to date
[[1;34mINFO[m] 
[[1;34mINFO[m] [1m--- [0;32mmaven-resources-plugin:3.1.0:testResources[m [1m(default-testResources)[m @ [36mhg-pd-common[0;1m ---[m
[[1;34mINFO[m] Using 'UTF-8' encoding to copy filtered resources.
[[1;34mINFO[m] skip non existing resourceDirectory /home/zy/code/hugegraph/hugegraph-pd/hg-pd-common/src/test/resources
[[1;34mINFO[m] Copying 3 resources
[[1;34mINFO[m] 
[[1;34mINFO[m] [1m--- [0;32mmaven-compiler-plugin:3.1:testCompile[m [1m(default-testCompile)[m @ [36mhg-pd-common[0;1m ---[m
[[1;34mINFO[m] No sources to compile
[[1;34mINFO[m] 
[[1;34mINFO[m] [1m--- [0;32mmaven-surefire-plugin:2.20:test[m [1m(default-test)[m @ [36mhg-pd-common[0;1m ---[m
[[1;34mINFO[m] 
[[1;34mINFO[m] [1m--- [0;32mmaven-surefire-plugin:2.20:test[m [1m(pd-common-test)[m @ [36mhg-pd-common[0;1m ---[m
[[1;34mINFO[m] Skipping execution of surefire because it has already been run for this configuration
[[1;34mINFO[m] 
[[1;34mINFO[m] [1m--- [0;32mmaven-surefire-plugin:2.20:test[m [1m(pd-core-test)[m @ [36mhg-pd-common[0;1m ---[m
[[1;34mINFO[m] Skipping execution of surefire because it has already been run for this configuration
[[1;34mINFO[m] 
[[1;34mINFO[m] [1m--- [0;32mmaven-surefire-plugin:2.20:test[m [1m(pd-client-test)[m @ [36mhg-pd-common[0;1m ---[m
[[1;34mINFO[m] Skipping execution of surefire because it has already been run for this configuration
[[1;34mINFO[m] 
[[1;34mINFO[m] [1m--- [0;32mmaven-surefire-plugin:2.20:test[m [1m(pd-rest-test)[m @ [36mhg-pd-common[0;1m ---[m
[[1;34mINFO[m] Skipping execution of surefire because it has already been run for this configuration
[[1;34mINFO[m] 
[[1;34mINFO[m] [1m-----------------< [0;36morg.apache.hugegraph:hg-pd-client[0;1m >------------------[m
[[1;34mINFO[m] [1mBuilding hg-pd-client 1.7.0                                       [7/19][m
[[1;34mINFO[m] [1m--------------------------------[ jar ]---------------------------------[m
[[1;34mINFO[m] 
[[1;34mINFO[m] [1m--- [0;32mmaven-enforcer-plugin:1.4.1:enforce[m [1m(enforce-maven-version)[m @ [36mhg-pd-client[0;1m ---[m
[[1;34mINFO[m] 
[[1;34mINFO[m] [1m--- [0;32mapache-rat-plugin:0.13:check[m [1m(license-check)[m @ [36mhg-pd-client[0;1m ---[m
[[1;34mINFO[m] Enabled default license matchers.
[[1;34mINFO[m] Will parse SCM ignores for exclusions...
[[1;34mINFO[m] Finished adding exclusions from SCM ignore files.
[[1;34mINFO[m] 62 implicit excludes (use -debug for more details).
[[1;34mINFO[m] 44 explicit excludes (use -debug for more details).
[[1;34mINFO[m] 34 resources included (use -debug for more details)
[[1;34mINFO[m] Rat check: Summary over all files. Unapproved: 0, unknown: 0, generated: 0, approved: 34 licenses.
[[1;34mINFO[m] 
[[1;34mINFO[m] [1m--- [0;32mjacoco-maven-plugin:0.8.8:prepare-agent[m [1m(default)[m @ [36mhg-pd-client[0;1m ---[m
[[1;34mINFO[m] argLine set to -javaagent:/home/zy/.m2/repository/org/jacoco/org.jacoco.agent/0.8.8/org.jacoco.agent-0.8.8-runtime.jar=destfile=/home/zy/code/hugegraph/hugegraph-pd/hg-pd-client/target/jacoco.exec,append=true,excludes=**/grpc/**.*:**/config/**.*
[[1;34mINFO[m] 
[[1;34mINFO[m] [1m--- [0;32mmaven-remote-resources-plugin:3.3.0:process[m [1m(process-resource-bundles)[m @ [36mhg-pd-client[0;1m ---[m
[[1;34mINFO[m] Preparing remote bundle org.apache:apache-jar-resource-bundle:1.4
[[1;34mINFO[m] Copying 3 resources from 1 bundle.
[[1;33mWARNING[m] Failed to build parent project for org.apache.hugegraph:hugegraph-pd:pom:1.7.0
[[1;33mWARNING[m] Failed to build parent project for org.apache.hugegraph:hugegraph-pd:pom:1.7.0
[[1;34mINFO[m] 
[[1;34mINFO[m] [1m--- [0;32mmaven-resources-plugin:3.1.0:resources[m [1m(default-resources)[m @ [36mhg-pd-client[0;1m ---[m
[[1;34mINFO[m] Using 'UTF-8' encoding to copy filtered resources.
[[1;34mINFO[m] skip non existing resourceDirectory /home/zy/code/hugegraph/hugegraph-pd/hg-pd-client/src/main/resources
[[1;34mINFO[m] Copying 3 resources
[[1;34mINFO[m] 
[[1;34mINFO[m] [1m--- [0;32mflatten-maven-plugin:1.2.7:flatten[m [1m(flatten)[m @ [36mhg-pd-client[0;1m ---[m
[[1;34mINFO[m] Generating flattened POM of project org.apache.hugegraph:hg-pd-client:jar:1.7.0...
[[1;34mINFO[m] 
[[1;34mINFO[m] [1m--- [0;32mmaven-compiler-plugin:3.1:compile[m [1m(default-compile)[m @ [36mhg-pd-client[0;1m ---[m
[[1;34mINFO[m] Nothing to compile - all classes are up to date
[[1;34mINFO[m] 
[[1;34mINFO[m] [1m--- [0;32mmaven-resources-plugin:3.1.0:testResources[m [1m(default-testResources)[m @ [36mhg-pd-client[0;1m ---[m
[[1;34mINFO[m] Using 'UTF-8' encoding to copy filtered resources.
[[1;34mINFO[m] Copying 1 resource
[[1;34mINFO[m] Copying 3 resources
[[1;34mINFO[m] 
[[1;34mINFO[m] [1m--- [0;32mmaven-compiler-plugin:3.1:testCompile[m [1m(default-testCompile)[m @ [36mhg-pd-client[0;1m ---[m
[[1;34mINFO[m] Nothing to compile - all classes are up to date
[[1;34mINFO[m] 
[[1;34mINFO[m] [1m--- [0;32mmaven-surefire-plugin:2.20:test[m [1m(default-test)[m @ [36mhg-pd-client[0;1m ---[m
[[1;34mINFO[m] 
[[1;34mINFO[m] [1m--- [0;32mmaven-surefire-plugin:2.20:test[m [1m(pd-common-test)[m @ [36mhg-pd-client[0;1m ---[m
[[1;34mINFO[m] Skipping execution of surefire because it has already been run for this configuration
[[1;34mINFO[m] 
[[1;34mINFO[m] [1m--- [0;32mmaven-surefire-plugin:2.20:test[m [1m(pd-core-test)[m @ [36mhg-pd-client[0;1m ---[m
[[1;34mINFO[m] Skipping execution of surefire because it has already been run for this configuration
[[1;34mINFO[m] 
[[1;34mINFO[m] [1m--- [0;32mmaven-surefire-plugin:2.20:test[m [1m(pd-client-test)[m @ [36mhg-pd-client[0;1m ---[m
[[1;34mINFO[m] Skipping execution of surefire because it has already been run for this configuration
[[1;34mINFO[m] 
[[1;34mINFO[m] [1m--- [0;32mmaven-surefire-plugin:2.20:test[m [1m(pd-rest-test)[m @ [36mhg-pd-client[0;1m ---[m
[[1;34mINFO[m] Skipping execution of surefire because it has already been run for this configuration
[[1;34mINFO[m] 
[[1;34mINFO[m] [1m---------------< [0;36morg.apache.hugegraph:hugegraph-struct[0;1m >----------------[m
[[1;34mINFO[m] [1mBuilding hugegraph-struct 1.7.0                                   [8/19][m
[[1;34mINFO[m] [1m--------------------------------[ jar ]---------------------------------[m
[[1;33mWARNING[m] The artifact org.lz4:lz4-java:jar:1.8.1 has been relocated to at.yawk.lz4:lz4-java:jar:1.8.1
[[1;34mINFO[m] 
[[1;34mINFO[m] [1m--- [0;32mmaven-enforcer-plugin:1.4.1:enforce[m [1m(enforce-maven-version)[m @ [36mhugegraph-struct[0;1m ---[m
[[1;34mINFO[m] 
[[1;34mINFO[m] [1m--- [0;32mapache-rat-plugin:0.13:check[m [1m(license-check)[m @ [36mhugegraph-struct[0;1m ---[m
[[1;34mINFO[m] Enabled default license matchers.
[[1;34mINFO[m] Will parse SCM ignores for exclusions...
[[1;34mINFO[m] Finished adding exclusions from SCM ignore files.
[[1;34mINFO[m] 62 implicit excludes (use -debug for more details).
[[1;34mINFO[m] 44 explicit excludes (use -debug for more details).
[[1;34mINFO[m] 91 resources included (use -debug for more details)
[[1;34mINFO[m] Rat check: Summary over all files. Unapproved: 0, unknown: 0, generated: 0, approved: 91 licenses.
[[1;34mINFO[m] 
[[1;34mINFO[m] [1m--- [0;32mmaven-remote-resources-plugin:3.3.0:process[m [1m(process-resource-bundles)[m @ [36mhugegraph-struct[0;1m ---[m
[[1;34mINFO[m] Preparing remote bundle org.apache:apache-jar-resource-bundle:1.4
[[1;34mINFO[m] Copying 3 resources from 1 bundle.
[[1;33mWARNING[m] Failed to build parent project for org.apache.hugegraph:hugegraph-pd:pom:1.7.0
[[1;33mWARNING[m] Failed to build parent project for org.apache.hugegraph:hugegraph-pd:pom:1.7.0
[[1;33mWARNING[m] Failed to build parent project for org.apache.hugegraph:hugegraph-pd:pom:1.7.0
[[1;33mWARNING[m] Failed to build parent project for org.apache.hugegraph:hugegraph-commons:pom:1.7.0
[[1;34mINFO[m] 
[[1;34mINFO[m] [1m--- [0;32mmaven-resources-plugin:3.1.0:resources[m [1m(default-resources)[m @ [36mhugegraph-struct[0;1m ---[m
[[1;34mINFO[m] Using 'UTF-8' encoding to copy filtered resources.
[[1;34mINFO[m] skip non existing resourceDirectory /home/zy/code/hugegraph/hugegraph-struct/src/main/resources
[[1;34mINFO[m] Copying 3 resources
[[1;34mINFO[m] 
[[1;34mINFO[m] [1m--- [0;32mmaven-compiler-plugin:3.1:compile[m [1m(default-compile)[m @ [36mhugegraph-struct[0;1m ---[m
[[1;34mINFO[m] Nothing to compile - all classes are up to date
[[1;34mINFO[m] 
[[1;34mINFO[m] [1m--- [0;32mmaven-resources-plugin:3.1.0:testResources[m [1m(default-testResources)[m @ [36mhugegraph-struct[0;1m ---[m
[[1;34mINFO[m] Using 'UTF-8' encoding to copy filtered resources.
[[1;34mINFO[m] skip non existing resourceDirectory /home/zy/code/hugegraph/hugegraph-struct/src/test/resources
[[1;34mINFO[m] Copying 3 resources
[[1;34mINFO[m] 
[[1;34mINFO[m] [1m--- [0;32mmaven-compiler-plugin:3.1:testCompile[m [1m(default-testCompile)[m @ [36mhugegraph-struct[0;1m ---[m
[[1;34mINFO[m] Nothing to compile - all classes are up to date
[[1;34mINFO[m] 
[[1;34mINFO[m] [1m--- [0;32mmaven-surefire-plugin:2.22.0:test[m [1m(default-test)[m @ [36mhugegraph-struct[0;1m ---[m
[[1;34mINFO[m] 
[[1;34mINFO[m] [1m----------------< [0;36morg.apache.hugegraph:hugegraph-store[0;1m >----------------[m
[[1;34mINFO[m] [1mBuilding hugegraph-store 1.7.0                                    [9/19][m
[[1;34mINFO[m] [1m--------------------------------[ pom ]---------------------------------[m
[[1;34mINFO[m] 
[[1;34mINFO[m] [1m--- [0;32mmaven-enforcer-plugin:1.4.1:enforce[m [1m(enforce-maven-version)[m @ [36mhugegraph-store[0;1m ---[m
[[1;34mINFO[m] 
[[1;34mINFO[m] [1m--- [0;32mapache-rat-plugin:0.13:check[m [1m(license-check)[m @ [36mhugegraph-store[0;1m ---[m
[[1;34mINFO[m] Enabled default license matchers.
[[1;34mINFO[m] Will parse SCM ignores for exclusions...
[[1;34mINFO[m] Parsing exclusions from /home/zy/code/hugegraph/hugegraph-store/.gitignore
[[1;34mINFO[m] Finished adding exclusions from SCM ignore files.
[[1;34mINFO[m] 74 implicit excludes (use -debug for more details).
[[1;34mINFO[m] 44 explicit excludes (use -debug for more details).
[[1;34mINFO[m] 2 resources included (use -debug for more details)
[[1;34mINFO[m] Rat check: Summary over all files. Unapproved: 0, unknown: 0, generated: 0, approved: 2 licenses.
[[1;34mINFO[m] 
[[1;34mINFO[m] [1m--- [0;32mjacoco-maven-plugin:0.8.8:prepare-agent[m [1m(default)[m @ [36mhugegraph-store[0;1m ---[m
[[1;34mINFO[m] argLine set to -javaagent:/home/zy/.m2/repository/org/jacoco/org.jacoco.agent/0.8.8/org.jacoco.agent-0.8.8-runtime.jar=destfile=/home/zy/code/hugegraph/hugegraph-store/target/jacoco.exec,append=true
[[1;34mINFO[m] 
[[1;34mINFO[m] [1m--- [0;32mmaven-remote-resources-plugin:3.3.0:process[m [1m(process-resource-bundles)[m @ [36mhugegraph-store[0;1m ---[m
[[1;34mINFO[m] Preparing remote bundle org.apache:apache-jar-resource-bundle:1.4
[[1;34mINFO[m] Copying 3 resources from 1 bundle.
[[1;34mINFO[m] 
[[1;34mINFO[m] [1m--- [0;32mflatten-maven-plugin:1.2.7:flatten[m [1m(flatten)[m @ [36mhugegraph-store[0;1m ---[m
[[1;34mINFO[m] Generating flattened POM of project org.apache.hugegraph:hugegraph-store:pom:1.7.0...
[[1;34mINFO[m] 
[[1;34mINFO[m] [1m--- [0;32mmaven-surefire-plugin:2.20:test[m [1m(store-client-test)[m @ [36mhugegraph-store[0;1m ---[m
[[1;34mINFO[m] No tests to run.
[[1;34mINFO[m] 
[[1;34mINFO[m] [1m--- [0;32mmaven-surefire-plugin:2.20:test[m [1m(store-core-test)[m @ [36mhugegraph-store[0;1m ---[m
[[1;34mINFO[m] No tests to run.
[[1;34mINFO[m] Skipping execution of surefire because it has already been run for this configuration
[[1;34mINFO[m] 
[[1;34mINFO[m] [1m--- [0;32mmaven-surefire-plugin:2.20:test[m [1m(store-common-test)[m @ [36mhugegraph-store[0;1m ---[m
[[1;34mINFO[m] No tests to run.
[[1;34mINFO[m] Skipping execution of surefire because it has already been run for this configuration
[[1;34mINFO[m] 
[[1;34mINFO[m] [1m--- [0;32mmaven-surefire-plugin:2.20:test[m [1m(store-rocksdb-test)[m @ [36mhugegraph-store[0;1m ---[m
[[1;34mINFO[m] No tests to run.
[[1;34mINFO[m] Skipping execution of surefire because it has already been run for this configuration
[[1;34mINFO[m] 
[[1;34mINFO[m] [1m--- [0;32mmaven-surefire-plugin:2.20:test[m [1m(store-server-test)[m @ [36mhugegraph-store[0;1m ---[m
[[1;34mINFO[m] No tests to run.
[[1;34mINFO[m] Skipping execution of surefire because it has already been run for this configuration
[[1;34mINFO[m] 
[[1;34mINFO[m] [1m--- [0;32mmaven-surefire-plugin:2.20:test[m [1m(store-raftcore-test)[m @ [36mhugegraph-store[0;1m ---[m
[[1;34mINFO[m] No tests to run.
[[1;34mINFO[m] Skipping execution of surefire because it has already been run for this configuration
[[1;34mINFO[m] 
[[1;34mINFO[m] [1m----------------< [0;36morg.apache.hugegraph:hg-store-common[0;1m >----------------[m
[[1;34mINFO[m] [1mBuilding hg-store-common 1.7.0                                   [10/19][m
[[1;34mINFO[m] [1m--------------------------------[ jar ]---------------------------------[m
[[1;34mINFO[m] 
[[1;34mINFO[m] [1m--- [0;32mmaven-enforcer-plugin:1.4.1:enforce[m [1m(enforce-maven-version)[m @ [36mhg-store-common[0;1m ---[m
[[1;34mINFO[m] 
[[1;34mINFO[m] [1m--- [0;32mapache-rat-plugin:0.13:check[m [1m(license-check)[m @ [36mhg-store-common[0;1m ---[m
[[1;34mINFO[m] Enabled default license matchers.
[[1;34mINFO[m] Will parse SCM ignores for exclusions...
[[1;34mINFO[m] Finished adding exclusions from SCM ignore files.
[[1;34mINFO[m] 62 implicit excludes (use -debug for more details).
[[1;34mINFO[m] 44 explicit excludes (use -debug for more details).
[[1;34mINFO[m] 24 resources included (use -debug for more details)
[[1;34mINFO[m] Rat check: Summary over all files. Unapproved: 0, unknown: 0, generated: 0, approved: 24 licenses.
[[1;34mINFO[m] 
[[1;34mINFO[m] [1m--- [0;32mjacoco-maven-plugin:0.8.8:prepare-agent[m [1m(default)[m @ [36mhg-store-common[0;1m ---[m
[[1;34mINFO[m] argLine set to -javaagent:/home/zy/.m2/repository/org/jacoco/org.jacoco.agent/0.8.8/org.jacoco.agent-0.8.8-runtime.jar=destfile=/home/zy/code/hugegraph/hugegraph-store/hg-store-common/target/jacoco.exec,append=true
[[1;34mINFO[m] 
[[1;34mINFO[m] [1m--- [0;32mmaven-remote-resources-plugin:3.3.0:process[m [1m(process-resource-bundles)[m @ [36mhg-store-common[0;1m ---[m
[[1;34mINFO[m] Preparing remote bundle org.apache:apache-jar-resource-bundle:1.4
[[1;34mINFO[m] Copying 3 resources from 1 bundle.
[[1;33mWARNING[m] Failed to build parent project for org.apache.hugegraph:hugegraph-pd:pom:1.7.0
[[1;33mWARNING[m] Failed to build parent project for org.apache.hugegraph:hugegraph-pd:pom:1.7.0
[[1;33mWARNING[m] Failed to build parent project for org.apache.hugegraph:hugegraph-pd:pom:1.7.0
[[1;33mWARNING[m] Failed to build parent project for org.apache.hugegraph:hugegraph-commons:pom:1.7.0
[[1;34mINFO[m] 
[[1;34mINFO[m] [1m--- [0;32mmaven-resources-plugin:3.1.0:resources[m [1m(default-resources)[m @ [36mhg-store-common[0;1m ---[m
[[1;34mINFO[m] Using 'UTF-8' encoding to copy filtered resources.
[[1;34mINFO[m] skip non existing resourceDirectory /home/zy/code/hugegraph/hugegraph-store/hg-store-common/src/main/resources
[[1;34mINFO[m] Copying 3 resources
[[1;34mINFO[m] 
[[1;34mINFO[m] [1m--- [0;32mflatten-maven-plugin:1.2.7:flatten[m [1m(flatten)[m @ [36mhg-store-common[0;1m ---[m
[[1;34mINFO[m] Generating flattened POM of project org.apache.hugegraph:hg-store-common:jar:1.7.0...
[[1;34mINFO[m] 
[[1;34mINFO[m] [1m--- [0;32mmaven-compiler-plugin:3.1:compile[m [1m(default-compile)[m @ [36mhg-store-common[0;1m ---[m
[[1;34mINFO[m] Nothing to compile - all classes are up to date
[[1;34mINFO[m] 
[[1;34mINFO[m] [1m--- [0;32mmaven-resources-plugin:3.1.0:testResources[m [1m(default-testResources)[m @ [36mhg-store-common[0;1m ---[m
[[1;34mINFO[m] Using 'UTF-8' encoding to copy filtered resources.
[[1;34mINFO[m] skip non existing resourceDirectory /home/zy/code/hugegraph/hugegraph-store/hg-store-common/src/test/resources
[[1;34mINFO[m] Copying 3 resources
[[1;34mINFO[m] 
[[1;34mINFO[m] [1m--- [0;32mmaven-compiler-plugin:3.1:testCompile[m [1m(default-testCompile)[m @ [36mhg-store-common[0;1m ---[m
[[1;34mINFO[m] No sources to compile
[[1;34mINFO[m] 
[[1;34mINFO[m] [1m--- [0;32mmaven-surefire-plugin:2.20:test[m [1m(default-test)[m @ [36mhg-store-common[0;1m ---[m
[[1;34mINFO[m] 
[[1;34mINFO[m] [1m--- [0;32mmaven-surefire-plugin:2.20:test[m [1m(store-client-test)[m @ [36mhg-store-common[0;1m ---[m
[[1;34mINFO[m] Skipping execution of surefire because it has already been run for this configuration
[[1;34mINFO[m] 
[[1;34mINFO[m] [1m--- [0;32mmaven-surefire-plugin:2.20:test[m [1m(store-core-test)[m @ [36mhg-store-common[0;1m ---[m
[[1;34mINFO[m] Skipping execution of surefire because it has already been run for this configuration
[[1;34mINFO[m] 
[[1;34mINFO[m] [1m--- [0;32mmaven-surefire-plugin:2.20:test[m [1m(store-common-test)[m @ [36mhg-store-common[0;1m ---[m
[[1;34mINFO[m] Skipping execution of surefire because it has already been run for this configuration
[[1;34mINFO[m] 
[[1;34mINFO[m] [1m--- [0;32mmaven-surefire-plugin:2.20:test[m [1m(store-rocksdb-test)[m @ [36mhg-store-common[0;1m ---[m
[[1;34mINFO[m] Skipping execution of surefire because it has already been run for this configuration
[[1;34mINFO[m] 
[[1;34mINFO[m] [1m--- [0;32mmaven-surefire-plugin:2.20:test[m [1m(store-server-test)[m @ [36mhg-store-common[0;1m ---[m
[[1;34mINFO[m] Skipping execution of surefire because it has already been run for this configuration
[[1;34mINFO[m] 
[[1;34mINFO[m] [1m--- [0;32mmaven-surefire-plugin:2.20:test[m [1m(store-raftcore-test)[m @ [36mhg-store-common[0;1m ---[m
[[1;34mINFO[m] Skipping execution of surefire because it has already been run for this configuration
[[1;34mINFO[m] 
[[1;34mINFO[m] [1m---------------< [0;36morg.apache.hugegraph:hugegraph-server[0;1m >----------------[m
[[1;34mINFO[m] [1mBuilding hugegraph-server 1.7.0                                  [11/19][m
[[1;34mINFO[m] [1m--------------------------------[ pom ]---------------------------------[m
[[1;34mINFO[m] 
[[1;34mINFO[m] [1m--- [0;32mmaven-enforcer-plugin:1.4.1:enforce[m [1m(enforce-maven-version)[m @ [36mhugegraph-server[0;1m ---[m
[[1;34mINFO[m] 
[[1;34mINFO[m] [1m--- [0;32mapache-rat-plugin:0.13:check[m [1m(license-check)[m @ [36mhugegraph-server[0;1m ---[m
[[1;34mINFO[m] Enabled default license matchers.
[[1;34mINFO[m] Will parse SCM ignores for exclusions...
[[1;34mINFO[m] Finished adding exclusions from SCM ignore files.
[[1;34mINFO[m] 70 implicit excludes (use -debug for more details).
[[1;34mINFO[m] 44 explicit excludes (use -debug for more details).
[[1;34mINFO[m] 3 resources included (use -debug for more details)
[[1;34mINFO[m] Rat check: Summary over all files. Unapproved: 0, unknown: 0, generated: 0, approved: 3 licenses.
[[1;34mINFO[m] 
[[1;34mINFO[m] [1m--- [0;32mmaven-checkstyle-plugin:3.1.2:check[m [1m(validate)[m @ [36mhugegraph-server[0;1m ---[m
[[1;34mINFO[m] Starting audit...
Audit done.
[[1;34mINFO[m] You have 0 Checkstyle violations.
[[1;34mINFO[m] 
[[1;34mINFO[m] [1m--- [0;32mmaven-remote-resources-plugin:3.3.0:process[m [1m(process-resource-bundles)[m @ [36mhugegraph-server[0;1m ---[m
[[1;34mINFO[m] Preparing remote bundle org.apache:apache-jar-resource-bundle:1.4
[[1;34mINFO[m] Copying 3 resources from 1 bundle.
[[1;34mINFO[m] 
[[1;34mINFO[m] [1m--- [0;32mflatten-maven-plugin:1.2.7:flatten[m [1m(flatten)[m @ [36mhugegraph-server[0;1m ---[m
[[1;34mINFO[m] Generating flattened POM of project org.apache.hugegraph:hugegraph-server:pom:1.7.0...
[[1;34mINFO[m] 
[[1;34mINFO[m] [1m--- [0;32mmaven-surefire-plugin:2.22.0:test[m [1m(core-test)[m @ [36mhugegraph-server[0;1m ---[m
[[1;34mINFO[m] No tests to run.
[[1;34mINFO[m] 
[[1;34mINFO[m] [1m----------------< [0;36morg.apache.hugegraph:hugegraph-core[0;1m >-----------------[m
[[1;34mINFO[m] [1mBuilding hugegraph-core 1.7.0                                    [12/19][m
[[1;34mINFO[m] [1m--------------------------------[ jar ]---------------------------------[m
[[1;33mWARNING[m] The artifact org.lz4:lz4-java:jar:1.8.1 has been relocated to at.yawk.lz4:lz4-java:jar:1.8.1
[[1;34mINFO[m] 
[[1;34mINFO[m] [1m--- [0;32mmaven-enforcer-plugin:1.4.1:enforce[m [1m(enforce-maven-version)[m @ [36mhugegraph-core[0;1m ---[m
[[1;34mINFO[m] 
[[1;34mINFO[m] [1m--- [0;32mapache-rat-plugin:0.13:check[m [1m(license-check)[m @ [36mhugegraph-core[0;1m ---[m
[[1;34mINFO[m] Enabled default license matchers.
[[1;34mINFO[m] Will parse SCM ignores for exclusions...
[[1;34mINFO[m] Finished adding exclusions from SCM ignore files.
[[1;34mINFO[m] 62 implicit excludes (use -debug for more details).
[[1;34mINFO[m] 44 explicit excludes (use -debug for more details).
[[1;34mINFO[m] 472 resources included (use -debug for more details)
[[1;34mINFO[m] Rat check: Summary over all files. Unapproved: 0, unknown: 0, generated: 0, approved: 472 licenses.
[[1;34mINFO[m] 
[[1;34mINFO[m] [1m--- [0;32mmaven-checkstyle-plugin:3.1.2:check[m [1m(validate)[m @ [36mhugegraph-core[0;1m ---[m
[[1;34mINFO[m] Starting audit...
[INFO] /home/zy/code/hugegraph/hugegraph-server/hugegraph-core/src/main/java/org/apache/hugegraph/task/HugeTask.java:866:17: 'array initialization' child has incorrect indentation level 16, expected level should be 12. [Indentation]
[INFO] /home/zy/code/hugegraph/hugegraph-server/hugegraph-core/src/main/java/org/apache/hugegraph/task/HugeTask.java:867:17: 'array initialization' child has incorrect indentation level 16, expected level should be 12. [Indentation]
[INFO] /home/zy/code/hugegraph/hugegraph-server/hugegraph-core/src/main/java/org/apache/hugegraph/task/ServerInfoManager.java:28:8: Unused import - org.apache.hugegraph.exception.ConnectionException. [UnusedImports]
[INFO] /home/zy/code/hugegraph/hugegraph-server/hugegraph-core/src/main/java/org/apache/hugegraph/task/StandardTaskScheduler.java:292:5: 'METHOD_DEF' should be separated from previous line. [EmptyLineSeparator]
[INFO] /home/zy/code/hugegraph/hugegraph-server/hugegraph-core/src/main/java/org/apache/hugegraph/k8s/K8sRegister.java:144:22: 'static' modifier out of order with the JLS suggestions. [ModifierOrder]
[INFO] /home/zy/code/hugegraph/hugegraph-server/hugegraph-core/src/main/java/org/apache/hugegraph/k8s/K8sRegister.java:144:41: Name 'instance' must match pattern '^[A-Z][A-Z0-9]*(_[A-Z0-9]+)*$'. [ConstantName]
[INFO] /home/zy/code/hugegraph/hugegraph-server/hugegraph-core/src/main/java/org/apache/hugegraph/k8s/K8sManager.java:30:15: Using the '.*' form of import should be avoided - java.io.*. [AvoidStarImport]
[INFO] /home/zy/code/hugegraph/hugegraph-server/hugegraph-core/src/main/java/org/apache/hugegraph/k8s/K8sManager.java:82:39: Empty catch block. [EmptyCatchBlock]
[INFO] /home/zy/code/hugegraph/hugegraph-server/hugegraph-core/src/main/java/org/apache/hugegraph/k8s/K8sManager.java:157:9: switch without "default" clause. [MissingSwitchDefault]
[INFO] /home/zy/code/hugegraph/hugegraph-server/hugegraph-core/src/main/java/org/apache/hugegraph/k8s/K8sManager.java:160:13: Fall through from previous branch of the switch statement. [FallThrough]
[INFO] /home/zy/code/hugegraph/hugegraph-server/hugegraph-core/src/main/java/org/apache/hugegraph/k8s/K8sManager.java:173:9: switch without "default" clause. [MissingSwitchDefault]
[INFO] /home/zy/code/hugegraph/hugegraph-server/hugegraph-core/src/main/java/org/apache/hugegraph/k8s/K8sManager.java:273:47: Empty catch block. [EmptyCatchBlock]
[INFO] /home/zy/code/hugegraph/hugegraph-server/hugegraph-core/src/main/java/org/apache/hugegraph/k8s/K8sDriver.java:20:39: Using the '.*' form of import should be avoided - io.fabric8.kubernetes.api.model.*. [AvoidStarImport]
[INFO] /home/zy/code/hugegraph/hugegraph-server/hugegraph-core/src/main/java/org/apache/hugegraph/k8s/K8sDriver.java:28:36: Using the '.*' form of import should be avoided - io.fabric8.kubernetes.client.*. [AvoidStarImport]
[INFO] /home/zy/code/hugegraph/hugegraph-server/hugegraph-core/src/main/java/org/apache/hugegraph/k8s/K8sDriver.java:45:17: Using the '.*' form of import should be avoided - java.util.*. [AvoidStarImport]
[INFO] /home/zy/code/hugegraph/hugegraph-server/hugegraph-core/src/main/java/org/apache/hugegraph/k8s/K8sDriver.java:755:33: Empty catch block. [EmptyCatchBlock]
[INFO] /home/zy/code/hugegraph/hugegraph-server/hugegraph-core/src/main/java/org/apache/hugegraph/masterelection/StandardClusterRoleStore.java:129:52: Empty catch block. [EmptyCatchBlock]
[INFO] /home/zy/code/hugegraph/hugegraph-server/hugegraph-core/src/main/java/org/apache/hugegraph/backend/store/BackendProviderFactory.java:46:77: Name 'providers' must match pattern '^[A-Z][A-Z0-9]*(_[A-Z0-9]+)*$'. [ConstantName]
[INFO] /home/zy/code/hugegraph/hugegraph-server/hugegraph-core/src/main/java/org/apache/hugegraph/backend/store/BackendProviderFactory.java:62:24: '+' should be on the previous line. [OperatorWrap]
[INFO] /home/zy/code/hugegraph/hugegraph-server/hugegraph-core/src/main/java/org/apache/hugegraph/backend/serializer/BytesBuffer.java:875:10: Comment has incorrect indentation level 9, expected is 8, indentation should be the same level as line 876. [CommentsIndentation]
[INFO] /home/zy/code/hugegraph/hugegraph-server/hugegraph-core/src/main/java/org/apache/hugegraph/backend/serializer/SerializerFactory.java:28:75: Name 'serializers' must match pattern '^[A-Z][A-Z0-9]*(_[A-Z0-9]+)*$'. [ConstantName]
[INFO] /home/zy/code/hugegraph/hugegraph-server/hugegraph-core/src/main/java/org/apache/hugegraph/backend/tx/IdCounter.java:38:70: Name 'ids' must match pattern '^[A-Z][A-Z0-9]*(_[A-Z0-9]+)*$'. [ConstantName]
[INFO] /home/zy/code/hugegraph/hugegraph-server/hugegraph-core/src/main/java/org/apache/hugegraph/backend/query/QueryResults.java:35:8: Unused import - org.apache.hugegraph.iterator.MapperIterator. [UnusedImports]
[INFO] /home/zy/code/hugegraph/hugegraph-server/hugegraph-core/src/main/java/org/apache/hugegraph/backend/query/ConditionQuery.java:81:31: Name 'gson' must match pattern '^[A-Z][A-Z0-9]*(_[A-Z0-9]+)*$'. [ConstantName]
[INFO] /home/zy/code/hugegraph/hugegraph-server/hugegraph-core/src/main/java/org/apache/hugegraph/backend/query/Query.java:647: Line is longer than 120 characters (found 124). [LineLength]
[INFO] /home/zy/code/hugegraph/hugegraph-server/hugegraph-core/src/main/java/org/apache/hugegraph/backend/cache/CachedSchemaTransactionV2.java:65:40: Name 'metaEventListenerRegistered' must match pattern '^[A-Z][A-Z0-9]*(_[A-Z0-9]+)*$'. [ConstantName]
[INFO] /home/zy/code/hugegraph/hugegraph-server/hugegraph-core/src/main/java/org/apache/hugegraph/backend/cache/CachedSchemaTransactionV2.java:228:23: '?' should be on the previous line. [OperatorWrap]
[INFO] /home/zy/code/hugegraph/hugegraph-server/hugegraph-core/src/main/java/org/apache/hugegraph/backend/id/EdgeId.java:44:13: 'array initialization' child has incorrect indentation level 12, expected level should be 8. [Indentation]
[INFO] /home/zy/code/hugegraph/hugegraph-server/hugegraph-core/src/main/java/org/apache/hugegraph/backend/id/EdgeId.java:45:13: 'array initialization' child has incorrect indentation level 12, expected level should be 8. [Indentation]
[INFO] /home/zy/code/hugegraph/hugegraph-server/hugegraph-core/src/main/java/org/apache/hugegraph/backend/id/EdgeId.java:46:13: 'array initialization' child has incorrect indentation level 12, expected level should be 8. [Indentation]
[INFO] /home/zy/code/hugegraph/hugegraph-server/hugegraph-core/src/main/java/org/apache/hugegraph/backend/id/EdgeId.java:47:13: 'array initialization' child has incorrect indentation level 12, expected level should be 8. [Indentation]
[INFO] /home/zy/code/hugegraph/hugegraph-server/hugegraph-core/src/main/java/org/apache/hugegraph/backend/id/EdgeId.java:48:13: 'array initialization' child has incorrect indentation level 12, expected level should be 8. [Indentation]
[INFO] /home/zy/code/hugegraph/hugegraph-server/hugegraph-core/src/main/java/org/apache/hugegraph/backend/id/EdgeId.java:49:13: 'array initialization' child has incorrect indentation level 12, expected level should be 8. [Indentation]
[INFO] /home/zy/code/hugegraph/hugegraph-server/hugegraph-core/src/main/java/org/apache/hugegraph/meta/lock/EtcdDistributedLock.java:40:19: 'static' modifier out of order with the JLS suggestions. [ModifierOrder]
[INFO] /home/zy/code/hugegraph/hugegraph-server/hugegraph-core/src/main/java/org/apache/hugegraph/meta/lock/EtcdDistributedLock.java:40:33: Name 'mutex' must match pattern '^[A-Z][A-Z0-9]*(_[A-Z0-9]+)*$'. [ConstantName]
[INFO] /home/zy/code/hugegraph/hugegraph-server/hugegraph-core/src/main/java/org/apache/hugegraph/meta/lock/EtcdDistributedLock.java:46:30: Name 'poolSize' must match pattern '^[A-Z][A-Z0-9]*(_[A-Z0-9]+)*$'. [ConstantName]
[INFO] /home/zy/code/hugegraph/hugegraph-server/hugegraph-core/src/main/java/org/apache/hugegraph/meta/lock/PdDistributedLock.java:32:30: Name 'poolSize' must match pattern '^[A-Z][A-Z0-9]*(_[A-Z0-9]+)*$'. [ConstantName]
[INFO] /home/zy/code/hugegraph/hugegraph-server/hugegraph-core/src/main/java/org/apache/hugegraph/meta/managers/ConfigMetaManager.java:124:5: 'METHOD_DEF' has more than 1 empty lines before. [EmptyLineSeparator]
[INFO] /home/zy/code/hugegraph/hugegraph-server/hugegraph-core/src/main/java/org/apache/hugegraph/meta/managers/SchemaMetaManager.java:63:1: Comment has incorrect indentation level 0, expected is 8, indentation should be the same level as line 64. [CommentsIndentation]
[INFO] /home/zy/code/hugegraph/hugegraph-server/hugegraph-core/src/main/java/org/apache/hugegraph/meta/managers/SchemaMetaManager.java:67: Prohibit invoking System.out.println in source code ! [RegexpSingleline]
[INFO] /home/zy/code/hugegraph/hugegraph-server/hugegraph-core/src/main/java/org/apache/hugegraph/meta/managers/SchemaMetaManager.java:70: Prohibit invoking System.out.println in source code ! [RegexpSingleline]
[INFO] /home/zy/code/hugegraph/hugegraph-server/hugegraph-core/src/main/java/org/apache/hugegraph/meta/managers/SchemaMetaManager.java:70:1: Comment has incorrect indentation level 0, expected is 8, indentation should be the same level as line 64. [CommentsIndentation]
[INFO] /home/zy/code/hugegraph/hugegraph-server/hugegraph-core/src/main/java/org/apache/hugegraph/meta/EtcdMetaDriver.java:122:18: Local variable name 'KeyFile' must match pattern '^[a-z]([a-zA-Z0-9]*)?$'. [LocalVariableName]
[INFO] /home/zy/code/hugegraph/hugegraph-server/hugegraph-core/src/main/java/org/apache/hugegraph/util/Consumers.java:49:21: Member name 'QUEUE_END' must match pattern '^[a-z][a-zA-Z0-9]*$'. [MemberName]
[INFO] /home/zy/code/hugegraph/hugegraph-server/hugegraph-core/src/main/java/org/apache/hugegraph/util/SafeDateUtil.java:29:69: Name 'simpleDateFormats' must match pattern '^[A-Z][A-Z0-9]*(_[A-Z0-9]+)*$'. [ConstantName]
[INFO] /home/zy/code/hugegraph/hugegraph-server/hugegraph-core/src/main/java/org/apache/hugegraph/memory/consumer/impl/id/StringIdOffHeap.java:30:1: Illegal import - org.jetbrains.annotations.TestOnly. [IllegalImport]
[INFO] /home/zy/code/hugegraph/hugegraph-server/hugegraph-core/src/main/java/org/apache/hugegraph/memory/consumer/impl/id/QueryIdOffHeap.java:73:5: Definition of 'equals()' without corresponding definition of 'hashCode()'. [EqualsHashCode]
[INFO] /home/zy/code/hugegraph/hugegraph-server/hugegraph-core/src/main/java/org/apache/hugegraph/memory/util/OutOfMemoryException.java:17:1: 'package' should be separated from previous line. [EmptyLineSeparator]
[INFO] /home/zy/code/hugegraph/hugegraph-server/hugegraph-core/src/main/java/org/apache/hugegraph/memory/util/RoundUtil.java:17:1: 'package' should be separated from previous line. [EmptyLineSeparator]
[INFO] /home/zy/code/hugegraph/hugegraph-server/hugegraph-core/src/main/java/org/apache/hugegraph/memory/util/OffHeapMemoryUtil.java:49: Prohibit invoking System.out.println in source code ! [RegexpSingleline]
[INFO] /home/zy/code/hugegraph/hugegraph-server/hugegraph-core/src/main/java/org/apache/hugegraph/memory/util/OffHeapMemoryUtil.java:92:9: 'if' construct must use '{}'s. [NeedBraces]
[INFO] /home/zy/code/hugegraph/hugegraph-server/hugegraph-core/src/main/java/org/apache/hugegraph/memory/MemoryManager.java:38:1: Illegal import - org.jetbrains.annotations.TestOnly. [IllegalImport]
[INFO] /home/zy/code/hugegraph/hugegraph-server/hugegraph-core/src/main/java/org/apache/hugegraph/memory/pool/AbstractMemoryPool.java:32:1: Illegal import - org.jetbrains.annotations.TestOnly. [IllegalImport]
[INFO] /home/zy/code/hugegraph/hugegraph-server/hugegraph-core/src/main/java/org/apache/hugegraph/memory/pool/MemoryPool.java:23:1: Illegal import - org.jetbrains.annotations.TestOnly. [IllegalImport]
[INFO] /home/zy/code/hugegraph/hugegraph-server/hugegraph-core/src/main/java/org/apache/hugegraph/memory/pool/impl/TaskMemoryPool.java:37:24: Member name 'CURRENT_WORKING_OPERATOR_MEMORY_POOL' must match pattern '^[a-z][a-zA-Z0-9]*$'. [MemberName]
[INFO] /home/zy/code/hugegraph/hugegraph-server/hugegraph-core/src/main/java/org/apache/hugegraph/memory/pool/impl/TaskMemoryPool.java:103:38: WhitespaceAround: '{' is not preceded with whitespace. [WhitespaceAround]
[INFO] /home/zy/code/hugegraph/hugegraph-server/hugegraph-core/src/main/java/org/apache/hugegraph/memory/pool/impl/MemoryPoolStats.java:37:35: Parameter name 'MemoryPoolName' must match pattern '^[a-z]([a-zA-Z0-9]*)?$'. [ParameterName]
[INFO] /home/zy/code/hugegraph/hugegraph-server/hugegraph-core/src/main/java/org/apache/hugegraph/auth/HugeResource.java:22:8: Unused import - java.util.Arrays. [UnusedImports]
[INFO] /home/zy/code/hugegraph/hugegraph-server/hugegraph-core/src/main/java/org/apache/hugegraph/auth/HugeResource.java:305:5: 'CLASS_DEF' should be separated from previous line. [EmptyLineSeparator]
[INFO] /home/zy/code/hugegraph/hugegraph-server/hugegraph-core/src/main/java/org/apache/hugegraph/auth/HugeBelong.java:115:5: 'METHOD_DEF' should be separated from previous line. [EmptyLineSeparator]
[INFO] /home/zy/code/hugegraph/hugegraph-server/hugegraph-core/src/main/java/org/apache/hugegraph/auth/HugeBelong.java:131:5: 'METHOD_DEF' has more than 1 empty lines before. [EmptyLineSeparator]
[INFO] /home/zy/code/hugegraph/hugegraph-server/hugegraph-core/src/main/java/org/apache/hugegraph/auth/SchemaDefine.java:241:21: 'array initialization' child has incorrect indentation level 20, expected level should be 16. [Indentation]
[INFO] /home/zy/code/hugegraph/hugegraph-server/hugegraph-core/src/main/java/org/apache/hugegraph/auth/SchemaDefine.java:243:21: 'array initialization' child has incorrect indentation level 20, expected level should be 16. [Indentation]
[INFO] /home/zy/code/hugegraph/hugegraph-server/hugegraph-core/src/main/java/org/apache/hugegraph/auth/SchemaDefine.java:245:21: 'array initialization' child has incorrect indentation level 20, expected level should be 16. [Indentation]
[INFO] /home/zy/code/hugegraph/hugegraph-server/hugegraph-core/src/main/java/org/apache/hugegraph/auth/SchemaDefine.java:246:21: 'array initialization' child has incorrect indentation level 20, expected level should be 16. [Indentation]
[INFO] /home/zy/code/hugegraph/hugegraph-server/hugegraph-core/src/main/java/org/apache/hugegraph/auth/SchemaDefine.java:247:21: 'array initialization' child has incorrect indentation level 20, expected level should be 16. [Indentation]
[INFO] /home/zy/code/hugegraph/hugegraph-server/hugegraph-core/src/main/java/org/apache/hugegraph/auth/SchemaDefine.java:248:21: 'array initialization' child has incorrect indentation level 20, expected level should be 16. [Indentation]
[INFO] /home/zy/code/hugegraph/hugegraph-server/hugegraph-core/src/main/java/org/apache/hugegraph/auth/SchemaDefine.java:259:44: Empty catch block. [EmptyCatchBlock]
[INFO] /home/zy/code/hugegraph/hugegraph-server/hugegraph-core/src/main/java/org/apache/hugegraph/space/register/RegisterConfig.java:17:1: 'package' should be separated from previous line. [EmptyLineSeparator]
[INFO] /home/zy/code/hugegraph/hugegraph-server/hugegraph-core/src/main/java/org/apache/hugegraph/space/register/RegisterConfig.java:166:24: Local variable name 'this$grpcAddress' must match pattern '^[a-z]([a-zA-Z0-9]*)?$'. [LocalVariableName]
[INFO] /home/zy/code/hugegraph/hugegraph-server/hugegraph-core/src/main/java/org/apache/hugegraph/space/register/RegisterConfig.java:167:24: Local variable name 'other$grpcAddress' must match pattern '^[a-z]([a-zA-Z0-9]*)?$'. [LocalVariableName]
[INFO] /home/zy/code/hugegraph/hugegraph-server/hugegraph-core/src/main/java/org/apache/hugegraph/space/register/RegisterConfig.java:176:24: Local variable name 'this$appName' must match pattern '^[a-z]([a-zA-Z0-9]*)?$'. [LocalVariableName]
[INFO] /home/zy/code/hugegraph/hugegraph-server/hugegraph-core/src/main/java/org/apache/hugegraph/space/register/RegisterConfig.java:177:24: Local variable name 'other$appName' must match pattern '^[a-z]([a-zA-Z0-9]*)?$'. [LocalVariableName]
[INFO] /home/zy/code/hugegraph/hugegraph-server/hugegraph-core/src/main/java/org/apache/hugegraph/space/register/RegisterConfig.java:186:24: Local variable name 'this$nodeName' must match pattern '^[a-z]([a-zA-Z0-9]*)?$'. [LocalVariableName]
[INFO] /home/zy/code/hugegraph/hugegraph-server/hugegraph-core/src/main/java/org/apache/hugegraph/space/register/RegisterConfig.java:187:24: Local variable name 'other$nodeName' must match pattern '^[a-z]([a-zA-Z0-9]*)?$'. [LocalVariableName]
[INFO] /home/zy/code/hugegraph/hugegraph-server/hugegraph-core/src/main/java/org/apache/hugegraph/space/register/RegisterConfig.java:196:24: Local variable name 'this$nodePort' must match pattern '^[a-z]([a-zA-Z0-9]*)?$'. [LocalVariableName]
[INFO] /home/zy/code/hugegraph/hugegraph-server/hugegraph-core/src/main/java/org/apache/hugegraph/space/register/RegisterConfig.java:197:24: Local variable name 'other$nodePort' must match pattern '^[a-z]([a-zA-Z0-9]*)?$'. [LocalVariableName]
[INFO] /home/zy/code/hugegraph/hugegraph-server/hugegraph-core/src/main/java/org/apache/hugegraph/space/register/RegisterConfig.java:206:24: Local variable name 'this$podIp' must match pattern '^[a-z]([a-zA-Z0-9]*)?$'. [LocalVariableName]
[INFO] /home/zy/code/hugegraph/hugegraph-server/hugegraph-core/src/main/java/org/apache/hugegraph/space/register/RegisterConfig.java:207:24: Local variable name 'other$podIp' must match pattern '^[a-z]([a-zA-Z0-9]*)?$'. [LocalVariableName]
[INFO] /home/zy/code/hugegraph/hugegraph-server/hugegraph-core/src/main/java/org/apache/hugegraph/space/register/RegisterConfig.java:216:24: Local variable name 'this$podPort' must match pattern '^[a-z]([a-zA-Z0-9]*)?$'. [LocalVariableName]
[INFO] /home/zy/code/hugegraph/hugegraph-server/hugegraph-core/src/main/java/org/apache/hugegraph/space/register/RegisterConfig.java:217:24: Local variable name 'other$podPort' must match pattern '^[a-z]([a-zA-Z0-9]*)?$'. [LocalVariableName]
[INFO] /home/zy/code/hugegraph/hugegraph-server/hugegraph-core/src/main/java/org/apache/hugegraph/space/register/RegisterConfig.java:226:24: Local variable name 'this$version' must match pattern '^[a-z]([a-zA-Z0-9]*)?$'. [LocalVariableName]
[INFO] /home/zy/code/hugegraph/hugegraph-server/hugegraph-core/src/main/java/org/apache/hugegraph/space/register/RegisterConfig.java:227:24: Local variable name 'other$version' must match pattern '^[a-z]([a-zA-Z0-9]*)?$'. [LocalVariableName]
[INFO] /home/zy/code/hugegraph/hugegraph-server/hugegraph-core/src/main/java/org/apache/hugegraph/space/register/RegisterConfig.java:236:24: Local variable name 'this$labelMap' must match pattern '^[a-z]([a-zA-Z0-9]*)?$'. [LocalVariableName]
[INFO] /home/zy/code/hugegraph/hugegraph-server/hugegraph-core/src/main/java/org/apache/hugegraph/space/register/RegisterConfig.java:237:24: Local variable name 'other$labelMap' must match pattern '^[a-z]([a-zA-Z0-9]*)?$'. [LocalVariableName]
[INFO] /home/zy/code/hugegraph/hugegraph-server/hugegraph-core/src/main/java/org/apache/hugegraph/space/register/RegisterConfig.java:246:24: Local variable name 'this$urls' must match pattern '^[a-z]([a-zA-Z0-9]*)?$'. [LocalVariableName]
[INFO] /home/zy/code/hugegraph/hugegraph-server/hugegraph-core/src/main/java/org/apache/hugegraph/space/register/RegisterConfig.java:247:24: Local variable name 'other$urls' must match pattern '^[a-z]([a-zA-Z0-9]*)?$'. [LocalVariableName]
[INFO] /home/zy/code/hugegraph/hugegraph-server/hugegraph-core/src/main/java/org/apache/hugegraph/space/register/RegisterConfig.java:259:28: Local variable name 'this$ddsHost' must match pattern '^[a-z]([a-zA-Z0-9]*)?$'. [LocalVariableName]
[INFO] /home/zy/code/hugegraph/hugegraph-server/hugegraph-core/src/main/java/org/apache/hugegraph/space/register/RegisterConfig.java:260:28: Local variable name 'other$ddsHost' must match pattern '^[a-z]([a-zA-Z0-9]*)?$'. [LocalVariableName]
[INFO] /home/zy/code/hugegraph/hugegraph-server/hugegraph-core/src/main/java/org/apache/hugegraph/space/register/RegisterConfig.java:269:28: Local variable name 'this$ddsSlave' must match pattern '^[a-z]([a-zA-Z0-9]*)?$'. [LocalVariableName]
[INFO] /home/zy/code/hugegraph/hugegraph-server/hugegraph-core/src/main/java/org/apache/hugegraph/space/register/RegisterConfig.java:270:28: Local variable name 'other$ddsSlave' must match pattern '^[a-z]([a-zA-Z0-9]*)?$'. [LocalVariableName]
[INFO] /home/zy/code/hugegraph/hugegraph-server/hugegraph-core/src/main/java/org/apache/hugegraph/space/register/RegisterConfig.java:279:28: Local variable name 'this$consumer' must match pattern '^[a-z]([a-zA-Z0-9]*)?$'. [LocalVariableName]
[INFO] /home/zy/code/hugegraph/hugegraph-server/hugegraph-core/src/main/java/org/apache/hugegraph/space/register/RegisterConfig.java:280:28: Local variable name 'other$consumer' must match pattern '^[a-z]([a-zA-Z0-9]*)?$'. [LocalVariableName]
[INFO] /home/zy/code/hugegraph/hugegraph-server/hugegraph-core/src/main/java/org/apache/hugegraph/space/register/RegisterConfig.java:283:23: 'else' construct must use '{}'s. [NeedBraces]
[INFO] /home/zy/code/hugegraph/hugegraph-server/hugegraph-core/src/main/java/org/apache/hugegraph/space/register/RegisterConfig.java:294:13: Local variable name 'PRIME' must match pattern '^[a-z]([a-zA-Z0-9]*)?$'. [LocalVariableName]
[INFO] /home/zy/code/hugegraph/hugegraph-server/hugegraph-core/src/main/java/org/apache/hugegraph/space/register/RegisterConfig.java:296:16: Local variable name '$grpcAddress' must match pattern '^[a-z]([a-zA-Z0-9]*)?$'. [LocalVariableName]
[INFO] /home/zy/code/hugegraph/hugegraph-server/hugegraph-core/src/main/java/org/apache/hugegraph/space/register/RegisterConfig.java:298:16: Local variable name '$appName' must match pattern '^[a-z]([a-zA-Z0-9]*)?$'. [LocalVariableName]
[INFO] /home/zy/code/hugegraph/hugegraph-server/hugegraph-core/src/main/java/org/apache/hugegraph/space/register/RegisterConfig.java:300:16: Local variable name '$nodeName' must match pattern '^[a-z]([a-zA-Z0-9]*)?$'. [LocalVariableName]
[INFO] /home/zy/code/hugegraph/hugegraph-server/hugegraph-core/src/main/java/org/apache/hugegraph/space/register/RegisterConfig.java:302:16: Local variable name '$nodePort' must match pattern '^[a-z]([a-zA-Z0-9]*)?$'. [LocalVariableName]
[INFO] /home/zy/code/hugegraph/hugegraph-server/hugegraph-core/src/main/java/org/apache/hugegraph/space/register/RegisterConfig.java:304:16: Local variable name '$podIp' must match pattern '^[a-z]([a-zA-Z0-9]*)?$'. [LocalVariableName]
[INFO] /home/zy/code/hugegraph/hugegraph-server/hugegraph-core/src/main/java/org/apache/hugegraph/space/register/RegisterConfig.java:306:16: Local variable name '$podPort' must match pattern '^[a-z]([a-zA-Z0-9]*)?$'. [LocalVariableName]
[INFO] /home/zy/code/hugegraph/hugegraph-server/hugegraph-core/src/main/java/org/apache/hugegraph/space/register/RegisterConfig.java:308:16: Local variable name '$version' must match pattern '^[a-z]([a-zA-Z0-9]*)?$'. [LocalVariableName]
[INFO] /home/zy/code/hugegraph/hugegraph-server/hugegraph-core/src/main/java/org/apache/hugegraph/space/register/RegisterConfig.java:310:16: Local variable name '$labelMap' must match pattern '^[a-z]([a-zA-Z0-9]*)?$'. [LocalVariableName]
[INFO] /home/zy/code/hugegraph/hugegraph-server/hugegraph-core/src/main/java/org/apache/hugegraph/space/register/RegisterConfig.java:312:16: Local variable name '$urls' must match pattern '^[a-z]([a-zA-Z0-9]*)?$'. [LocalVariableName]
[INFO] /home/zy/code/hugegraph/hugegraph-server/hugegraph-core/src/main/java/org/apache/hugegraph/space/register/RegisterConfig.java:315:16: Local variable name '$ddsHost' must match pattern '^[a-z]([a-zA-Z0-9]*)?$'. [LocalVariableName]
[INFO] /home/zy/code/hugegraph/hugegraph-server/hugegraph-core/src/main/java/org/apache/hugegraph/space/register/RegisterConfig.java:317:16: Local variable name '$ddsSlave' must match pattern '^[a-z]([a-zA-Z0-9]*)?$'. [LocalVariableName]
[INFO] /home/zy/code/hugegraph/hugegraph-server/hugegraph-core/src/main/java/org/apache/hugegraph/space/register/RegisterConfig.java:319:16: Local variable name '$consumer' must match pattern '^[a-z]([a-zA-Z0-9]*)?$'. [LocalVariableName]
[INFO] /home/zy/code/hugegraph/hugegraph-server/hugegraph-core/src/main/java/org/apache/hugegraph/space/register/registerImpl/SampleRegister.java:18:9: Package name 'org.apache.hugegraph.space.register.registerImpl' must match pattern '^[a-z]+(\.[a-z][a-z0-9]*)*$'. [PackageName]
[INFO] /home/zy/code/hugegraph/hugegraph-server/hugegraph-core/src/main/java/org/apache/hugegraph/space/register/registerImpl/SampleRegister.java:32:8: Unused import - org.apache.hugegraph.space.register.dto.PortDTO. [UnusedImports]
[INFO] /home/zy/code/hugegraph/hugegraph-server/hugegraph-core/src/main/java/org/apache/hugegraph/space/register/registerImpl/SampleRegister.java:66:39: Empty catch block. [EmptyCatchBlock]
[INFO] /home/zy/code/hugegraph/hugegraph-server/hugegraph-core/src/main/java/org/apache/hugegraph/space/register/registerImpl/SampleRegister.java:77: Prohibit invoking System.out.println in source code ! [RegexpSingleline]
[INFO] /home/zy/code/hugegraph/hugegraph-server/hugegraph-core/src/main/java/org/apache/hugegraph/space/register/registerImpl/SampleRegister.java:95: Prohibit invoking System.out.println in source code ! [RegexpSingleline]
[INFO] /home/zy/code/hugegraph/hugegraph-server/hugegraph-core/src/main/java/org/apache/hugegraph/space/register/registerImpl/PdRegister.java:18:9: Package name 'org.apache.hugegraph.space.register.registerImpl' must match pattern '^[a-z]+(\.[a-z][a-z0-9]*)*$'. [PackageName]
[INFO] /home/zy/code/hugegraph/hugegraph-server/hugegraph-core/src/main/java/org/apache/hugegraph/space/register/registerImpl/PdRegister.java:112:49: Empty catch block. [EmptyCatchBlock]
[INFO] /home/zy/code/hugegraph/hugegraph-server/hugegraph-core/src/main/java/org/apache/hugegraph/space/register/registerImpl/PdRegister.java:185: Prohibit invoking System.out.println in source code ! [RegexpSingleline]
[INFO] /home/zy/code/hugegraph/hugegraph-server/hugegraph-core/src/main/java/org/apache/hugegraph/space/register/registerImpl/PdRegister.java:187:35: Empty catch block. [EmptyCatchBlock]
[INFO] /home/zy/code/hugegraph/hugegraph-server/hugegraph-core/src/main/java/org/apache/hugegraph/space/register/registerImpl/PdRegister.java:212: Prohibit invoking System.out.println in source code ! [RegexpSingleline]
[INFO] /home/zy/code/hugegraph/hugegraph-server/hugegraph-core/src/main/java/org/apache/hugegraph/space/register/registerImpl/PdRegister.java:214:35: Empty catch block. [EmptyCatchBlock]
[INFO] /home/zy/code/hugegraph/hugegraph-server/hugegraph-core/src/main/java/org/apache/hugegraph/space/register/registerImpl/PdRegister.java:231: Prohibit invoking System.out.println in source code ! [RegexpSingleline]
[INFO] /home/zy/code/hugegraph/hugegraph-server/hugegraph-core/src/main/java/org/apache/hugegraph/space/register/registerImpl/PdRegister.java:274:42: Empty catch block. [EmptyCatchBlock]
[INFO] /home/zy/code/hugegraph/hugegraph-server/hugegraph-core/src/main/java/org/apache/hugegraph/space/register/registerImpl/PdRegister.java:288:38: Empty catch block. [EmptyCatchBlock]
[INFO] /home/zy/code/hugegraph/hugegraph-server/hugegraph-core/src/main/java/org/apache/hugegraph/space/register/registerImpl/PdRegister.java:300:38: Empty catch block. [EmptyCatchBlock]
[INFO] /home/zy/code/hugegraph/hugegraph-server/hugegraph-core/src/main/java/org/apache/hugegraph/space/register/registerImpl/PdRegister.java:376:51: Empty catch block. [EmptyCatchBlock]
[INFO] /home/zy/code/hugegraph/hugegraph-server/hugegraph-core/src/main/java/org/apache/hugegraph/space/register/registerImpl/PdRegister.java:379:43: Empty catch block. [EmptyCatchBlock]
[INFO] /home/zy/code/hugegraph/hugegraph-server/hugegraph-core/src/main/java/org/apache/hugegraph/space/register/dto/MetadataDTO.java:80:24: Local variable name 'this$name' must match pattern '^[a-z]([a-zA-Z0-9]*)?$'. [LocalVariableName]
[INFO] /home/zy/code/hugegraph/hugegraph-server/hugegraph-core/src/main/java/org/apache/hugegraph/space/register/dto/MetadataDTO.java:81:24: Local variable name 'other$name' must match pattern '^[a-z]([a-zA-Z0-9]*)?$'. [LocalVariableName]
[INFO] /home/zy/code/hugegraph/hugegraph-server/hugegraph-core/src/main/java/org/apache/hugegraph/space/register/dto/MetadataDTO.java:90:24: Local variable name 'this$namespace' must match pattern '^[a-z]([a-zA-Z0-9]*)?$'. [LocalVariableName]
[INFO] /home/zy/code/hugegraph/hugegraph-server/hugegraph-core/src/main/java/org/apache/hugegraph/space/register/dto/MetadataDTO.java:91:24: Local variable name 'other$namespace' must match pattern '^[a-z]([a-zA-Z0-9]*)?$'. [LocalVariableName]
[INFO] /home/zy/code/hugegraph/hugegraph-server/hugegraph-core/src/main/java/org/apache/hugegraph/space/register/dto/MetadataDTO.java:100:24: Local variable name 'this$uid' must match pattern '^[a-z]([a-zA-Z0-9]*)?$'. [LocalVariableName]
[INFO] /home/zy/code/hugegraph/hugegraph-server/hugegraph-core/src/main/java/org/apache/hugegraph/space/register/dto/MetadataDTO.java:101:24: Local variable name 'other$uid' must match pattern '^[a-z]([a-zA-Z0-9]*)?$'. [LocalVariableName]
[INFO] /home/zy/code/hugegraph/hugegraph-server/hugegraph-core/src/main/java/org/apache/hugegraph/space/register/dto/MetadataDTO.java:110:24: Local variable name 'this$resourceVersion' must match pattern '^[a-z]([a-zA-Z0-9]*)?$'. [LocalVariableName]
[INFO] /home/zy/code/hugegraph/hugegraph-server/hugegraph-core/src/main/java/org/apache/hugegraph/space/register/dto/MetadataDTO.java:111:24: Local variable name 'other$resourceVersion' must match pattern '^[a-z]([a-zA-Z0-9]*)?$'. [LocalVariableName]
[INFO] /home/zy/code/hugegraph/hugegraph-server/hugegraph-core/src/main/java/org/apache/hugegraph/space/register/dto/MetadataDTO.java:120:24: Local variable name 'this$creationTimestamp' must match pattern '^[a-z]([a-zA-Z0-9]*)?$'. [LocalVariableName]
[INFO] /home/zy/code/hugegraph/hugegraph-server/hugegraph-core/src/main/java/org/apache/hugegraph/space/register/dto/MetadataDTO.java:121:24: Local variable name 'other$creationTimestamp' must match pattern '^[a-z]([a-zA-Z0-9]*)?$'. [LocalVariableName]
[INFO] /home/zy/code/hugegraph/hugegraph-server/hugegraph-core/src/main/java/org/apache/hugegraph/space/register/dto/MetadataDTO.java:124:19: 'else' construct must use '{}'s. [NeedBraces]
[INFO] /home/zy/code/hugegraph/hugegraph-server/hugegraph-core/src/main/java/org/apache/hugegraph/space/register/dto/MetadataDTO.java:134:13: Local variable name 'PRIME' must match pattern '^[a-z]([a-zA-Z0-9]*)?$'. [LocalVariableName]
[INFO] /home/zy/code/hugegraph/hugegraph-server/hugegraph-core/src/main/java/org/apache/hugegraph/space/register/dto/MetadataDTO.java:136:16: Local variable name '$name' must match pattern '^[a-z]([a-zA-Z0-9]*)?$'. [LocalVariableName]
[INFO] /home/zy/code/hugegraph/hugegraph-server/hugegraph-core/src/main/java/org/apache/hugegraph/space/register/dto/MetadataDTO.java:138:16: Local variable name '$namespace' must match pattern '^[a-z]([a-zA-Z0-9]*)?$'. [LocalVariableName]
[INFO] /home/zy/code/hugegraph/hugegraph-server/hugegraph-core/src/main/java/org/apache/hugegraph/space/register/dto/MetadataDTO.java:140:16: Local variable name '$uid' must match pattern '^[a-z]([a-zA-Z0-9]*)?$'. [LocalVariableName]
[INFO] /home/zy/code/hugegraph/hugegraph-server/hugegraph-core/src/main/java/org/apache/hugegraph/space/register/dto/MetadataDTO.java:142:16: Local variable name '$resourceVersion' must match pattern '^[a-z]([a-zA-Z0-9]*)?$'. [LocalVariableName]
[INFO] /home/zy/code/hugegraph/hugegraph-server/hugegraph-core/src/main/java/org/apache/hugegraph/space/register/dto/MetadataDTO.java:144:16: Local variable name '$creationTimestamp' must match pattern '^[a-z]([a-zA-Z0-9]*)?$'. [LocalVariableName]
[INFO] /home/zy/code/hugegraph/hugegraph-server/hugegraph-core/src/main/java/org/apache/hugegraph/space/register/dto/EurekaDTO.java:43:24: Local variable name 'this$instance' must match pattern '^[a-z]([a-zA-Z0-9]*)?$'. [LocalVariableName]
[INFO] /home/zy/code/hugegraph/hugegraph-server/hugegraph-core/src/main/java/org/apache/hugegraph/space/register/dto/EurekaDTO.java:44:24: Local variable name 'other$instance' must match pattern '^[a-z]([a-zA-Z0-9]*)?$'. [LocalVariableName]
[INFO] /home/zy/code/hugegraph/hugegraph-server/hugegraph-core/src/main/java/org/apache/hugegraph/space/register/dto/EurekaDTO.java:47:19: 'else' construct must use '{}'s. [NeedBraces]
[INFO] /home/zy/code/hugegraph/hugegraph-server/hugegraph-core/src/main/java/org/apache/hugegraph/space/register/dto/EurekaDTO.java:57:13: Local variable name 'PRIME' must match pattern '^[a-z]([a-zA-Z0-9]*)?$'. [LocalVariableName]
[INFO] /home/zy/code/hugegraph/hugegraph-server/hugegraph-core/src/main/java/org/apache/hugegraph/space/register/dto/EurekaDTO.java:59:16: Local variable name '$instance' must match pattern '^[a-z]([a-zA-Z0-9]*)?$'. [LocalVariableName]
[INFO] /home/zy/code/hugegraph/hugegraph-server/hugegraph-core/src/main/java/org/apache/hugegraph/space/register/dto/EurekaRespDTO.java:54:24: Local variable name 'this$name' must match pattern '^[a-z]([a-zA-Z0-9]*)?$'. [LocalVariableName]
[INFO] /home/zy/code/hugegraph/hugegraph-server/hugegraph-core/src/main/java/org/apache/hugegraph/space/register/dto/EurekaRespDTO.java:55:24: Local variable name 'other$name' must match pattern '^[a-z]([a-zA-Z0-9]*)?$'. [LocalVariableName]
[INFO] /home/zy/code/hugegraph/hugegraph-server/hugegraph-core/src/main/java/org/apache/hugegraph/space/register/dto/EurekaRespDTO.java:64:24: Local variable name 'this$instance' must match pattern '^[a-z]([a-zA-Z0-9]*)?$'. [LocalVariableName]
[INFO] /home/zy/code/hugegraph/hugegraph-server/hugegraph-core/src/main/java/org/apache/hugegraph/space/register/dto/EurekaRespDTO.java:65:24: Local variable name 'other$instance' must match pattern '^[a-z]([a-zA-Z0-9]*)?$'. [LocalVariableName]
[INFO] /home/zy/code/hugegraph/hugegraph-server/hugegraph-core/src/main/java/org/apache/hugegraph/space/register/dto/EurekaRespDTO.java:68:19: 'else' construct must use '{}'s. [NeedBraces]
[INFO] /home/zy/code/hugegraph/hugegraph-server/hugegraph-core/src/main/java/org/apache/hugegraph/space/register/dto/EurekaRespDTO.java:78:13: Local variable name 'PRIME' must match pattern '^[a-z]([a-zA-Z0-9]*)?$'. [LocalVariableName]
[INFO] /home/zy/code/hugegraph/hugegraph-server/hugegraph-core/src/main/java/org/apache/hugegraph/space/register/dto/EurekaRespDTO.java:80:16: Local variable name '$name' must match pattern '^[a-z]([a-zA-Z0-9]*)?$'. [LocalVariableName]
[INFO] /home/zy/code/hugegraph/hugegraph-server/hugegraph-core/src/main/java/org/apache/hugegraph/space/register/dto/EurekaRespDTO.java:82:16: Local variable name '$instance' must match pattern '^[a-z]([a-zA-Z0-9]*)?$'. [LocalVariableName]
[INFO] /home/zy/code/hugegraph/hugegraph-server/hugegraph-core/src/main/java/org/apache/hugegraph/space/register/dto/SpecDTO.java:62:24: Local variable name 'this$ports' must match pattern '^[a-z]([a-zA-Z0-9]*)?$'. [LocalVariableName]
[INFO] /home/zy/code/hugegraph/hugegraph-server/hugegraph-core/src/main/java/org/apache/hugegraph/space/register/dto/SpecDTO.java:63:24: Local variable name 'other$ports' must match pattern '^[a-z]([a-zA-Z0-9]*)?$'. [LocalVariableName]
[INFO] /home/zy/code/hugegraph/hugegraph-server/hugegraph-core/src/main/java/org/apache/hugegraph/space/register/dto/SpecDTO.java:72:24: Local variable name 'this$clusterIP' must match pattern '^[a-z]([a-zA-Z0-9]*)?$'. [LocalVariableName]
[INFO] /home/zy/code/hugegraph/hugegraph-server/hugegraph-core/src/main/java/org/apache/hugegraph/space/register/dto/SpecDTO.java:73:24: Local variable name 'other$clusterIP' must match pattern '^[a-z]([a-zA-Z0-9]*)?$'. [LocalVariableName]
[INFO] /home/zy/code/hugegraph/hugegraph-server/hugegraph-core/src/main/java/org/apache/hugegraph/space/register/dto/SpecDTO.java:82:24: Local variable name 'this$type' must match pattern '^[a-z]([a-zA-Z0-9]*)?$'. [LocalVariableName]
[INFO] /home/zy/code/hugegraph/hugegraph-server/hugegraph-core/src/main/java/org/apache/hugegraph/space/register/dto/SpecDTO.java:83:24: Local variable name 'other$type' must match pattern '^[a-z]([a-zA-Z0-9]*)?$'. [LocalVariableName]
[INFO] /home/zy/code/hugegraph/hugegraph-server/hugegraph-core/src/main/java/org/apache/hugegraph/space/register/dto/SpecDTO.java:86:19: 'else' construct must use '{}'s. [NeedBraces]
[INFO] /home/zy/code/hugegraph/hugegraph-server/hugegraph-core/src/main/java/org/apache/hugegraph/space/register/dto/SpecDTO.java:96:13: Local variable name 'PRIME' must match pattern '^[a-z]([a-zA-Z0-9]*)?$'. [LocalVariableName]
[INFO] /home/zy/code/hugegraph/hugegraph-server/hugegraph-core/src/main/java/org/apache/hugegraph/space/register/dto/SpecDTO.java:98:16: Local variable name '$ports' must match pattern '^[a-z]([a-zA-Z0-9]*)?$'. [LocalVariableName]
[INFO] /home/zy/code/hugegraph/hugegraph-server/hugegraph-core/src/main/java/org/apache/hugegraph/space/register/dto/SpecDTO.java:100:16: Local variable name '$clusterIP' must match pattern '^[a-z]([a-zA-Z0-9]*)?$'. [LocalVariableName]
[INFO] /home/zy/code/hugegraph/hugegraph-server/hugegraph-core/src/main/java/org/apache/hugegraph/space/register/dto/SpecDTO.java:102:16: Local variable name '$type' must match pattern '^[a-z]([a-zA-Z0-9]*)?$'. [LocalVariableName]
[INFO] /home/zy/code/hugegraph/hugegraph-server/hugegraph-core/src/main/java/org/apache/hugegraph/space/register/dto/ServiceDTO.java:69:24: Local variable name 'this$kind' must match pattern '^[a-z]([a-zA-Z0-9]*)?$'. [LocalVariableName]
[INFO] /home/zy/code/hugegraph/hugegraph-server/hugegraph-core/src/main/java/org/apache/hugegraph/space/register/dto/ServiceDTO.java:70:24: Local variable name 'other$kind' must match pattern '^[a-z]([a-zA-Z0-9]*)?$'. [LocalVariableName]
[INFO] /home/zy/code/hugegraph/hugegraph-server/hugegraph-core/src/main/java/org/apache/hugegraph/space/register/dto/ServiceDTO.java:79:24: Local variable name 'this$apiVersion' must match pattern '^[a-z]([a-zA-Z0-9]*)?$'. [LocalVariableName]
[INFO] /home/zy/code/hugegraph/hugegraph-server/hugegraph-core/src/main/java/org/apache/hugegraph/space/register/dto/ServiceDTO.java:80:24: Local variable name 'other$apiVersion' must match pattern '^[a-z]([a-zA-Z0-9]*)?$'. [LocalVariableName]
[INFO] /home/zy/code/hugegraph/hugegraph-server/hugegraph-core/src/main/java/org/apache/hugegraph/space/register/dto/ServiceDTO.java:89:24: Local variable name 'this$metadata' must match pattern '^[a-z]([a-zA-Z0-9]*)?$'. [LocalVariableName]
[INFO] /home/zy/code/hugegraph/hugegraph-server/hugegraph-core/src/main/java/org/apache/hugegraph/space/register/dto/ServiceDTO.java:90:24: Local variable name 'other$metadata' must match pattern '^[a-z]([a-zA-Z0-9]*)?$'. [LocalVariableName]
[INFO] /home/zy/code/hugegraph/hugegraph-server/hugegraph-core/src/main/java/org/apache/hugegraph/space/register/dto/ServiceDTO.java:99:24: Local variable name 'this$spec' must match pattern '^[a-z]([a-zA-Z0-9]*)?$'. [LocalVariableName]
[INFO] /home/zy/code/hugegraph/hugegraph-server/hugegraph-core/src/main/java/org/apache/hugegraph/space/register/dto/ServiceDTO.java:100:24: Local variable name 'other$spec' must match pattern '^[a-z]([a-zA-Z0-9]*)?$'. [LocalVariableName]
[INFO] /home/zy/code/hugegraph/hugegraph-server/hugegraph-core/src/main/java/org/apache/hugegraph/space/register/dto/ServiceDTO.java:103:19: 'else' construct must use '{}'s. [NeedBraces]
[INFO] /home/zy/code/hugegraph/hugegraph-server/hugegraph-core/src/main/java/org/apache/hugegraph/space/register/dto/ServiceDTO.java:113:13: Local variable name 'PRIME' must match pattern '^[a-z]([a-zA-Z0-9]*)?$'. [LocalVariableName]
[INFO] /home/zy/code/hugegraph/hugegraph-server/hugegraph-core/src/main/java/org/apache/hugegraph/space/register/dto/ServiceDTO.java:115:16: Local variable name '$kind' must match pattern '^[a-z]([a-zA-Z0-9]*)?$'. [LocalVariableName]
[INFO] /home/zy/code/hugegraph/hugegraph-server/hugegraph-core/src/main/java/org/apache/hugegraph/space/register/dto/ServiceDTO.java:117:16: Local variable name '$apiVersion' must match pattern '^[a-z]([a-zA-Z0-9]*)?$'. [LocalVariableName]
[INFO] /home/zy/code/hugegraph/hugegraph-server/hugegraph-core/src/main/java/org/apache/hugegraph/space/register/dto/ServiceDTO.java:119:16: Local variable name '$metadata' must match pattern '^[a-z]([a-zA-Z0-9]*)?$'. [LocalVariableName]
[INFO] /home/zy/code/hugegraph/hugegraph-server/hugegraph-core/src/main/java/org/apache/hugegraph/space/register/dto/ServiceDTO.java:121:16: Local variable name '$spec' must match pattern '^[a-z]([a-zA-Z0-9]*)?$'. [LocalVariableName]
[INFO] /home/zy/code/hugegraph/hugegraph-server/hugegraph-core/src/main/java/org/apache/hugegraph/space/register/dto/PortDTO.java:78:24: Local variable name 'this$name' must match pattern '^[a-z]([a-zA-Z0-9]*)?$'. [LocalVariableName]
[INFO] /home/zy/code/hugegraph/hugegraph-server/hugegraph-core/src/main/java/org/apache/hugegraph/space/register/dto/PortDTO.java:79:24: Local variable name 'other$name' must match pattern '^[a-z]([a-zA-Z0-9]*)?$'. [LocalVariableName]
[INFO] /home/zy/code/hugegraph/hugegraph-server/hugegraph-core/src/main/java/org/apache/hugegraph/space/register/dto/PortDTO.java:88:24: Local variable name 'this$protocol' must match pattern '^[a-z]([a-zA-Z0-9]*)?$'. [LocalVariableName]
[INFO] /home/zy/code/hugegraph/hugegraph-server/hugegraph-core/src/main/java/org/apache/hugegraph/space/register/dto/PortDTO.java:89:24: Local variable name 'other$protocol' must match pattern '^[a-z]([a-zA-Z0-9]*)?$'. [LocalVariableName]
[INFO] /home/zy/code/hugegraph/hugegraph-server/hugegraph-core/src/main/java/org/apache/hugegraph/space/register/dto/PortDTO.java:98:24: Local variable name 'this$port' must match pattern '^[a-z]([a-zA-Z0-9]*)?$'. [LocalVariableName]
[INFO] /home/zy/code/hugegraph/hugegraph-server/hugegraph-core/src/main/java/org/apache/hugegraph/space/register/dto/PortDTO.java:99:24: Local variable name 'other$port' must match pattern '^[a-z]([a-zA-Z0-9]*)?$'. [LocalVariableName]
[INFO] /home/zy/code/hugegraph/hugegraph-server/hugegraph-core/src/main/java/org/apache/hugegraph/space/register/dto/PortDTO.java:108:24: Local variable name 'this$targetPort' must match pattern '^[a-z]([a-zA-Z0-9]*)?$'. [LocalVariableName]
[INFO] /home/zy/code/hugegraph/hugegraph-server/hugegraph-core/src/main/java/org/apache/hugegraph/space/register/dto/PortDTO.java:109:24: Local variable name 'other$targetPort' must match pattern '^[a-z]([a-zA-Z0-9]*)?$'. [LocalVariableName]
[INFO] /home/zy/code/hugegraph/hugegraph-server/hugegraph-core/src/main/java/org/apache/hugegraph/space/register/dto/PortDTO.java:118:24: Local variable name 'this$nodePort' must match pattern '^[a-z]([a-zA-Z0-9]*)?$'. [LocalVariableName]
[INFO] /home/zy/code/hugegraph/hugegraph-server/hugegraph-core/src/main/java/org/apache/hugegraph/space/register/dto/PortDTO.java:119:24: Local variable name 'other$nodePort' must match pattern '^[a-z]([a-zA-Z0-9]*)?$'. [LocalVariableName]
[INFO] /home/zy/code/hugegraph/hugegraph-server/hugegraph-core/src/main/java/org/apache/hugegraph/space/register/dto/PortDTO.java:122:19: 'else' construct must use '{}'s. [NeedBraces]
[INFO] /home/zy/code/hugegraph/hugegraph-server/hugegraph-core/src/main/java/org/apache/hugegraph/space/register/dto/PortDTO.java:132:13: Local variable name 'PRIME' must match pattern '^[a-z]([a-zA-Z0-9]*)?$'. [LocalVariableName]
[INFO] /home/zy/code/hugegraph/hugegraph-server/hugegraph-core/src/main/java/org/apache/hugegraph/space/register/dto/PortDTO.java:134:16: Local variable name '$name' must match pattern '^[a-z]([a-zA-Z0-9]*)?$'. [LocalVariableName]
[INFO] /home/zy/code/hugegraph/hugegraph-server/hugegraph-core/src/main/java/org/apache/hugegraph/space/register/dto/PortDTO.java:136:16: Local variable name '$protocol' must match pattern '^[a-z]([a-zA-Z0-9]*)?$'. [LocalVariableName]
[INFO] /home/zy/code/hugegraph/hugegraph-server/hugegraph-core/src/main/java/org/apache/hugegraph/space/register/dto/PortDTO.java:138:16: Local variable name '$port' must match pattern '^[a-z]([a-zA-Z0-9]*)?$'. [LocalVariableName]
[INFO] /home/zy/code/hugegraph/hugegraph-server/hugegraph-core/src/main/java/org/apache/hugegraph/space/register/dto/PortDTO.java:140:16: Local variable name '$targetPort' must match pattern '^[a-z]([a-zA-Z0-9]*)?$'. [LocalVariableName]
[INFO] /home/zy/code/hugegraph/hugegraph-server/hugegraph-core/src/main/java/org/apache/hugegraph/space/register/dto/PortDTO.java:142:16: Local variable name '$nodePort' must match pattern '^[a-z]([a-zA-Z0-9]*)?$'. [LocalVariableName]
[INFO] /home/zy/code/hugegraph/hugegraph-server/hugegraph-core/src/main/java/org/apache/hugegraph/space/register/dto/EurekaInstanceDTO.java:175:24: Local variable name 'this$instanceId' must match pattern '^[a-z]([a-zA-Z0-9]*)?$'. [LocalVariableName]
[INFO] /home/zy/code/hugegraph/hugegraph-server/hugegraph-core/src/main/java/org/apache/hugegraph/space/register/dto/EurekaInstanceDTO.java:176:24: Local variable name 'other$instanceId' must match pattern '^[a-z]([a-zA-Z0-9]*)?$'. [LocalVariableName]
[INFO] /home/zy/code/hugegraph/hugegraph-server/hugegraph-core/src/main/java/org/apache/hugegraph/space/register/dto/EurekaInstanceDTO.java:185:24: Local variable name 'this$ipAddr' must match pattern '^[a-z]([a-zA-Z0-9]*)?$'. [LocalVariableName]
[INFO] /home/zy/code/hugegraph/hugegraph-server/hugegraph-core/src/main/java/org/apache/hugegraph/space/register/dto/EurekaInstanceDTO.java:186:24: Local variable name 'other$ipAddr' must match pattern '^[a-z]([a-zA-Z0-9]*)?$'. [LocalVariableName]
[INFO] /home/zy/code/hugegraph/hugegraph-server/hugegraph-core/src/main/java/org/apache/hugegraph/space/register/dto/EurekaInstanceDTO.java:195:24: Local variable name 'this$port' must match pattern '^[a-z]([a-zA-Z0-9]*)?$'. [LocalVariableName]
[INFO] /home/zy/code/hugegraph/hugegraph-server/hugegraph-core/src/main/java/org/apache/hugegraph/space/register/dto/EurekaInstanceDTO.java:196:24: Local variable name 'other$port' must match pattern '^[a-z]([a-zA-Z0-9]*)?$'. [LocalVariableName]
[INFO] /home/zy/code/hugegraph/hugegraph-server/hugegraph-core/src/main/java/org/apache/hugegraph/space/register/dto/EurekaInstanceDTO.java:205:24: Local variable name 'this$hostName' must match pattern '^[a-z]([a-zA-Z0-9]*)?$'. [LocalVariableName]
[INFO] /home/zy/code/hugegraph/hugegraph-server/hugegraph-core/src/main/java/org/apache/hugegraph/space/register/dto/EurekaInstanceDTO.java:206:24: Local variable name 'other$hostName' must match pattern '^[a-z]([a-zA-Z0-9]*)?$'. [LocalVariableName]
[INFO] /home/zy/code/hugegraph/hugegraph-server/hugegraph-core/src/main/java/org/apache/hugegraph/space/register/dto/EurekaInstanceDTO.java:215:24: Local variable name 'this$app' must match pattern '^[a-z]([a-zA-Z0-9]*)?$'. [LocalVariableName]
[INFO] /home/zy/code/hugegraph/hugegraph-server/hugegraph-core/src/main/java/org/apache/hugegraph/space/register/dto/EurekaInstanceDTO.java:216:24: Local variable name 'other$app' must match pattern '^[a-z]([a-zA-Z0-9]*)?$'. [LocalVariableName]
[INFO] /home/zy/code/hugegraph/hugegraph-server/hugegraph-core/src/main/java/org/apache/hugegraph/space/register/dto/EurekaInstanceDTO.java:225:24: Local variable name 'this$status' must match pattern '^[a-z]([a-zA-Z0-9]*)?$'. [LocalVariableName]
[INFO] /home/zy/code/hugegraph/hugegraph-server/hugegraph-core/src/main/java/org/apache/hugegraph/space/register/dto/EurekaInstanceDTO.java:226:24: Local variable name 'other$status' must match pattern '^[a-z]([a-zA-Z0-9]*)?$'. [LocalVariableName]
[INFO] /home/zy/code/hugegraph/hugegraph-server/hugegraph-core/src/main/java/org/apache/hugegraph/space/register/dto/EurekaInstanceDTO.java:235:24: Local variable name 'this$metadata' must match pattern '^[a-z]([a-zA-Z0-9]*)?$'. [LocalVariableName]
[INFO] /home/zy/code/hugegraph/hugegraph-server/hugegraph-core/src/main/java/org/apache/hugegraph/space/register/dto/EurekaInstanceDTO.java:236:24: Local variable name 'other$metadata' must match pattern '^[a-z]([a-zA-Z0-9]*)?$'. [LocalVariableName]
[INFO] /home/zy/code/hugegraph/hugegraph-server/hugegraph-core/src/main/java/org/apache/hugegraph/space/register/dto/EurekaInstanceDTO.java:245:24: Local variable name 'this$dataCenterInfo' must match pattern '^[a-z]([a-zA-Z0-9]*)?$'. [LocalVariableName]
[INFO] /home/zy/code/hugegraph/hugegraph-server/hugegraph-core/src/main/java/org/apache/hugegraph/space/register/dto/EurekaInstanceDTO.java:246:24: Local variable name 'other$dataCenterInfo' must match pattern '^[a-z]([a-zA-Z0-9]*)?$'. [LocalVariableName]
[INFO] /home/zy/code/hugegraph/hugegraph-server/hugegraph-core/src/main/java/org/apache/hugegraph/space/register/dto/EurekaInstanceDTO.java:255:24: Local variable name 'this$healthCheckUrl' must match pattern '^[a-z]([a-zA-Z0-9]*)?$'. [LocalVariableName]
[INFO] /home/zy/code/hugegraph/hugegraph-server/hugegraph-core/src/main/java/org/apache/hugegraph/space/register/dto/EurekaInstanceDTO.java:256:24: Local variable name 'other$healthCheckUrl' must match pattern '^[a-z]([a-zA-Z0-9]*)?$'. [LocalVariableName]
[INFO] /home/zy/code/hugegraph/hugegraph-server/hugegraph-core/src/main/java/org/apache/hugegraph/space/register/dto/EurekaInstanceDTO.java:265:24: Local variable name 'this$secureViaAddress' must match pattern '^[a-z]([a-zA-Z0-9]*)?$'. [LocalVariableName]
[INFO] /home/zy/code/hugegraph/hugegraph-server/hugegraph-core/src/main/java/org/apache/hugegraph/space/register/dto/EurekaInstanceDTO.java:266:24: Local variable name 'other$secureViaAddress' must match pattern '^[a-z]([a-zA-Z0-9]*)?$'. [LocalVariableName]
[INFO] /home/zy/code/hugegraph/hugegraph-server/hugegraph-core/src/main/java/org/apache/hugegraph/space/register/dto/EurekaInstanceDTO.java:275:24: Local variable name 'this$vipAddress' must match pattern '^[a-z]([a-zA-Z0-9]*)?$'. [LocalVariableName]
[INFO] /home/zy/code/hugegraph/hugegraph-server/hugegraph-core/src/main/java/org/apache/hugegraph/space/register/dto/EurekaInstanceDTO.java:276:24: Local variable name 'other$vipAddress' must match pattern '^[a-z]([a-zA-Z0-9]*)?$'. [LocalVariableName]
[INFO] /home/zy/code/hugegraph/hugegraph-server/hugegraph-core/src/main/java/org/apache/hugegraph/space/register/dto/EurekaInstanceDTO.java:285:24: Local variable name 'this$securePort' must match pattern '^[a-z]([a-zA-Z0-9]*)?$'. [LocalVariableName]
[INFO] /home/zy/code/hugegraph/hugegraph-server/hugegraph-core/src/main/java/org/apache/hugegraph/space/register/dto/EurekaInstanceDTO.java:286:24: Local variable name 'other$securePort' must match pattern '^[a-z]([a-zA-Z0-9]*)?$'. [LocalVariableName]
[INFO] /home/zy/code/hugegraph/hugegraph-server/hugegraph-core/src/main/java/org/apache/hugegraph/space/register/dto/EurekaInstanceDTO.java:295:24: Local variable name 'this$homePageUrl' must match pattern '^[a-z]([a-zA-Z0-9]*)?$'. [LocalVariableName]
[INFO] /home/zy/code/hugegraph/hugegraph-server/hugegraph-core/src/main/java/org/apache/hugegraph/space/register/dto/EurekaInstanceDTO.java:296:24: Local variable name 'other$homePageUrl' must match pattern '^[a-z]([a-zA-Z0-9]*)?$'. [LocalVariableName]
[INFO] /home/zy/code/hugegraph/hugegraph-server/hugegraph-core/src/main/java/org/apache/hugegraph/space/register/dto/EurekaInstanceDTO.java:305:24: Local variable name 'this$statusPageUrl' must match pattern '^[a-z]([a-zA-Z0-9]*)?$'. [LocalVariableName]
[INFO] /home/zy/code/hugegraph/hugegraph-server/hugegraph-core/src/main/java/org/apache/hugegraph/space/register/dto/EurekaInstanceDTO.java:306:24: Local variable name 'other$statusPageUrl' must match pattern '^[a-z]([a-zA-Z0-9]*)?$'. [LocalVariableName]
[INFO] /home/zy/code/hugegraph/hugegraph-server/hugegraph-core/src/main/java/org/apache/hugegraph/space/register/dto/EurekaInstanceDTO.java:309:19: 'else' construct must use '{}'s. [NeedBraces]
[INFO] /home/zy/code/hugegraph/hugegraph-server/hugegraph-core/src/main/java/org/apache/hugegraph/space/register/dto/EurekaInstanceDTO.java:319:13: Local variable name 'PRIME' must match pattern '^[a-z]([a-zA-Z0-9]*)?$'. [LocalVariableName]
[INFO] /home/zy/code/hugegraph/hugegraph-server/hugegraph-core/src/main/java/org/apache/hugegraph/space/register/dto/EurekaInstanceDTO.java:321:16: Local variable name '$instanceId' must match pattern '^[a-z]([a-zA-Z0-9]*)?$'. [LocalVariableName]
[INFO] /home/zy/code/hugegraph/hugegraph-server/hugegraph-core/src/main/java/org/apache/hugegraph/space/register/dto/EurekaInstanceDTO.java:323:16: Local variable name '$ipAddr' must match pattern '^[a-z]([a-zA-Z0-9]*)?$'. [LocalVariableName]
[INFO] /home/zy/code/hugegraph/hugegraph-server/hugegraph-core/src/main/java/org/apache/hugegraph/space/register/dto/EurekaInstanceDTO.java:325:16: Local variable name '$port' must match pattern '^[a-z]([a-zA-Z0-9]*)?$'. [LocalVariableName]
[INFO] /home/zy/code/hugegraph/hugegraph-server/hugegraph-core/src/main/java/org/apache/hugegraph/space/register/dto/EurekaInstanceDTO.java:327:16: Local variable name '$hostName' must match pattern '^[a-z]([a-zA-Z0-9]*)?$'. [LocalVariableName]
[INFO] /home/zy/code/hugegraph/hugegraph-server/hugegraph-core/src/main/java/org/apache/hugegraph/space/register/dto/EurekaInstanceDTO.java:329:16: Local variable name '$app' must match pattern '^[a-z]([a-zA-Z0-9]*)?$'. [LocalVariableName]
[INFO] /home/zy/code/hugegraph/hugegraph-server/hugegraph-core/src/main/java/org/apache/hugegraph/space/register/dto/EurekaInstanceDTO.java:331:16: Local variable name '$status' must match pattern '^[a-z]([a-zA-Z0-9]*)?$'. [LocalVariableName]
[INFO] /home/zy/code/hugegraph/hugegraph-server/hugegraph-core/src/main/java/org/apache/hugegraph/space/register/dto/EurekaInstanceDTO.java:333:16: Local variable name '$metadata' must match pattern '^[a-z]([a-zA-Z0-9]*)?$'. [LocalVariableName]
[INFO] /home/zy/code/hugegraph/hugegraph-server/hugegraph-core/src/main/java/org/apache/hugegraph/space/register/dto/EurekaInstanceDTO.java:335:16: Local variable name '$dataCenterInfo' must match pattern '^[a-z]([a-zA-Z0-9]*)?$'. [LocalVariableName]
[INFO] /home/zy/code/hugegraph/hugegraph-server/hugegraph-core/src/main/java/org/apache/hugegraph/space/register/dto/EurekaInstanceDTO.java:337:16: Local variable name '$healthCheckUrl' must match pattern '^[a-z]([a-zA-Z0-9]*)?$'. [LocalVariableName]
[INFO] /home/zy/code/hugegraph/hugegraph-server/hugegraph-core/src/main/java/org/apache/hugegraph/space/register/dto/EurekaInstanceDTO.java:339:16: Local variable name '$secureViaAddress' must match pattern '^[a-z]([a-zA-Z0-9]*)?$'. [LocalVariableName]
[INFO] /home/zy/code/hugegraph/hugegraph-server/hugegraph-core/src/main/java/org/apache/hugegraph/space/register/dto/EurekaInstanceDTO.java:341:16: Local variable name '$vipAddress' must match pattern '^[a-z]([a-zA-Z0-9]*)?$'. [LocalVariableName]
[INFO] /home/zy/code/hugegraph/hugegraph-server/hugegraph-core/src/main/java/org/apache/hugegraph/space/register/dto/EurekaInstanceDTO.java:343:16: Local variable name '$securePort' must match pattern '^[a-z]([a-zA-Z0-9]*)?$'. [LocalVariableName]
[INFO] /home/zy/code/hugegraph/hugegraph-server/hugegraph-core/src/main/java/org/apache/hugegraph/space/register/dto/EurekaInstanceDTO.java:345:16: Local variable name '$homePageUrl' must match pattern '^[a-z]([a-zA-Z0-9]*)?$'. [LocalVariableName]
[INFO] /home/zy/code/hugegraph/hugegraph-server/hugegraph-core/src/main/java/org/apache/hugegraph/space/register/dto/EurekaInstanceDTO.java:347:16: Local variable name '$statusPageUrl' must match pattern '^[a-z]([a-zA-Z0-9]*)?$'. [LocalVariableName]
[INFO] /home/zy/code/hugegraph/hugegraph-server/hugegraph-core/src/main/java/org/apache/hugegraph/space/register/dto/ApplicationDTO.java:42:24: Local variable name 'this$application' must match pattern '^[a-z]([a-zA-Z0-9]*)?$'. [LocalVariableName]
[INFO] /home/zy/code/hugegraph/hugegraph-server/hugegraph-core/src/main/java/org/apache/hugegraph/space/register/dto/ApplicationDTO.java:43:24: Local variable name 'other$application' must match pattern '^[a-z]([a-zA-Z0-9]*)?$'. [LocalVariableName]
[INFO] /home/zy/code/hugegraph/hugegraph-server/hugegraph-core/src/main/java/org/apache/hugegraph/space/register/dto/ApplicationDTO.java:46:19: 'else' construct must use '{}'s. [NeedBraces]
[INFO] /home/zy/code/hugegraph/hugegraph-server/hugegraph-core/src/main/java/org/apache/hugegraph/space/register/dto/ApplicationDTO.java:56:13: Local variable name 'PRIME' must match pattern '^[a-z]([a-zA-Z0-9]*)?$'. [LocalVariableName]
[INFO] /home/zy/code/hugegraph/hugegraph-server/hugegraph-core/src/main/java/org/apache/hugegraph/space/register/dto/ApplicationDTO.java:58:16: Local variable name '$application' must match pattern '^[a-z]([a-zA-Z0-9]*)?$'. [LocalVariableName]
[INFO] /home/zy/code/hugegraph/hugegraph-server/hugegraph-core/src/main/java/org/apache/hugegraph/space/register/RegisterLoader.java:39:23: Empty finally block. [EmptyBlock]
[INFO] /home/zy/code/hugegraph/hugegraph-server/hugegraph-core/src/main/java/org/apache/hugegraph/space/register/RegisterPlugin.java:17:1: 'package' should be separated from previous line. [EmptyLineSeparator]
[INFO] /home/zy/code/hugegraph/hugegraph-server/hugegraph-core/src/main/java/org/apache/hugegraph/space/register/RegisterPlugin.java:68: Prohibit invoking System.out.println in source code ! [RegexpSingleline]
[INFO] /home/zy/code/hugegraph/hugegraph-server/hugegraph-core/src/main/java/org/apache/hugegraph/space/register/RegisterPlugin.java:87:34: Empty catch block. [EmptyCatchBlock]
[INFO] /home/zy/code/hugegraph/hugegraph-server/hugegraph-core/src/main/java/org/apache/hugegraph/traversal/algorithm/iterator/NestedIterator.java:38:23: Member name 'MAX_CACHED_COUNT' must match pattern '^[a-z][a-zA-Z0-9]*$'. [MemberName]
[INFO] /home/zy/code/hugegraph/hugegraph-server/hugegraph-core/src/main/java/org/apache/hugegraph/traversal/algorithm/iterator/NestedIterator.java:45:23: Member name 'MAX_VISITED_COUNT' must match pattern '^[a-z][a-zA-Z0-9]*$'. [MemberName]
[INFO] /home/zy/code/hugegraph/hugegraph-server/hugegraph-core/src/main/java/org/apache/hugegraph/traversal/optimize/HugeCountStrategy.java:19:1: 'package' should be separated from previous line. [EmptyLineSeparator]
[INFO] /home/zy/code/hugegraph/hugegraph-server/hugegraph-core/src/main/java/org/apache/hugegraph/traversal/optimize/HugePrimaryKeyStrategy.java:77:17: '||' should be on the previous line. [OperatorWrap]
[INFO] /home/zy/code/hugegraph/hugegraph-server/hugegraph-core/src/main/java/org/apache/hugegraph/job/algorithm/comm/LouvainTraverser.java:812:9: Definition of 'equals()' without corresponding definition of 'hashCode()'. [EqualsHashCode]
[INFO] /home/zy/code/hugegraph/hugegraph-server/hugegraph-core/src/main/java/org/apache/hugegraph/job/algorithm/comm/KCoreAlgorithm.java:85:26: Method name 'k' must match pattern '^[a-z][a-z0-9][a-zA-Z0-9_]*$'. [MethodName]
[INFO] /home/zy/code/hugegraph/hugegraph-server/hugegraph-core/src/main/java/org/apache/hugegraph/job/algorithm/comm/LpaAlgorithm.java:88:30: Member name 'R' must match pattern '^[a-z][a-zA-Z0-9]*$'. [MemberName]
[INFO] /home/zy/code/hugegraph/hugegraph-server/hugegraph-core/src/main/java/org/apache/hugegraph/job/algorithm/cent/ClosenessCentralityAlgorithmV2.java:17:1: 'package' should be separated from previous line. [EmptyLineSeparator]
[INFO] /home/zy/code/hugegraph/hugegraph-server/hugegraph-core/src/main/java/org/apache/hugegraph/config/CoreOptions.java:27:56: Using the '.*' form of import should be avoided - org.apache.hugegraph.config.OptionChecker.*. [AvoidStarImport]
[INFO] /home/zy/code/hugegraph/hugegraph-server/hugegraph-core/src/main/java/org/apache/hugegraph/StandardHugeGraph.java:135:13: 'array initialization' child has incorrect indentation level 12, expected level should be 8. [Indentation]
[INFO] /home/zy/code/hugegraph/hugegraph-server/hugegraph-core/src/main/java/org/apache/hugegraph/StandardHugeGraph.java:136:13: 'array initialization' child has incorrect indentation level 12, expected level should be 8. [Indentation]
[INFO] /home/zy/code/hugegraph/hugegraph-server/hugegraph-core/src/main/java/org/apache/hugegraph/StandardHugeGraph.java:137:13: 'array initialization' child has incorrect indentation level 12, expected level should be 8. [Indentation]
[INFO] /home/zy/code/hugegraph/hugegraph-server/hugegraph-core/src/main/java/org/apache/hugegraph/StandardHugeGraph.java:138:13: 'array initialization' child has incorrect indentation level 12, expected level should be 8. [Indentation]
[INFO] /home/zy/code/hugegraph/hugegraph-server/hugegraph-core/src/main/java/org/apache/hugegraph/StandardHugeGraph.java:139:13: 'array initialization' child has incorrect indentation level 12, expected level should be 8. [Indentation]
Audit done.
[[1;34mINFO[m] You have 0 Checkstyle violations.
[[1;34mINFO[m] 
[[1;34mINFO[m] [1m--- [0;32mbuild-helper-maven-plugin:1.4:add-source[m [1m(add-source)[m @ [36mhugegraph-core[0;1m ---[m
[[1;34mINFO[m] Source directory: /home/zy/code/hugegraph/hugegraph-server/hugegraph-core/target/generated-sources/protobuf/java added.
[[1;34mINFO[m] 
[[1;34mINFO[m] [1m--- [0;32mprotobuf-maven-plugin:0.6.1:compile[m [1m(default)[m @ [36mhugegraph-core[0;1m ---[m
[[1;34mINFO[m] Compiling 1 proto file(s) to /home/zy/code/hugegraph/hugegraph-server/hugegraph-core/target/generated-sources/protobuf/java
[[1;34mINFO[m] 
[[1;34mINFO[m] [1m--- [0;32mmaven-remote-resources-plugin:3.3.0:process[m [1m(process-resource-bundles)[m @ [36mhugegraph-core[0;1m ---[m
[[1;34mINFO[m] Preparing remote bundle org.apache:apache-jar-resource-bundle:1.4
[[1;34mINFO[m] Copying 3 resources from 1 bundle.
[[1;33mWARNING[m] Failed to build parent project for org.apache.hugegraph:hugegraph-commons:pom:1.7.0
[[1;33mWARNING[m] Failed to build parent project for org.apache.hugegraph:hugegraph-pd:pom:1.7.0
[[1;33mWARNING[m] Failed to build parent project for org.apache.hugegraph:hugegraph-pd:pom:1.7.0
[[1;33mWARNING[m] Failed to build parent project for org.apache.hugegraph:hugegraph-pd:pom:1.7.0
[[1;33mWARNING[m] Failed to build parent project for org.apache.hugegraph:hugegraph-store:pom:1.7.0
[[1;34mINFO[m] 
[[1;34mINFO[m] [1m--- [0;32mmaven-resources-plugin:3.1.0:resources[m [1m(default-resources)[m @ [36mhugegraph-core[0;1m ---[m
[[1;34mINFO[m] Using 'UTF-8' encoding to copy filtered resources.
[[1;34mINFO[m] Copying 3 resources
[[1;34mINFO[m] Copying 1 resource
[[1;34mINFO[m] Copying 3 resources
[[1;34mINFO[m] 
[[1;34mINFO[m] [1m--- [0;32mflatten-maven-plugin:1.2.7:flatten[m [1m(flatten)[m @ [36mhugegraph-core[0;1m ---[m
[[1;34mINFO[m] Generating flattened POM of project org.apache.hugegraph:hugegraph-core:jar:1.7.0...
[[1;34mINFO[m] 
[[1;34mINFO[m] [1m--- [0;32mmaven-compiler-plugin:3.1:compile[m [1m(default-compile)[m @ [36mhugegraph-core[0;1m ---[m
[[1;34mINFO[m] Changes detected - recompiling the module!
[[1;34mINFO[m] Compiling 471 source files to /home/zy/code/hugegraph/hugegraph-server/hugegraph-core/target/classes
[[1;33mWARNING[m] /home/zy/code/hugegraph/hugegraph-server/hugegraph-core/src/main/java/org/apache/hugegraph/util/collection/IntMap.java:[31,16] sun.misc.Unsafe is internal proprietary API and may be removed in a future release
[[1;33mWARNING[m] /home/zy/code/hugegraph/hugegraph-server/hugegraph-core/src/main/java/org/apache/hugegraph/memory/util/OffHeapMemoryUtil.java:[26,16] sun.misc.Unsafe is internal proprietary API and may be removed in a future release
[[1;33mWARNING[m] /home/zy/code/hugegraph/hugegraph-server/hugegraph-core/src/main/java/org/apache/hugegraph/util/collection/IntMapByDynamicHash.java:[26,16] sun.misc.Unsafe is internal proprietary API and may be removed in a future release
[[1;33mWARNING[m] /home/zy/code/hugegraph/hugegraph-server/hugegraph-core/src/main/java/org/apache/hugegraph/util/collection/IntMap.java:[31,16] sun.misc.Unsafe is internal proprietary API and may be removed in a future release
[[1;33mWARNING[m] /home/zy/code/hugegraph/hugegraph-server/hugegraph-core/src/main/java/org/apache/hugegraph/memory/util/OffHeapMemoryUtil.java:[26,16] sun.misc.Unsafe is internal proprietary API and may be removed in a future release
[[1;33mWARNING[m] /home/zy/code/hugegraph/hugegraph-server/hugegraph-core/src/main/java/org/apache/hugegraph/util/collection/IntMapByDynamicHash.java:[26,16] sun.misc.Unsafe is internal proprietary API and may be removed in a future release
[[1;33mWARNING[m] /home/zy/code/hugegraph/hugegraph-server/hugegraph-core/src/main/java/org/apache/hugegraph/util/collection/IntMap.java:[31,16] sun.misc.Unsafe is internal proprietary API and may be removed in a future release
[[1;33mWARNING[m] /home/zy/code/hugegraph/hugegraph-server/hugegraph-core/src/main/java/org/apache/hugegraph/memory/util/OffHeapMemoryUtil.java:[26,16] sun.misc.Unsafe is internal proprietary API and may be removed in a future release
[[1;33mWARNING[m] /home/zy/code/hugegraph/hugegraph-server/hugegraph-core/src/main/java/org/apache/hugegraph/util/collection/IntMapByDynamicHash.java:[26,16] sun.misc.Unsafe is internal proprietary API and may be removed in a future release
[[1;33mWARNING[m] /home/zy/code/hugegraph/hugegraph-server/hugegraph-core/src/main/java/org/apache/hugegraph/HugeGraph.java:[384,36] unchecked generic array creation for varargs parameter of type java.lang.Class<? extends org.apache.tinkerpop.gremlin.process.traversal.TraversalStrategy>[]
[[1;33mWARNING[m] /home/zy/code/hugegraph/hugegraph-server/hugegraph-core/src/main/java/org/apache/hugegraph/schema/VertexLabel.java:[143,39] unchecked conversion
  required: java.util.HashMap<java.lang.String,java.lang.Object>
  found:    java.util.HashMap
[[1;33mWARNING[m] /home/zy/code/hugegraph/hugegraph-server/hugegraph-core/src/main/java/org/apache/hugegraph/util/collection/IntSet.java:[552,13] sun.misc.Unsafe is internal proprietary API and may be removed in a future release
[[1;33mWARNING[m] /home/zy/code/hugegraph/hugegraph-server/hugegraph-core/src/main/java/org/apache/hugegraph/util/collection/IntSet.java:[552,13] sun.misc.Unsafe is internal proprietary API and may be removed in a future release
[[1;33mWARNING[m] /home/zy/code/hugegraph/hugegraph-server/hugegraph-core/src/main/java/org/apache/hugegraph/util/collection/IntSet.java:[552,13] sun.misc.Unsafe is internal proprietary API and may be removed in a future release
[[1;33mWARNING[m] /home/zy/code/hugegraph/hugegraph-server/hugegraph-core/src/main/java/org/apache/hugegraph/util/collection/IntMap.java:[602,5] sun.misc.Unsafe is internal proprietary API and may be removed in a future release
[[1;33mWARNING[m] /home/zy/code/hugegraph/hugegraph-server/hugegraph-core/src/main/java/org/apache/hugegraph/util/collection/IntMap.java:[602,5] sun.misc.Unsafe is internal proprietary API and may be removed in a future release
[[1;33mWARNING[m] /home/zy/code/hugegraph/hugegraph-server/hugegraph-core/src/main/java/org/apache/hugegraph/util/collection/IntMap.java:[602,5] sun.misc.Unsafe is internal proprietary API and may be removed in a future release
[[1;33mWARNING[m] /home/zy/code/hugegraph/hugegraph-server/hugegraph-core/src/main/java/org/apache/hugegraph/meta/MetaManager.java:[373,31] unchecked conversion
  required: java.util.List<java.lang.String>
  found:    java.util.List
[[1;33mWARNING[m] /home/zy/code/hugegraph/hugegraph-server/hugegraph-core/src/main/java/org/apache/hugegraph/meta/MetaManager.java:[1252,31] unchecked conversion
  required: java.util.List<java.lang.String>
  found:    java.util.List
[[1;33mWARNING[m] /home/zy/code/hugegraph/hugegraph-server/hugegraph-core/src/main/java/org/apache/hugegraph/meta/MetaManager.java:[1263,31] unchecked conversion
  required: java.util.List<java.lang.String>
  found:    java.util.List
[[1;33mWARNING[m] /home/zy/code/hugegraph/hugegraph-server/hugegraph-core/src/main/java/org/apache/hugegraph/meta/managers/AuthMetaManager.java:[76,40] unchecked method invocation: method fromMap in class org.apache.hugegraph.auth.HugeUser is applied to given types
  required: java.util.Map<java.lang.String,java.lang.Object>
  found:    java.util.Map
[[1;33mWARNING[m] /home/zy/code/hugegraph/hugegraph-server/hugegraph-core/src/main/java/org/apache/hugegraph/meta/managers/AuthMetaManager.java:[76,58] unchecked conversion
  required: java.util.Map<java.lang.String,java.lang.Object>
  found:    java.util.Map
[[1;33mWARNING[m] /home/zy/code/hugegraph/hugegraph-server/hugegraph-core/src/main/java/org/apache/hugegraph/meta/managers/AuthMetaManager.java:[95,52] unchecked conversion
  required: java.util.Map<java.lang.String,java.lang.Object>
  found:    java.util.Map
[[1;33mWARNING[m] /home/zy/code/hugegraph/hugegraph-server/hugegraph-core/src/main/java/org/apache/hugegraph/meta/managers/AuthMetaManager.java:[118,60] unchecked conversion
  required: java.util.Map<java.lang.String,java.lang.Object>
  found:    java.util.Map
[[1;33mWARNING[m] /home/zy/code/hugegraph/hugegraph-server/hugegraph-core/src/main/java/org/apache/hugegraph/meta/managers/AuthMetaManager.java:[196,52] unchecked conversion
  required: java.util.Map<java.lang.String,java.lang.Object>
  found:    java.util.Map
[[1;33mWARNING[m] /home/zy/code/hugegraph/hugegraph-server/hugegraph-core/src/main/java/org/apache/hugegraph/meta/managers/AuthMetaManager.java:[215,52] unchecked conversion
  required: java.util.Map<java.lang.String,java.lang.Object>
  found:    java.util.Map
[[1;33mWARNING[m] /home/zy/code/hugegraph/hugegraph-server/hugegraph-core/src/main/java/org/apache/hugegraph/meta/managers/AuthMetaManager.java:[224,33] unchecked method invocation: method fromMap in class org.apache.hugegraph.auth.HugeGroup is applied to given types
  required: java.util.Map<java.lang.String,java.lang.Object>
  found:    java.util.Map
[[1;33mWARNING[m] /home/zy/code/hugegraph/hugegraph-server/hugegraph-core/src/main/java/org/apache/hugegraph/meta/managers/AuthMetaManager.java:[224,51] unchecked conversion
  required: java.util.Map<java.lang.String,java.lang.Object>
  found:    java.util.Map
[[1;33mWARNING[m] /home/zy/code/hugegraph/hugegraph-server/hugegraph-core/src/main/java/org/apache/hugegraph/meta/managers/AuthMetaManager.java:[236,56] unchecked conversion
  required: java.util.Map<java.lang.String,java.lang.Object>
  found:    java.util.Map
[[1;33mWARNING[m] /home/zy/code/hugegraph/hugegraph-server/hugegraph-core/src/main/java/org/apache/hugegraph/meta/managers/AuthMetaManager.java:[835,56] unchecked conversion
  required: java.util.Map<java.lang.String,java.lang.Object>
  found:    java.util.Map
[[1;33mWARNING[m] /home/zy/code/hugegraph/hugegraph-server/hugegraph-core/src/main/java/org/apache/hugegraph/memory/consumer/impl/property/HugeVertexPropertyOffHeap.java:[83,58] unchecked cast
  required: V
  found:    java.lang.Object
[[1;33mWARNING[m] /home/zy/code/hugegraph/hugegraph-server/hugegraph-core/src/main/java/org/apache/hugegraph/task/EphemeralJobQueue.java:[197,51] unchecked call to reduce(T,T) as a member of the raw type org.apache.hugegraph.task.EphemeralJobQueue.Reduce
[[1;33mWARNING[m] /home/zy/code/hugegraph/hugegraph-server/hugegraph-core/src/main/java/org/apache/hugegraph/util/ConfigUtil.java:[61,21] unchecked call to FileBasedConfigurationBuilder(java.lang.Class<? extends T>) as a member of the raw type org.apache.commons.configuration2.builder.FileBasedConfigurationBuilder
[[1;33mWARNING[m] /home/zy/code/hugegraph/hugegraph-server/hugegraph-core/src/main/java/org/apache/hugegraph/util/ConfigUtil.java:[62,39] unchecked conversion
  required: org.apache.commons.configuration2.builder.FileBasedConfigurationBuilder<org.apache.commons.configuration2.FileBasedConfiguration>
  found:    org.apache.commons.configuration2.builder.FileBasedConfigurationBuilder
[[1;33mWARNING[m] /home/zy/code/hugegraph/hugegraph-server/hugegraph-core/src/main/java/org/apache/hugegraph/util/Consumers.java:[49,37] unchecked cast
  required: V
  found:    java.lang.Object
[[1;33mWARNING[m] /home/zy/code/hugegraph/hugegraph-server/hugegraph-core/src/main/java/org/apache/hugegraph/memory/util/OffHeapMemoryUtil.java:[32,26] sun.misc.Unsafe is internal proprietary API and may be removed in a future release
[[1;33mWARNING[m] /home/zy/code/hugegraph/hugegraph-server/hugegraph-core/src/main/java/org/apache/hugegraph/memory/util/OffHeapMemoryUtil.java:[32,26] sun.misc.Unsafe is internal proprietary API and may be removed in a future release
[[1;33mWARNING[m] /home/zy/code/hugegraph/hugegraph-server/hugegraph-core/src/main/java/org/apache/hugegraph/memory/util/OffHeapMemoryUtil.java:[32,26] sun.misc.Unsafe is internal proprietary API and may be removed in a future release
[[1;33mWARNING[m] /home/zy/code/hugegraph/hugegraph-server/hugegraph-core/src/main/java/org/apache/hugegraph/memory/util/OffHeapMemoryUtil.java:[35,9] sun.misc.Unsafe is internal proprietary API and may be removed in a future release
[[1;33mWARNING[m] /home/zy/code/hugegraph/hugegraph-server/hugegraph-core/src/main/java/org/apache/hugegraph/memory/util/OffHeapMemoryUtil.java:[37,33] sun.misc.Unsafe is internal proprietary API and may be removed in a future release
[[1;33mWARNING[m] /home/zy/code/hugegraph/hugegraph-server/hugegraph-core/src/main/java/org/apache/hugegraph/memory/util/OffHeapMemoryUtil.java:[39,23] sun.misc.Unsafe is internal proprietary API and may be removed in a future release
[[1;33mWARNING[m] /home/zy/code/hugegraph/hugegraph-server/hugegraph-core/src/main/java/org/apache/hugegraph/memory/util/OffHeapMemoryUtil.java:[82,20] sun.misc.Unsafe is internal proprietary API and may be removed in a future release
[[1;33mWARNING[m] /home/zy/code/hugegraph/hugegraph-server/hugegraph-core/src/main/java/org/apache/hugegraph/memory/util/OffHeapMemoryUtil.java:[82,20] sun.misc.Unsafe is internal proprietary API and may be removed in a future release
[[1;33mWARNING[m] /home/zy/code/hugegraph/hugegraph-server/hugegraph-core/src/main/java/org/apache/hugegraph/memory/util/OffHeapMemoryUtil.java:[82,20] sun.misc.Unsafe is internal proprietary API and may be removed in a future release
[[1;33mWARNING[m] /home/zy/code/hugegraph/hugegraph-server/hugegraph-core/src/main/java/org/apache/hugegraph/memory/util/OffHeapMemoryUtil.java:[87,9] sun.misc.Unsafe is internal proprietary API and may be removed in a future release
[[1;33mWARNING[m] /home/zy/code/hugegraph/hugegraph-server/hugegraph-core/src/main/java/org/apache/hugegraph/traversal/optimize/HugeScriptTraversal.java:[107,46] unchecked method invocation: method addStep in interface org.apache.tinkerpop.gremlin.process.traversal.Traversal.Admin is applied to given types
  required: org.apache.tinkerpop.gremlin.process.traversal.Step<?,E2>
  found:    org.apache.tinkerpop.gremlin.process.traversal.Step
[[1;33mWARNING[m] /home/zy/code/hugegraph/hugegraph-server/hugegraph-core/src/main/java/org/apache/hugegraph/variables/HugeVariables.java:[304,50] unchecked conversion
  required: java.util.Iterator<org.apache.tinkerpop.gremlin.structure.Vertex>
  found:    java.util.Iterator
[[1;33mWARNING[m] /home/zy/code/hugegraph/hugegraph-server/hugegraph-core/src/main/java/org/apache/hugegraph/variables/HugeVariables.java:[339,50] unchecked conversion
  required: java.util.Iterator<org.apache.tinkerpop.gremlin.structure.Vertex>
  found:    java.util.Iterator
[[1;33mWARNING[m] /home/zy/code/hugegraph/hugegraph-server/hugegraph-core/src/main/java/org/apache/hugegraph/variables/HugeVariables.java:[344,22] unchecked call to FilterIterator(java.util.Iterator<T>,java.util.function.Function<T,java.lang.Boolean>) as a member of the raw type org.apache.hugegraph.iterator.FilterIterator
[[1;33mWARNING[m] /home/zy/code/hugegraph/hugegraph-server/hugegraph-core/src/main/java/org/apache/hugegraph/variables/HugeVariables.java:[351,20] unchecked conversion
  required: java.util.Iterator<org.apache.tinkerpop.gremlin.structure.Vertex>
  found:    java.util.Iterator
[[1;33mWARNING[m] /home/zy/code/hugegraph/hugegraph-server/hugegraph-core/src/main/java/org/apache/hugegraph/variables/HugeVariables.java:[357,44] unchecked method invocation: method closeIterator in interface org.apache.tinkerpop.gremlin.structure.util.CloseableIterator is applied to given types
  required: java.util.Iterator<T>
  found:    java.util.Iterator
[[1;33mWARNING[m] /home/zy/code/hugegraph/hugegraph-server/hugegraph-core/src/main/java/org/apache/hugegraph/variables/HugeVariables.java:[357,45] unchecked conversion
  required: java.util.Iterator<T>
  found:    java.util.Iterator
[[1;33mWARNING[m] /home/zy/code/hugegraph/hugegraph-server/hugegraph-core/src/main/java/org/apache/hugegraph/meta/EtcdMetaDriver.java:[148,65] unchecked cast
  required: java.util.List<java.lang.String>
  found:    java.lang.Object
[[1;33mWARNING[m] /home/zy/code/hugegraph/hugegraph-server/hugegraph-core/src/main/java/org/apache/hugegraph/space/register/registerImpl/PdRegister.java:[79,65] unchecked conversion
  required: java.util.Map<java.lang.String,java.util.Set<org.apache.hugegraph.pd.client.DiscoveryClient>>
  found:    java.util.concurrent.ConcurrentHashMap
[[1;33mWARNING[m] /home/zy/code/hugegraph/hugegraph-server/hugegraph-core/src/main/java/org/apache/hugegraph/space/register/registerImpl/PdRegister.java:[80,59] unchecked conversion
  required: java.util.Map<java.lang.String,org.apache.hugegraph.space.register.RegisterConfig>
  found:    java.util.HashMap
[[1;33mWARNING[m] /home/zy/code/hugegraph/hugegraph-server/hugegraph-core/src/main/java/org/apache/hugegraph/space/register/registerImpl/PdRegister.java:[81,51] unchecked conversion
  required: java.util.Map<java.lang.String,org.apache.hugegraph.space.register.dto.EurekaDTO>
  found:    java.util.concurrent.ConcurrentHashMap
[[1;33mWARNING[m] /home/zy/code/hugegraph/hugegraph-server/hugegraph-core/src/main/java/org/apache/hugegraph/space/register/registerImpl/PdRegister.java:[263,35] unchecked conversion
  required: java.util.List<org.apache.hugegraph.space.register.dto.EurekaDTO>
  found:    java.util.ArrayList
[[1;33mWARNING[m] /home/zy/code/hugegraph/hugegraph-server/hugegraph-core/src/main/java/org/apache/hugegraph/space/register/registerImpl/PdRegister.java:[407,47] unchecked conversion
  required: java.util.Map<java.lang.String,org.apache.hugegraph.pd.grpc.discovery.NodeInfos>
  found:    java.util.HashMap
[[1;33mWARNING[m] /home/zy/code/hugegraph/hugegraph-server/hugegraph-core/src/main/java/org/apache/hugegraph/space/register/registerImpl/PdRegister.java:[446,43] unchecked method invocation: method computeIfAbsent in interface java.util.Map is applied to given types
  required: K,java.util.function.Function<? super K,? extends V>
  found:    java.lang.String,java.util.function.Function<java.lang.String,java.util.Set<org.apache.hugegraph.pd.client.DiscoveryClient>>
[[1;33mWARNING[m] /home/zy/code/hugegraph/hugegraph-server/hugegraph-core/src/main/java/org/apache/hugegraph/space/register/registerImpl/PdRegister.java:[446,80] unchecked call to add(E) as a member of the raw type java.util.Set
[[1;33mWARNING[m] /home/zy/code/hugegraph/hugegraph-server/hugegraph-core/src/main/java/org/apache/hugegraph/space/register/registerImpl/PdRegister.java:[467,43] unchecked method invocation: method computeIfAbsent in interface java.util.Map is applied to given types
  required: K,java.util.function.Function<? super K,? extends V>
  found:    java.lang.String,java.util.function.Function<java.lang.String,java.util.Set<org.apache.hugegraph.pd.client.DiscoveryClient>>
[[1;33mWARNING[m] /home/zy/code/hugegraph/hugegraph-server/hugegraph-core/src/main/java/org/apache/hugegraph/space/register/registerImpl/PdRegister.java:[467,80] unchecked call to add(E) as a member of the raw type java.util.Set
[[1;33mWARNING[m] /home/zy/code/hugegraph/hugegraph-server/hugegraph-core/src/main/java/org/apache/hugegraph/space/register/registerImpl/PdRegister.java:[488,47] unchecked method invocation: method computeIfAbsent in interface java.util.Map is applied to given types
  required: K,java.util.function.Function<? super K,? extends V>
  found:    java.lang.String,java.util.function.Function<java.lang.String,java.util.Set<org.apache.hugegraph.pd.client.DiscoveryClient>>
[[1;33mWARNING[m] /home/zy/code/hugegraph/hugegraph-server/hugegraph-core/src/main/java/org/apache/hugegraph/space/register/registerImpl/PdRegister.java:[488,84] unchecked call to add(E) as a member of the raw type java.util.Set
[[1;33mWARNING[m] /home/zy/code/hugegraph/hugegraph-server/hugegraph-core/src/main/java/org/apache/hugegraph/memory/consumer/impl/property/HugeEdgePropertyOffHeap.java:[91,58] unchecked cast
  required: V
  found:    java.lang.Object
[[1;33mWARNING[m] /home/zy/code/hugegraph/hugegraph-server/hugegraph-core/src/main/java/org/apache/hugegraph/traversal/optimize/ConditionP.java:[50,30] eq(java.lang.Object) in org.apache.hugegraph.traversal.optimize.ConditionP overrides <V>eq(V) in org.apache.tinkerpop.gremlin.process.traversal.P
  return type requires unchecked conversion from org.apache.hugegraph.traversal.optimize.ConditionP to org.apache.tinkerpop.gremlin.process.traversal.P<V>
[[1;33mWARNING[m] /home/zy/code/hugegraph/hugegraph-server/hugegraph-core/src/main/java/org/apache/hugegraph/memory/allocator/OnHeapMemoryAllocator.java:[58,36] unchecked cast
  required: java.util.concurrent.atomic.AtomicReference<byte[]>
  found:    java.lang.Object
[[1;33mWARNING[m] /home/zy/code/hugegraph/hugegraph-server/hugegraph-core/src/main/java/org/apache/hugegraph/meta/PdMetaDriver.java:[113,63] unchecked cast
  required: java.util.function.Consumer<org.apache.hugegraph.pd.grpc.kv.WatchResponse>
  found:    java.util.function.Consumer<T>
[[1;33mWARNING[m] /home/zy/code/hugegraph/hugegraph-server/hugegraph-core/src/main/java/org/apache/hugegraph/meta/PdMetaDriver.java:[122,72] unchecked cast
  required: java.util.function.Consumer<org.apache.hugegraph.pd.grpc.kv.WatchResponse>
  found:    java.util.function.Consumer<T>
[[1;33mWARNING[m] /home/zy/code/hugegraph/hugegraph-server/hugegraph-core/src/main/java/org/apache/hugegraph/space/register/RegisterPlugin.java:[36,61] unchecked conversion
  required: java.util.Map<java.lang.Class<?>,org.apache.hugegraph.space.register.IServiceRegister>
  found:    java.util.concurrent.ConcurrentHashMap
[[1;33mWARNING[m] /home/zy/code/hugegraph/hugegraph-server/hugegraph-core/src/main/java/org/apache/hugegraph/util/collection/IntMapByDynamicHash.java:[997,26] sun.misc.Unsafe is internal proprietary API and may be removed in a future release
[[1;33mWARNING[m] /home/zy/code/hugegraph/hugegraph-server/hugegraph-core/src/main/java/org/apache/hugegraph/util/collection/IntMapByDynamicHash.java:[997,26] sun.misc.Unsafe is internal proprietary API and may be removed in a future release
[[1;33mWARNING[m] /home/zy/code/hugegraph/hugegraph-server/hugegraph-core/src/main/java/org/apache/hugegraph/util/collection/IntMapByDynamicHash.java:[997,26] sun.misc.Unsafe is internal proprietary API and may be removed in a future release
[[1;33mWARNING[m] /home/zy/code/hugegraph/hugegraph-server/hugegraph-core/src/main/java/org/apache/hugegraph/schema/PropertyKey.java: Some input files use or override a deprecated API.
[[1;33mWARNING[m] /home/zy/code/hugegraph/hugegraph-server/hugegraph-core/src/main/java/org/apache/hugegraph/schema/PropertyKey.java: Recompile with -Xlint:deprecation for details.
[[1;33mWARNING[m] /home/zy/code/hugegraph/hugegraph-server/hugegraph-core/src/main/java/org/apache/hugegraph/security/HugeSecurityManager.java: Some input files use or override a deprecated API that is marked for removal.
[[1;33mWARNING[m] /home/zy/code/hugegraph/hugegraph-server/hugegraph-core/src/main/java/org/apache/hugegraph/security/HugeSecurityManager.java: Recompile with -Xlint:removal for details.
[[1;34mINFO[m] 
[[1;34mINFO[m] [1m--- [0;32mmaven-resources-plugin:3.1.0:testResources[m [1m(default-testResources)[m @ [36mhugegraph-core[0;1m ---[m
[[1;34mINFO[m] Using 'UTF-8' encoding to copy filtered resources.
[[1;34mINFO[m] skip non existing resourceDirectory /home/zy/code/hugegraph/hugegraph-server/hugegraph-core/src/test/resources
[[1;34mINFO[m] Copying 3 resources
[[1;34mINFO[m] 
[[1;34mINFO[m] [1m--- [0;32mmaven-compiler-plugin:3.1:testCompile[m [1m(default-testCompile)[m @ [36mhugegraph-core[0;1m ---[m
[[1;34mINFO[m] Nothing to compile - all classes are up to date
[[1;34mINFO[m] 
[[1;34mINFO[m] [1m--- [0;32mmaven-surefire-plugin:2.22.0:test[m [1m(default-test)[m @ [36mhugegraph-core[0;1m ---[m
[[1;34mINFO[m] 
[[1;34mINFO[m] [1m--- [0;32mmaven-surefire-plugin:2.22.0:test[m [1m(core-test)[m @ [36mhugegraph-core[0;1m ---[m
[[1;34mINFO[m] Skipping execution of surefire because it has already been run for this configuration
[[1;34mINFO[m] 
[[1;34mINFO[m] [1m-----------------< [0;36morg.apache.hugegraph:hg-store-grpc[0;1m >-----------------[m
[[1;34mINFO[m] [1mBuilding hg-store-grpc 1.7.0                                     [13/19][m
[[1;34mINFO[m] [1m--------------------------------[ jar ]---------------------------------[m
[[1;34mINFO[m] 
[[1;34mINFO[m] [1m--- [0;32mmaven-enforcer-plugin:1.4.1:enforce[m [1m(enforce-maven-version)[m @ [36mhg-store-grpc[0;1m ---[m
[[1;34mINFO[m] 
[[1;34mINFO[m] [1m--- [0;32mapache-rat-plugin:0.13:check[m [1m(license-check)[m @ [36mhg-store-grpc[0;1m ---[m
[[1;34mINFO[m] Enabled default license matchers.
[[1;34mINFO[m] Will parse SCM ignores for exclusions...
[[1;34mINFO[m] Finished adding exclusions from SCM ignore files.
[[1;34mINFO[m] 62 implicit excludes (use -debug for more details).
[[1;34mINFO[m] 44 explicit excludes (use -debug for more details).
[[1;34mINFO[m] 1 resources included (use -debug for more details)
[[1;34mINFO[m] Rat check: Summary over all files. Unapproved: 0, unknown: 0, generated: 0, approved: 1 licenses.
[[1;34mINFO[m] 
[[1;34mINFO[m] [1m--- [0;32mjacoco-maven-plugin:0.8.8:prepare-agent[m [1m(default)[m @ [36mhg-store-grpc[0;1m ---[m
[[1;34mINFO[m] argLine set to -javaagent:/home/zy/.m2/repository/org/jacoco/org.jacoco.agent/0.8.8/org.jacoco.agent-0.8.8-runtime.jar=destfile=/home/zy/code/hugegraph/hugegraph-store/hg-store-grpc/target/jacoco.exec,append=true
[[1;34mINFO[m] 
[[1;34mINFO[m] [1m--- [0;32mmaven-clean-plugin:3.1.0:clean[m [1m(default)[m @ [36mhg-store-grpc[0;1m ---[m
[[1;34mINFO[m] Deleting /home/zy/code/hugegraph/hugegraph-store/hg-store-grpc/target
[[1;34mINFO[m] Deleting /home/zy/code/hugegraph/hugegraph-store/hg-store-grpc/src/main/java (includes = [*.tar, *.tar.gz, .flattened-pom.xml, apache-hugegraph-store-1.7.0/**], excludes = [])
[[1;34mINFO[m] 
[[1;34mINFO[m] [1m--- [0;32mprotobuf-maven-plugin:0.6.1:compile[m [1m(default)[m @ [36mhg-store-grpc[0;1m ---[m
[[1;34mINFO[m] Compiling 7 proto file(s) to /home/zy/code/hugegraph/hugegraph-store/hg-store-grpc/src/main/java
[[1;33mWARNING[m] PROTOC: store_state.proto:21:1: warning: Import store_common.proto is unused.

[[1;34mINFO[m] 
[[1;34mINFO[m] [1m--- [0;32mprotobuf-maven-plugin:0.6.1:compile-custom[m [1m(default)[m @ [36mhg-store-grpc[0;1m ---[m
[[1;34mINFO[m] Compiling 7 proto file(s) to /home/zy/code/hugegraph/hugegraph-store/hg-store-grpc/src/main/java
[[1;33mWARNING[m] PROTOC: store_state.proto:21:1: warning: Import store_common.proto is unused.

[[1;34mINFO[m] 
[[1;34mINFO[m] [1m--- [0;32mbuild-helper-maven-plugin:3.3.0:add-source[m [1m(add-source)[m @ [36mhg-store-grpc[0;1m ---[m
[[1;34mINFO[m] Source directory: /home/zy/code/hugegraph/hugegraph-store/hg-store-grpc/src/main/java added.
[[1;34mINFO[m] Source directory: /home/zy/code/hugegraph/hugegraph-store/hg-store-grpc/src/main/dev added.
[[1;34mINFO[m] 
[[1;34mINFO[m] [1m--- [0;32mmaven-remote-resources-plugin:3.3.0:process[m [1m(process-resource-bundles)[m @ [36mhg-store-grpc[0;1m ---[m
[[1;34mINFO[m] Preparing remote bundle org.apache:apache-jar-resource-bundle:1.4
[[1;34mINFO[m] Copying 3 resources from 1 bundle.
[[1;34mINFO[m] 
[[1;34mINFO[m] [1m--- [0;32mmaven-resources-plugin:3.1.0:resources[m [1m(default-resources)[m @ [36mhg-store-grpc[0;1m ---[m
[[1;34mINFO[m] Using 'UTF-8' encoding to copy filtered resources.
[[1;34mINFO[m] skip non existing resourceDirectory /home/zy/code/hugegraph/hugegraph-store/hg-store-grpc/src/main/resources
[[1;34mINFO[m] Copying 7 resources
[[1;34mINFO[m] Copying 7 resources
[[1;34mINFO[m] Copying 7 resources
[[1;34mINFO[m] Copying 3 resources
[[1;34mINFO[m] 
[[1;34mINFO[m] [1m--- [0;32mflatten-maven-plugin:1.2.7:flatten[m [1m(flatten)[m @ [36mhg-store-grpc[0;1m ---[m
[[1;34mINFO[m] Generating flattened POM of project org.apache.hugegraph:hg-store-grpc:jar:1.7.0...
[[1;34mINFO[m] 
[[1;34mINFO[m] [1m--- [0;32mmaven-compiler-plugin:3.1:compile[m [1m(default-compile)[m @ [36mhg-store-grpc[0;1m ---[m
[[1;34mINFO[m] Changes detected - recompiling the module!
[[1;34mINFO[m] Compiling 119 source files to /home/zy/code/hugegraph/hugegraph-store/hg-store-grpc/target/classes
[[1;34mINFO[m] 
[[1;34mINFO[m] [1m--- [0;32mmaven-resources-plugin:3.1.0:testResources[m [1m(default-testResources)[m @ [36mhg-store-grpc[0;1m ---[m
[[1;34mINFO[m] Using 'UTF-8' encoding to copy filtered resources.
[[1;34mINFO[m] skip non existing resourceDirectory /home/zy/code/hugegraph/hugegraph-store/hg-store-grpc/src/test/resources
[[1;34mINFO[m] Copying 3 resources
[[1;34mINFO[m] 
[[1;34mINFO[m] [1m--- [0;32mmaven-compiler-plugin:3.1:testCompile[m [1m(default-testCompile)[m @ [36mhg-store-grpc[0;1m ---[m
[[1;34mINFO[m] No sources to compile
[[1;34mINFO[m] 
[[1;34mINFO[m] [1m--- [0;32mmaven-surefire-plugin:2.20:test[m [1m(default-test)[m @ [36mhg-store-grpc[0;1m ---[m
[[1;34mINFO[m] 
[[1;34mINFO[m] [1m--- [0;32mmaven-surefire-plugin:2.20:test[m [1m(store-client-test)[m @ [36mhg-store-grpc[0;1m ---[m
[[1;34mINFO[m] Skipping execution of surefire because it has already been run for this configuration
[[1;34mINFO[m] 
[[1;34mINFO[m] [1m--- [0;32mmaven-surefire-plugin:2.20:test[m [1m(store-core-test)[m @ [36mhg-store-grpc[0;1m ---[m
[[1;34mINFO[m] Skipping execution of surefire because it has already been run for this configuration
[[1;34mINFO[m] 
[[1;34mINFO[m] [1m--- [0;32mmaven-surefire-plugin:2.20:test[m [1m(store-common-test)[m @ [36mhg-store-grpc[0;1m ---[m
[[1;34mINFO[m] Skipping execution of surefire because it has already been run for this configuration
[[1;34mINFO[m] 
[[1;34mINFO[m] [1m--- [0;32mmaven-surefire-plugin:2.20:test[m [1m(store-rocksdb-test)[m @ [36mhg-store-grpc[0;1m ---[m
[[1;34mINFO[m] Skipping execution of surefire because it has already been run for this configuration
[[1;34mINFO[m] 
[[1;34mINFO[m] [1m--- [0;32mmaven-surefire-plugin:2.20:test[m [1m(store-server-test)[m @ [36mhg-store-grpc[0;1m ---[m
[[1;34mINFO[m] Skipping execution of surefire because it has already been run for this configuration
[[1;34mINFO[m] 
[[1;34mINFO[m] [1m--- [0;32mmaven-surefire-plugin:2.20:test[m [1m(store-raftcore-test)[m @ [36mhg-store-grpc[0;1m ---[m
[[1;34mINFO[m] Skipping execution of surefire because it has already been run for this configuration
[[1;34mINFO[m] 
[[1;34mINFO[m] [1m----------------< [0;36morg.apache.hugegraph:hg-store-client[0;1m >----------------[m
[[1;34mINFO[m] [1mBuilding hg-store-client 1.7.0                                   [14/19][m
[[1;34mINFO[m] [1m--------------------------------[ jar ]---------------------------------[m
[[1;34mINFO[m] 
[[1;34mINFO[m] [1m--- [0;32mmaven-enforcer-plugin:1.4.1:enforce[m [1m(enforce-maven-version)[m @ [36mhg-store-client[0;1m ---[m
[[1;34mINFO[m] 
[[1;34mINFO[m] [1m--- [0;32mapache-rat-plugin:0.13:check[m [1m(license-check)[m @ [36mhg-store-client[0;1m ---[m
[[1;34mINFO[m] Enabled default license matchers.
[[1;34mINFO[m] Will parse SCM ignores for exclusions...
[[1;34mINFO[m] Finished adding exclusions from SCM ignore files.
[[1;34mINFO[m] 62 implicit excludes (use -debug for more details).
[[1;34mINFO[m] 44 explicit excludes (use -debug for more details).
[[1;34mINFO[m] 92 resources included (use -debug for more details)
[[1;34mINFO[m] Rat check: Summary over all files. Unapproved: 0, unknown: 0, generated: 0, approved: 92 licenses.
[[1;34mINFO[m] 
[[1;34mINFO[m] [1m--- [0;32mjacoco-maven-plugin:0.8.8:prepare-agent[m [1m(default)[m @ [36mhg-store-client[0;1m ---[m
[[1;34mINFO[m] argLine set to -javaagent:/home/zy/.m2/repository/org/jacoco/org.jacoco.agent/0.8.8/org.jacoco.agent-0.8.8-runtime.jar=destfile=/home/zy/code/hugegraph/hugegraph-store/hg-store-client/target/jacoco.exec,append=true
[[1;34mINFO[m] 
[[1;34mINFO[m] [1m--- [0;32mmaven-remote-resources-plugin:3.3.0:process[m [1m(process-resource-bundles)[m @ [36mhg-store-client[0;1m ---[m
[[1;34mINFO[m] Preparing remote bundle org.apache:apache-jar-resource-bundle:1.4
[[1;34mINFO[m] Copying 3 resources from 1 bundle.
[[1;33mWARNING[m] Failed to build parent project for org.apache.hugegraph:hugegraph-store:pom:1.7.0
[[1;33mWARNING[m] Failed to build parent project for org.apache.hugegraph:hugegraph-store:pom:1.7.0
[[1;33mWARNING[m] Failed to build parent project for org.apache.hugegraph:hugegraph-commons:pom:1.7.0
[[1;33mWARNING[m] Failed to build parent project for org.apache.hugegraph:hugegraph-pd:pom:1.7.0
[[1;33mWARNING[m] Failed to build parent project for org.apache.hugegraph:hugegraph-pd:pom:1.7.0
[[1;33mWARNING[m] Failed to build parent project for org.apache.hugegraph:hugegraph-pd:pom:1.7.0
[[1;34mINFO[m] 
[[1;34mINFO[m] [1m--- [0;32mmaven-resources-plugin:3.1.0:resources[m [1m(default-resources)[m @ [36mhg-store-client[0;1m ---[m
[[1;34mINFO[m] Using 'UTF-8' encoding to copy filtered resources.
[[1;34mINFO[m] Copying 2 resources
[[1;34mINFO[m] Copying 3 resources
[[1;34mINFO[m] 
[[1;34mINFO[m] [1m--- [0;32mflatten-maven-plugin:1.2.7:flatten[m [1m(flatten)[m @ [36mhg-store-client[0;1m ---[m
[[1;34mINFO[m] Generating flattened POM of project org.apache.hugegraph:hg-store-client:jar:1.7.0...
[[1;34mINFO[m] 
[[1;34mINFO[m] [1m--- [0;32mmaven-compiler-plugin:3.1:compile[m [1m(default-compile)[m @ [36mhg-store-client[0;1m ---[m
[[1;34mINFO[m] Nothing to compile - all classes are up to date
[[1;34mINFO[m] 
[[1;34mINFO[m] [1m--- [0;32mmaven-resources-plugin:3.1.0:testResources[m [1m(default-testResources)[m @ [36mhg-store-client[0;1m ---[m
[[1;34mINFO[m] Not copying test resources
[[1;34mINFO[m] 
[[1;34mINFO[m] [1m--- [0;32mmaven-compiler-plugin:3.1:testCompile[m [1m(default-testCompile)[m @ [36mhg-store-client[0;1m ---[m
[[1;34mINFO[m] Not compiling test sources
[[1;34mINFO[m] 
[[1;34mINFO[m] [1m--- [0;32mmaven-surefire-plugin:2.20:test[m [1m(default-test)[m @ [36mhg-store-client[0;1m ---[m
[[1;34mINFO[m] Tests are skipped.
[[1;34mINFO[m] 
[[1;34mINFO[m] [1m--- [0;32mmaven-surefire-plugin:2.20:test[m [1m(store-client-test)[m @ [36mhg-store-client[0;1m ---[m
[[1;34mINFO[m] Tests are skipped.
[[1;34mINFO[m] 
[[1;34mINFO[m] [1m--- [0;32mmaven-surefire-plugin:2.20:test[m [1m(store-core-test)[m @ [36mhg-store-client[0;1m ---[m
[[1;34mINFO[m] Tests are skipped.
[[1;34mINFO[m] 
[[1;34mINFO[m] [1m--- [0;32mmaven-surefire-plugin:2.20:test[m [1m(store-common-test)[m @ [36mhg-store-client[0;1m ---[m
[[1;34mINFO[m] Tests are skipped.
[[1;34mINFO[m] 
[[1;34mINFO[m] [1m--- [0;32mmaven-surefire-plugin:2.20:test[m [1m(store-rocksdb-test)[m @ [36mhg-store-client[0;1m ---[m
[[1;34mINFO[m] Tests are skipped.
[[1;34mINFO[m] 
[[1;34mINFO[m] [1m--- [0;32mmaven-surefire-plugin:2.20:test[m [1m(store-server-test)[m @ [36mhg-store-client[0;1m ---[m
[[1;34mINFO[m] Tests are skipped.
[[1;34mINFO[m] 
[[1;34mINFO[m] [1m--- [0;32mmaven-surefire-plugin:2.20:test[m [1m(store-raftcore-test)[m @ [36mhg-store-client[0;1m ---[m
[[1;34mINFO[m] Tests are skipped.
[[1;34mINFO[m] 
[[1;34mINFO[m] [1m------------------< [0;36morg.apache.hugegraph:hg-pd-core[0;1m >-------------------[m
[[1;34mINFO[m] [1mBuilding hg-pd-core 1.7.0                                        [15/19][m
[[1;34mINFO[m] [1m--------------------------------[ jar ]---------------------------------[m
[[1;34mINFO[m] 
[[1;34mINFO[m] [1m--- [0;32mmaven-enforcer-plugin:1.4.1:enforce[m [1m(enforce-maven-version)[m @ [36mhg-pd-core[0;1m ---[m
[[1;34mINFO[m] 
[[1;34mINFO[m] [1m--- [0;32mapache-rat-plugin:0.13:check[m [1m(license-check)[m @ [36mhg-pd-core[0;1m ---[m
[[1;34mINFO[m] Enabled default license matchers.
[[1;34mINFO[m] Will parse SCM ignores for exclusions...
[[1;34mINFO[m] Finished adding exclusions from SCM ignore files.
[[1;34mINFO[m] 62 implicit excludes (use -debug for more details).
[[1;34mINFO[m] 44 explicit excludes (use -debug for more details).
[[1;34mINFO[m] 48 resources included (use -debug for more details)
[[1;34mINFO[m] Rat check: Summary over all files. Unapproved: 0, unknown: 0, generated: 0, approved: 48 licenses.
[[1;34mINFO[m] 
[[1;34mINFO[m] [1m--- [0;32mjacoco-maven-plugin:0.8.8:prepare-agent[m [1m(default)[m @ [36mhg-pd-core[0;1m ---[m
[[1;34mINFO[m] argLine set to -javaagent:/home/zy/.m2/repository/org/jacoco/org.jacoco.agent/0.8.8/org.jacoco.agent-0.8.8-runtime.jar=destfile=/home/zy/code/hugegraph/hugegraph-pd/hg-pd-core/target/jacoco.exec,append=true,excludes=**/grpc/**.*:**/config/**.*
[[1;34mINFO[m] 
[[1;34mINFO[m] [1m--- [0;32mmaven-remote-resources-plugin:3.3.0:process[m [1m(process-resource-bundles)[m @ [36mhg-pd-core[0;1m ---[m
[[1;34mINFO[m] Preparing remote bundle org.apache:apache-jar-resource-bundle:1.4
[[1;34mINFO[m] Copying 3 resources from 1 bundle.
[[1;33mWARNING[m] Failed to build parent project for org.apache.hugegraph:hugegraph-pd:pom:1.7.0
[[1;33mWARNING[m] Failed to build parent project for org.apache.hugegraph:hugegraph-pd:pom:1.7.0
[[1;34mINFO[m] 
[[1;34mINFO[m] [1m--- [0;32mmaven-resources-plugin:3.1.0:resources[m [1m(default-resources)[m @ [36mhg-pd-core[0;1m ---[m
[[1;34mINFO[m] Using 'UTF-8' encoding to copy filtered resources.
[[1;34mINFO[m] skip non existing resourceDirectory /home/zy/code/hugegraph/hugegraph-pd/hg-pd-core/src/main/resources
[[1;34mINFO[m] Copying 3 resources
[[1;34mINFO[m] 
[[1;34mINFO[m] [1m--- [0;32mflatten-maven-plugin:1.2.7:flatten[m [1m(flatten)[m @ [36mhg-pd-core[0;1m ---[m
[[1;34mINFO[m] Generating flattened POM of project org.apache.hugegraph:hg-pd-core:jar:1.7.0...
[[1;34mINFO[m] 
[[1;34mINFO[m] [1m--- [0;32mmaven-compiler-plugin:3.1:compile[m [1m(default-compile)[m @ [36mhg-pd-core[0;1m ---[m
[[1;34mINFO[m] Nothing to compile - all classes are up to date
[[1;34mINFO[m] 
[[1;34mINFO[m] [1m--- [0;32mmaven-resources-plugin:3.1.0:testResources[m [1m(default-testResources)[m @ [36mhg-pd-core[0;1m ---[m
[[1;34mINFO[m] Using 'UTF-8' encoding to copy filtered resources.
[[1;34mINFO[m] skip non existing resourceDirectory /home/zy/code/hugegraph/hugegraph-pd/hg-pd-core/src/test/resources
[[1;34mINFO[m] Copying 3 resources
[[1;34mINFO[m] 
[[1;34mINFO[m] [1m--- [0;32mmaven-compiler-plugin:3.1:testCompile[m [1m(default-testCompile)[m @ [36mhg-pd-core[0;1m ---[m
[[1;34mINFO[m] No sources to compile
[[1;34mINFO[m] 
[[1;34mINFO[m] [1m--- [0;32mmaven-surefire-plugin:2.20:test[m [1m(default-test)[m @ [36mhg-pd-core[0;1m ---[m
[[1;34mINFO[m] 
[[1;34mINFO[m] [1m--- [0;32mmaven-surefire-plugin:2.20:test[m [1m(pd-common-test)[m @ [36mhg-pd-core[0;1m ---[m
[[1;34mINFO[m] Skipping execution of surefire because it has already been run for this configuration
[[1;34mINFO[m] 
[[1;34mINFO[m] [1m--- [0;32mmaven-surefire-plugin:2.20:test[m [1m(pd-core-test)[m @ [36mhg-pd-core[0;1m ---[m
[[1;34mINFO[m] Skipping execution of surefire because it has already been run for this configuration
[[1;34mINFO[m] 
[[1;34mINFO[m] [1m--- [0;32mmaven-surefire-plugin:2.20:test[m [1m(pd-client-test)[m @ [36mhg-pd-core[0;1m ---[m
[[1;34mINFO[m] Skipping execution of surefire because it has already been run for this configuration
[[1;34mINFO[m] 
[[1;34mINFO[m] [1m--- [0;32mmaven-surefire-plugin:2.20:test[m [1m(pd-rest-test)[m @ [36mhg-pd-core[0;1m ---[m
[[1;34mINFO[m] Skipping execution of surefire because it has already been run for this configuration
[[1;34mINFO[m] 
[[1;34mINFO[m] [1m---------------< [0;36morg.apache.hugegraph:hg-store-rocksdb[0;1m >----------------[m
[[1;34mINFO[m] [1mBuilding hg-store-rocksdb 1.7.0                                  [16/19][m
[[1;34mINFO[m] [1m--------------------------------[ jar ]---------------------------------[m
[[1;34mINFO[m] 
[[1;34mINFO[m] [1m--- [0;32mmaven-enforcer-plugin:1.4.1:enforce[m [1m(enforce-maven-version)[m @ [36mhg-store-rocksdb[0;1m ---[m
[[1;34mINFO[m] 
[[1;34mINFO[m] [1m--- [0;32mapache-rat-plugin:0.13:check[m [1m(license-check)[m @ [36mhg-store-rocksdb[0;1m ---[m
[[1;34mINFO[m] Enabled default license matchers.
[[1;34mINFO[m] Will parse SCM ignores for exclusions...
[[1;34mINFO[m] Finished adding exclusions from SCM ignore files.
[[1;34mINFO[m] 62 implicit excludes (use -debug for more details).
[[1;34mINFO[m] 44 explicit excludes (use -debug for more details).
[[1;34mINFO[m] 18 resources included (use -debug for more details)
[[1;34mINFO[m] Rat check: Summary over all files. Unapproved: 0, unknown: 0, generated: 0, approved: 18 licenses.
[[1;34mINFO[m] 
[[1;34mINFO[m] [1m--- [0;32mjacoco-maven-plugin:0.8.8:prepare-agent[m [1m(default)[m @ [36mhg-store-rocksdb[0;1m ---[m
[[1;34mINFO[m] argLine set to -javaagent:/home/zy/.m2/repository/org/jacoco/org.jacoco.agent/0.8.8/org.jacoco.agent-0.8.8-runtime.jar=destfile=/home/zy/code/hugegraph/hugegraph-store/hg-store-rocksdb/target/jacoco.exec,append=true
[[1;34mINFO[m] 
[[1;34mINFO[m] [1m--- [0;32mmaven-remote-resources-plugin:3.3.0:process[m [1m(process-resource-bundles)[m @ [36mhg-store-rocksdb[0;1m ---[m
[[1;34mINFO[m] Preparing remote bundle org.apache:apache-jar-resource-bundle:1.4
[[1;34mINFO[m] Copying 3 resources from 1 bundle.
[[1;33mWARNING[m] Failed to build parent project for org.apache.hugegraph:hugegraph-commons:pom:1.7.0
[[1;33mWARNING[m] Failed to build parent project for org.apache.hugegraph:hugegraph-store:pom:1.7.0
[[1;33mWARNING[m] Failed to build parent project for org.apache.hugegraph:hugegraph-pd:pom:1.7.0
[[1;33mWARNING[m] Failed to build parent project for org.apache.hugegraph:hugegraph-pd:pom:1.7.0
[[1;33mWARNING[m] Failed to build parent project for org.apache.hugegraph:hugegraph-pd:pom:1.7.0
[[1;34mINFO[m] 
[[1;34mINFO[m] [1m--- [0;32mmaven-resources-plugin:3.1.0:resources[m [1m(default-resources)[m @ [36mhg-store-rocksdb[0;1m ---[m
[[1;34mINFO[m] Using 'UTF-8' encoding to copy filtered resources.
[[1;34mINFO[m] skip non existing resourceDirectory /home/zy/code/hugegraph/hugegraph-store/hg-store-rocksdb/src/main/resources
[[1;34mINFO[m] Copying 3 resources
[[1;34mINFO[m] 
[[1;34mINFO[m] [1m--- [0;32mflatten-maven-plugin:1.2.7:flatten[m [1m(flatten)[m @ [36mhg-store-rocksdb[0;1m ---[m
[[1;34mINFO[m] Generating flattened POM of project org.apache.hugegraph:hg-store-rocksdb:jar:1.7.0...
[[1;34mINFO[m] 
[[1;34mINFO[m] [1m--- [0;32mmaven-compiler-plugin:3.1:compile[m [1m(default-compile)[m @ [36mhg-store-rocksdb[0;1m ---[m
[[1;34mINFO[m] Nothing to compile - all classes are up to date
[[1;34mINFO[m] 
[[1;34mINFO[m] [1m--- [0;32mmaven-resources-plugin:3.1.0:testResources[m [1m(default-testResources)[m @ [36mhg-store-rocksdb[0;1m ---[m
[[1;34mINFO[m] Using 'UTF-8' encoding to copy filtered resources.
[[1;34mINFO[m] Copying 3 resources
[[1;34mINFO[m] Copying 3 resources
[[1;34mINFO[m] 
[[1;34mINFO[m] [1m--- [0;32mmaven-compiler-plugin:3.1:testCompile[m [1m(default-testCompile)[m @ [36mhg-store-rocksdb[0;1m ---[m
[[1;34mINFO[m] Nothing to compile - all classes are up to date
[[1;34mINFO[m] 
[[1;34mINFO[m] [1m--- [0;32mmaven-surefire-plugin:2.20:test[m [1m(default-test)[m @ [36mhg-store-rocksdb[0;1m ---[m
[[1;34mINFO[m] 
[[1;34mINFO[m] [1m--- [0;32mmaven-surefire-plugin:2.20:test[m [1m(store-client-test)[m @ [36mhg-store-rocksdb[0;1m ---[m
[[1;34mINFO[m] Skipping execution of surefire because it has already been run for this configuration
[[1;34mINFO[m] 
[[1;34mINFO[m] [1m--- [0;32mmaven-surefire-plugin:2.20:test[m [1m(store-core-test)[m @ [36mhg-store-rocksdb[0;1m ---[m
[[1;34mINFO[m] Skipping execution of surefire because it has already been run for this configuration
[[1;34mINFO[m] 
[[1;34mINFO[m] [1m--- [0;32mmaven-surefire-plugin:2.20:test[m [1m(store-common-test)[m @ [36mhg-store-rocksdb[0;1m ---[m
[[1;34mINFO[m] Skipping execution of surefire because it has already been run for this configuration
[[1;34mINFO[m] 
[[1;34mINFO[m] [1m--- [0;32mmaven-surefire-plugin:2.20:test[m [1m(store-rocksdb-test)[m @ [36mhg-store-rocksdb[0;1m ---[m
[[1;34mINFO[m] Skipping execution of surefire because it has already been run for this configuration
[[1;34mINFO[m] 
[[1;34mINFO[m] [1m--- [0;32mmaven-surefire-plugin:2.20:test[m [1m(store-server-test)[m @ [36mhg-store-rocksdb[0;1m ---[m
[[1;34mINFO[m] Skipping execution of surefire because it has already been run for this configuration
[[1;34mINFO[m] 
[[1;34mINFO[m] [1m--- [0;32mmaven-surefire-plugin:2.20:test[m [1m(store-raftcore-test)[m @ [36mhg-store-rocksdb[0;1m ---[m
[[1;34mINFO[m] Skipping execution of surefire because it has already been run for this configuration
[[1;34mINFO[m] 
[[1;34mINFO[m] [1m-----------------< [0;36morg.apache.hugegraph:hg-store-core[0;1m >-----------------[m
[[1;34mINFO[m] [1mBuilding hg-store-core 1.7.0                                     [17/19][m
[[1;34mINFO[m] [1m--------------------------------[ jar ]---------------------------------[m
[[1;34mINFO[m] 
[[1;34mINFO[m] [1m--- [0;32mmaven-enforcer-plugin:1.4.1:enforce[m [1m(enforce-maven-version)[m @ [36mhg-store-core[0;1m ---[m
[[1;34mINFO[m] 
[[1;34mINFO[m] [1m--- [0;32mapache-rat-plugin:0.13:check[m [1m(license-check)[m @ [36mhg-store-core[0;1m ---[m
[[1;34mINFO[m] Enabled default license matchers.
[[1;34mINFO[m] Will parse SCM ignores for exclusions...
[[1;34mINFO[m] Finished adding exclusions from SCM ignore files.
[[1;34mINFO[m] 62 implicit excludes (use -debug for more details).
[[1;34mINFO[m] 44 explicit excludes (use -debug for more details).
[[1;34mINFO[m] 131 resources included (use -debug for more details)
[[1;34mINFO[m] Rat check: Summary over all files. Unapproved: 0, unknown: 0, generated: 0, approved: 131 licenses.
[[1;34mINFO[m] 
[[1;34mINFO[m] [1m--- [0;32mjacoco-maven-plugin:0.8.8:prepare-agent[m [1m(default)[m @ [36mhg-store-core[0;1m ---[m
[[1;34mINFO[m] argLine set to -javaagent:/home/zy/.m2/repository/org/jacoco/org.jacoco.agent/0.8.8/org.jacoco.agent-0.8.8-runtime.jar=destfile=/home/zy/code/hugegraph/hugegraph-store/hg-store-core/target/jacoco.exec,append=true
[[1;34mINFO[m] 
[[1;34mINFO[m] [1m--- [0;32mmaven-remote-resources-plugin:3.3.0:process[m [1m(process-resource-bundles)[m @ [36mhg-store-core[0;1m ---[m
[[1;34mINFO[m] Preparing remote bundle org.apache:apache-jar-resource-bundle:1.4
[[1;34mINFO[m] Copying 3 resources from 1 bundle.
[[1;33mWARNING[m] Failed to build parent project for org.apache.hugegraph:hugegraph-commons:pom:1.7.0
[[1;33mWARNING[m] Failed to build parent project for org.apache.hugegraph:hugegraph-store:pom:1.7.0
[[1;33mWARNING[m] Failed to build parent project for org.apache.hugegraph:hugegraph-pd:pom:1.7.0
[[1;33mWARNING[m] Failed to build parent project for org.apache.hugegraph:hugegraph-pd:pom:1.7.0
[[1;33mWARNING[m] Failed to build parent project for org.apache.hugegraph:hugegraph-pd:pom:1.7.0
[[1;33mWARNING[m] Failed to build parent project for org.apache.hugegraph:hugegraph-server:pom:1.7.0
[[1;33mWARNING[m] Failed to build parent project for org.apache.hugegraph:hugegraph-store:pom:1.7.0
[[1;33mWARNING[m] Failed to build parent project for org.apache.hugegraph:hugegraph-store:pom:1.7.0
[[1;33mWARNING[m] Failed to build parent project for org.apache.hugegraph:hugegraph-pd:pom:1.7.0
[[1;34mINFO[m] 
[[1;34mINFO[m] [1m--- [0;32mmaven-resources-plugin:3.1.0:resources[m [1m(default-resources)[m @ [36mhg-store-core[0;1m ---[m
[[1;34mINFO[m] Using 'UTF-8' encoding to copy filtered resources.
[[1;34mINFO[m] Copying 1 resource
[[1;34mINFO[m] Copying 3 resources
[[1;34mINFO[m] 
[[1;34mINFO[m] [1m--- [0;32mflatten-maven-plugin:1.2.7:flatten[m [1m(flatten)[m @ [36mhg-store-core[0;1m ---[m
[[1;34mINFO[m] Generating flattened POM of project org.apache.hugegraph:hg-store-core:jar:1.7.0...
[[1;34mINFO[m] 
[[1;34mINFO[m] [1m--- [0;32mmaven-resources-plugin:3.1.0:copy-resources[m [1m(generate-version)[m @ [36mhg-store-core[0;1m ---[m
[[1;34mINFO[m] Using 'UTF-8' encoding to copy filtered resources.
[[1;34mINFO[m] Copying 1 resource
[[1;34mINFO[m] 
[[1;34mINFO[m] [1m--- [0;32mmaven-compiler-plugin:3.1:compile[m [1m(default-compile)[m @ [36mhg-store-core[0;1m ---[m
[[1;34mINFO[m] Nothing to compile - all classes are up to date
[[1;34mINFO[m] 
[[1;34mINFO[m] [1m--- [0;32mmaven-resources-plugin:3.1.0:testResources[m [1m(default-testResources)[m @ [36mhg-store-core[0;1m ---[m
[[1;34mINFO[m] Using 'UTF-8' encoding to copy filtered resources.
[[1;34mINFO[m] skip non existing resourceDirectory /home/zy/code/hugegraph/hugegraph-store/hg-store-core/src/test/resources
[[1;34mINFO[m] Copying 3 resources
[[1;34mINFO[m] 
[[1;34mINFO[m] [1m--- [0;32mmaven-compiler-plugin:3.1:testCompile[m [1m(default-testCompile)[m @ [36mhg-store-core[0;1m ---[m
[[1;34mINFO[m] No sources to compile
[[1;34mINFO[m] 
[[1;34mINFO[m] [1m--- [0;32mmaven-surefire-plugin:2.20:test[m [1m(default-test)[m @ [36mhg-store-core[0;1m ---[m
[[1;34mINFO[m] 
[[1;34mINFO[m] [1m--- [0;32mmaven-surefire-plugin:2.20:test[m [1m(store-client-test)[m @ [36mhg-store-core[0;1m ---[m
[[1;34mINFO[m] Skipping execution of surefire because it has already been run for this configuration
[[1;34mINFO[m] 
[[1;34mINFO[m] [1m--- [0;32mmaven-surefire-plugin:2.20:test[m [1m(store-core-test)[m @ [36mhg-store-core[0;1m ---[m
[[1;34mINFO[m] Skipping execution of surefire because it has already been run for this configuration
[[1;34mINFO[m] 
[[1;34mINFO[m] [1m--- [0;32mmaven-surefire-plugin:2.20:test[m [1m(store-common-test)[m @ [36mhg-store-core[0;1m ---[m
[[1;34mINFO[m] Skipping execution of surefire because it has already been run for this configuration
[[1;34mINFO[m] 
[[1;34mINFO[m] [1m--- [0;32mmaven-surefire-plugin:2.20:test[m [1m(store-rocksdb-test)[m @ [36mhg-store-core[0;1m ---[m
[[1;34mINFO[m] Skipping execution of surefire because it has already been run for this configuration
[[1;34mINFO[m] 
[[1;34mINFO[m] [1m--- [0;32mmaven-surefire-plugin:2.20:test[m [1m(store-server-test)[m @ [36mhg-store-core[0;1m ---[m
[[1;34mINFO[m] Skipping execution of surefire because it has already been run for this configuration
[[1;34mINFO[m] 
[[1;34mINFO[m] [1m--- [0;32mmaven-surefire-plugin:2.20:test[m [1m(store-raftcore-test)[m @ [36mhg-store-core[0;1m ---[m
[[1;34mINFO[m] Skipping execution of surefire because it has already been run for this configuration
[[1;34mINFO[m] 
[[1;34mINFO[m] [1m-----------------< [0;36morg.apache.hugegraph:hg-store-node[0;1m >-----------------[m
[[1;34mINFO[m] [1mBuilding hg-store-node 1.7.0                                     [18/19][m
[[1;34mINFO[m] [1m--------------------------------[ jar ]---------------------------------[m
[[1;34mINFO[m] 
[[1;34mINFO[m] [1m--- [0;32mmaven-enforcer-plugin:1.4.1:enforce[m [1m(enforce-maven-version)[m @ [36mhg-store-node[0;1m ---[m
[[1;34mINFO[m] 
[[1;34mINFO[m] [1m--- [0;32mapache-rat-plugin:0.13:check[m [1m(license-check)[m @ [36mhg-store-node[0;1m ---[m
[[1;34mINFO[m] Enabled default license matchers.
[[1;34mINFO[m] Will parse SCM ignores for exclusions...
[[1;34mINFO[m] Finished adding exclusions from SCM ignore files.
[[1;34mINFO[m] 62 implicit excludes (use -debug for more details).
[[1;34mINFO[m] 44 explicit excludes (use -debug for more details).
[[1;34mINFO[m] 120 resources included (use -debug for more details)
[[1;34mINFO[m] Rat check: Summary over all files. Unapproved: 0, unknown: 0, generated: 0, approved: 120 licenses.
[[1;34mINFO[m] 
[[1;34mINFO[m] [1m--- [0;32mjacoco-maven-plugin:0.8.8:prepare-agent[m [1m(default)[m @ [36mhg-store-node[0;1m ---[m
[[1;34mINFO[m] argLine set to -javaagent:/home/zy/.m2/repository/org/jacoco/org.jacoco.agent/0.8.8/org.jacoco.agent-0.8.8-runtime.jar=destfile=/home/zy/code/hugegraph/hugegraph-store/hg-store-node/target/jacoco.exec,append=true
[[1;34mINFO[m] 
[[1;34mINFO[m] [1m--- [0;32mmaven-remote-resources-plugin:3.3.0:process[m [1m(process-resource-bundles)[m @ [36mhg-store-node[0;1m ---[m
[[1;34mINFO[m] Preparing remote bundle org.apache:apache-jar-resource-bundle:1.4
[[1;34mINFO[m] Copying 3 resources from 1 bundle.
[[1;33mWARNING[m] Failed to build parent project for org.apache.hugegraph:hugegraph-store:pom:1.7.0
[[1;33mWARNING[m] Failed to build parent project for org.apache.hugegraph:hugegraph-commons:pom:1.7.0
[[1;33mWARNING[m] Failed to build parent project for org.apache.hugegraph:hugegraph-store:pom:1.7.0
[[1;33mWARNING[m] Failed to build parent project for org.apache.hugegraph:hugegraph-pd:pom:1.7.0
[[1;33mWARNING[m] Failed to build parent project for org.apache.hugegraph:hugegraph-pd:pom:1.7.0
[[1;33mWARNING[m] Failed to build parent project for org.apache.hugegraph:hugegraph-pd:pom:1.7.0
[[1;33mWARNING[m] Failed to build parent project for org.apache.hugegraph:hugegraph-store:pom:1.7.0
[[1;33mWARNING[m] Failed to build parent project for org.apache.hugegraph:hugegraph-store:pom:1.7.0
[[1;33mWARNING[m] Failed to build parent project for org.apache.hugegraph:hugegraph-server:pom:1.7.0
[[1;33mWARNING[m] Failed to build parent project for org.apache.hugegraph:hugegraph-pd:pom:1.7.0
[[1;34mINFO[m] 
[[1;34mINFO[m] [1m--- [0;32mmaven-resources-plugin:3.1.0:resources[m [1m(default-resources)[m @ [36mhg-store-node[0;1m ---[m
[[1;34mINFO[m] Using 'UTF-8' encoding to copy filtered resources.
[[1;34mINFO[m] Copying 4 resources
[[1;34mINFO[m] Copying 3 resources
[[1;34mINFO[m] 
[[1;34mINFO[m] [1m--- [0;32mflatten-maven-plugin:1.2.7:flatten[m [1m(flatten)[m @ [36mhg-store-node[0;1m ---[m
[[1;34mINFO[m] Generating flattened POM of project org.apache.hugegraph:hg-store-node:jar:1.7.0...
[[1;34mINFO[m] 
[[1;34mINFO[m] [1m--- [0;32mmaven-compiler-plugin:3.1:compile[m [1m(default-compile)[m @ [36mhg-store-node[0;1m ---[m
[[1;34mINFO[m] Nothing to compile - all classes are up to date
[[1;34mINFO[m] 
[[1;34mINFO[m] [1m--- [0;32mmaven-resources-plugin:3.1.0:testResources[m [1m(default-testResources)[m @ [36mhg-store-node[0;1m ---[m
[[1;34mINFO[m] Using 'UTF-8' encoding to copy filtered resources.
[[1;34mINFO[m] Copying 9 resources
[[1;34mINFO[m] Copying 3 resources
[[1;34mINFO[m] 
[[1;34mINFO[m] [1m--- [0;32mmaven-compiler-plugin:3.1:testCompile[m [1m(default-testCompile)[m @ [36mhg-store-node[0;1m ---[m
[[1;34mINFO[m] Nothing to compile - all classes are up to date
[[1;34mINFO[m] 
[[1;34mINFO[m] [1m--- [0;32mmaven-surefire-plugin:2.20:test[m [1m(default-test)[m @ [36mhg-store-node[0;1m ---[m
[[1;34mINFO[m] 
[[1;34mINFO[m] [1m--- [0;32mmaven-surefire-plugin:2.20:test[m [1m(store-client-test)[m @ [36mhg-store-node[0;1m ---[m
[[1;34mINFO[m] Skipping execution of surefire because it has already been run for this configuration
[[1;34mINFO[m] 
[[1;34mINFO[m] [1m--- [0;32mmaven-surefire-plugin:2.20:test[m [1m(store-core-test)[m @ [36mhg-store-node[0;1m ---[m
[[1;34mINFO[m] Skipping execution of surefire because it has already been run for this configuration
[[1;34mINFO[m] 
[[1;34mINFO[m] [1m--- [0;32mmaven-surefire-plugin:2.20:test[m [1m(store-common-test)[m @ [36mhg-store-node[0;1m ---[m
[[1;34mINFO[m] Skipping execution of surefire because it has already been run for this configuration
[[1;34mINFO[m] 
[[1;34mINFO[m] [1m--- [0;32mmaven-surefire-plugin:2.20:test[m [1m(store-rocksdb-test)[m @ [36mhg-store-node[0;1m ---[m
[[1;34mINFO[m] Skipping execution of surefire because it has already been run for this configuration
[[1;34mINFO[m] 
[[1;34mINFO[m] [1m--- [0;32mmaven-surefire-plugin:2.20:test[m [1m(store-server-test)[m @ [36mhg-store-node[0;1m ---[m
[[1;34mINFO[m] Skipping execution of surefire because it has already been run for this configuration
[[1;34mINFO[m] 
[[1;34mINFO[m] [1m--- [0;32mmaven-surefire-plugin:2.20:test[m [1m(store-raftcore-test)[m @ [36mhg-store-node[0;1m ---[m
[[1;34mINFO[m] Skipping execution of surefire because it has already been run for this configuration
[[1;34mINFO[m] 
[[1;34mINFO[m] [1m-----------------< [0;36morg.apache.hugegraph:hg-store-test[0;1m >-----------------[m
[[1;34mINFO[m] [1mBuilding hg-store-test 1.7.0                                     [19/19][m
[[1;34mINFO[m] [1m--------------------------------[ jar ]---------------------------------[m
[[1;34mINFO[m] 
[[1;34mINFO[m] [1m--- [0;32mmaven-enforcer-plugin:1.4.1:enforce[m [1m(enforce-maven-version)[m @ [36mhg-store-test[0;1m ---[m
[[1;34mINFO[m] 
[[1;34mINFO[m] [1m--- [0;32mapache-rat-plugin:0.13:check[m [1m(license-check)[m @ [36mhg-store-test[0;1m ---[m
[[1;34mINFO[m] Enabled default license matchers.
[[1;34mINFO[m] Will parse SCM ignores for exclusions...
[[1;34mINFO[m] Finished adding exclusions from SCM ignore files.
[[1;34mINFO[m] 62 implicit excludes (use -debug for more details).
[[1;34mINFO[m] 44 explicit excludes (use -debug for more details).
[[1;34mINFO[m] 73 resources included (use -debug for more details)
[[1;34mINFO[m] Rat check: Summary over all files. Unapproved: 0, unknown: 0, generated: 0, approved: 73 licenses.
[[1;34mINFO[m] 
[[1;34mINFO[m] [1m--- [0;32mjacoco-maven-plugin:0.8.8:prepare-agent[m [1m(default)[m @ [36mhg-store-test[0;1m ---[m
[[1;34mINFO[m] argLine set to -javaagent:/home/zy/.m2/repository/org/jacoco/org.jacoco.agent/0.8.8/org.jacoco.agent-0.8.8-runtime.jar=destfile=/home/zy/code/hugegraph/hugegraph-store/hg-store-test/target/jacoco.exec,append=true,excludes=**/grpc/**/*:**/jraft/**/*:**/*Iterator*:**/node/**/*
[[1;34mINFO[m] 
[[1;34mINFO[m] [1m--- [0;32mmaven-remote-resources-plugin:3.3.0:process[m [1m(process-resource-bundles)[m @ [36mhg-store-test[0;1m ---[m
[[1;34mINFO[m] Preparing remote bundle org.apache:apache-jar-resource-bundle:1.4
[[1;34mINFO[m] Copying 3 resources from 1 bundle.
[[1;33mWARNING[m] Failed to build parent project for org.apache.hugegraph:hugegraph-store:pom:1.7.0
[[1;33mWARNING[m] Failed to build parent project for org.apache.hugegraph:hugegraph-store:pom:1.7.0
[[1;33mWARNING[m] Failed to build parent project for org.apache.hugegraph:hugegraph-commons:pom:1.7.0
[[1;33mWARNING[m] Failed to build parent project for org.apache.hugegraph:hugegraph-pd:pom:1.7.0
[[1;33mWARNING[m] Failed to build parent project for org.apache.hugegraph:hugegraph-pd:pom:1.7.0
[[1;33mWARNING[m] Failed to build parent project for org.apache.hugegraph:hugegraph-store:pom:1.7.0
[[1;33mWARNING[m] Failed to build parent project for org.apache.hugegraph:hugegraph-store:pom:1.7.0
[[1;33mWARNING[m] Failed to build parent project for org.apache.hugegraph:hugegraph-server:pom:1.7.0
[[1;33mWARNING[m] Failed to build parent project for org.apache.hugegraph:hugegraph-pd:pom:1.7.0
[[1;33mWARNING[m] Failed to build parent project for org.apache.hugegraph:hugegraph-pd:pom:1.7.0
[[1;33mWARNING[m] Failed to build parent project for org.apache.hugegraph:hugegraph-store:pom:1.7.0
[[1;33mWARNING[m] Failed to build parent project for org.apache.hugegraph:hugegraph-store:pom:1.7.0
[[1;34mINFO[m] 
[[1;34mINFO[m] [1m--- [0;32mmaven-resources-plugin:3.1.0:resources[m [1m(default-resources)[m @ [36mhg-store-test[0;1m ---[m
[[1;34mINFO[m] Using 'UTF-8' encoding to copy filtered resources.
[[1;34mINFO[m] Copying 2 resources
[[1;34mINFO[m] Copying 3 resources
[[1;34mINFO[m] 
[[1;34mINFO[m] [1m--- [0;32mflatten-maven-plugin:1.2.7:flatten[m [1m(flatten)[m @ [36mhg-store-test[0;1m ---[m
[[1;34mINFO[m] Generating flattened POM of project org.apache.hugegraph:hg-store-test:jar:1.7.0...
[[1;34mINFO[m] 
[[1;34mINFO[m] [1m--- [0;32mmaven-compiler-plugin:3.1:compile[m [1m(default-compile)[m @ [36mhg-store-test[0;1m ---[m
[[1;34mINFO[m] Nothing to compile - all classes are up to date
[[1;34mINFO[m] 
[[1;34mINFO[m] [1m--- [0;32mmaven-resources-plugin:3.1.0:testResources[m [1m(default-testResources)[m @ [36mhg-store-test[0;1m ---[m
[[1;34mINFO[m] Using 'UTF-8' encoding to copy filtered resources.
[[1;34mINFO[m] skip non existing resourceDirectory /home/zy/code/hugegraph/hugegraph-store/hg-store-test/src/test/resources
[[1;34mINFO[m] Copying 3 resources
[[1;34mINFO[m] 
[[1;34mINFO[m] [1m--- [0;32mmaven-compiler-plugin:3.1:testCompile[m [1m(default-testCompile)[m @ [36mhg-store-test[0;1m ---[m
[[1;34mINFO[m] No sources to compile
[[1;34mINFO[m] 
[[1;34mINFO[m] [1m--- [0;32mmaven-surefire-plugin:2.20:test[m [1m(default-test)[m @ [36mhg-store-test[0;1m ---[m
[[1;34mINFO[m] 
[[1;34mINFO[m] [1m--- [0;32mmaven-surefire-plugin:2.20:test[m [1m(store-client-test)[m @ [36mhg-store-test[0;1m ---[m
[[1;34mINFO[m] 
[[1;34mINFO[m] -------------------------------------------------------
[[1;34mINFO[m]  T E S T S
[[1;34mINFO[m] -------------------------------------------------------
[[1;34mINFO[m] Running org.apache.hugegraph.store.core.[1mHgBusinessImplTest[m
java.lang.instrument.IllegalClassFormatException: Error while instrumenting sun/util/resources/cldr/provider/CLDRLocaleDataMetaInfo with JaCoCo 0.8.8.202204050719/5dcf34a.
	at org.jacoco.agent.rt.internal_b6258fc.CoverageTransformer.transform(CoverageTransformer.java:94)
	at java.instrument/java.lang.instrument.ClassFileTransformer.transform(ClassFileTransformer.java:244)
	at java.instrument/sun.instrument.TransformerManager.transform(TransformerManager.java:188)
	at java.instrument/sun.instrument.InstrumentationImpl.transform(InstrumentationImpl.java:610)
	at java.base/java.lang.ClassLoader.defineClass2(Native Method)
	at java.base/java.lang.ClassLoader.defineClass(ClassLoader.java:1118)
	at java.base/java.security.SecureClassLoader.defineClass(SecureClassLoader.java:182)
	at java.base/jdk.internal.loader.BuiltinClassLoader.defineClass(BuiltinClassLoader.java:821)
	at java.base/jdk.internal.loader.BuiltinClassLoader.findClassInModuleOrNull(BuiltinClassLoader.java:741)
	at java.base/jdk.internal.loader.BuiltinClassLoader.findClass(BuiltinClassLoader.java:621)
	at java.base/java.lang.ClassLoader.loadClass(ClassLoader.java:638)
	at java.base/java.lang.Class.forName(Class.java:627)
	at java.base/java.lang.Class.forName(Class.java:602)
	at java.base/java.util.ServiceLoader.loadProvider(ServiceLoader.java:859)
	at java.base/java.util.ServiceLoader$ModuleServicesLookupIterator.hasNext(ServiceLoader.java:1084)
	at java.base/java.util.ServiceLoader$2.hasNext(ServiceLoader.java:1309)
	at java.base/java.util.ServiceLoader$3.hasNext(ServiceLoader.java:1393)
	at java.base/sun.util.cldr.CLDRLocaleProviderAdapter.lambda$new$0(CLDRLocaleProviderAdapter.java:84)
	at java.base/java.security.AccessController.doPrivileged(AccessController.java:571)
	at java.base/sun.util.cldr.CLDRLocaleProviderAdapter.<init>(CLDRLocaleProviderAdapter.java:83)
	at java.base/jdk.internal.reflect.DirectConstructorHandleAccessor.newInstance(DirectConstructorHandleAccessor.java:62)
	at java.base/java.lang.reflect.Constructor.newInstanceWithCaller(Constructor.java:502)
	at java.base/java.lang.reflect.Constructor.newInstance(Constructor.java:486)
	at java.base/sun.util.locale.provider.LocaleProviderAdapter.forType(LocaleProviderAdapter.java:194)
	at java.base/sun.util.locale.provider.LocaleProviderAdapter.findAdapter(LocaleProviderAdapter.java:293)
	at java.base/sun.util.locale.provider.LocaleProviderAdapter.getAdapter(LocaleProviderAdapter.java:264)
	at java.base/java.util.Calendar.createCalendar(Calendar.java:1696)
	at java.base/java.util.Calendar.getInstance(Calendar.java:1645)
	at org.apache.logging.log4j.core.util.datetime.FixedDateFormat.calcMidnightMillis(FixedDateFormat.java:547)
	at org.apache.logging.log4j.core.util.datetime.FixedDateFormat.updateMidnightMillis(FixedDateFormat.java:538)
	at org.apache.logging.log4j.core.util.datetime.FixedDateFormat.millisSinceMidnight(FixedDateFormat.java:529)
	at org.apache.logging.log4j.core.util.datetime.FixedDateFormat.format(FixedDateFormat.java:616)
	at org.apache.logging.log4j.core.util.datetime.FixedDateFormat.formatInstant(FixedDateFormat.java:590)
	at org.apache.logging.log4j.core.util.datetime.FixedDateFormat.formatInstant(FixedDateFormat.java:584)
	at org.apache.logging.log4j.core.pattern.DatePatternConverter$FixedFormatter.format(DatePatternConverter.java:100)
	at org.apache.logging.log4j.core.pattern.DatePatternConverter$CachedTime.<init>(DatePatternConverter.java:155)
	at org.apache.logging.log4j.core.pattern.DatePatternConverter.fromEpochMillis(DatePatternConverter.java:190)
	at org.apache.logging.log4j.core.pattern.DatePatternConverter.<init>(DatePatternConverter.java:184)
	at org.apache.logging.log4j.core.pattern.DatePatternConverter.newInstance(DatePatternConverter.java:208)
	at java.base/jdk.internal.reflect.DirectMethodHandleAccessor.invoke(DirectMethodHandleAccessor.java:103)
	at java.base/java.lang.reflect.Method.invoke(Method.java:580)
	at org.apache.logging.log4j.core.pattern.PatternParser.createConverter(PatternParser.java:590)
	at org.apache.logging.log4j.core.pattern.PatternParser.finalizeConverter(PatternParser.java:657)
	at org.apache.logging.log4j.core.pattern.PatternParser.parse(PatternParser.java:420)
	at org.apache.logging.log4j.core.pattern.PatternParser.parse(PatternParser.java:177)
	at org.apache.logging.log4j.core.layout.PatternLayout$SerializerBuilder.build(PatternLayout.java:474)
	at org.apache.logging.log4j.core.layout.PatternLayout.<init>(PatternLayout.java:140)
	at org.apache.logging.log4j.core.layout.PatternLayout.<init>(PatternLayout.java:61)
	at org.apache.logging.log4j.core.layout.PatternLayout$Builder.build(PatternLayout.java:770)
	at org.apache.logging.log4j.core.config.AbstractConfiguration.setToDefault(AbstractConfiguration.java:715)
	at org.apache.logging.log4j.core.config.DefaultConfiguration.<init>(DefaultConfiguration.java:47)
	at org.apache.logging.log4j.core.LoggerContext.<init>(LoggerContext.java:95)
	at org.apache.logging.log4j.core.selector.ClassLoaderContextSelector.createContext(ClassLoaderContextSelector.java:254)
	at org.apache.logging.log4j.core.selector.ClassLoaderContextSelector.locateContext(ClassLoaderContextSelector.java:218)
	at org.apache.logging.log4j.core.selector.ClassLoaderContextSelector.getContext(ClassLoaderContextSelector.java:136)
	at org.apache.logging.log4j.core.selector.ClassLoaderContextSelector.getContext(ClassLoaderContextSelector.java:123)
	at org.apache.logging.log4j.core.selector.ClassLoaderContextSelector.getContext(ClassLoaderContextSelector.java:117)
	at org.apache.logging.log4j.core.impl.Log4jContextFactory.getContext(Log4jContextFactory.java:150)
	at org.apache.logging.log4j.core.impl.Log4jContextFactory.getContext(Log4jContextFactory.java:47)
	at org.apache.logging.log4j.LogManager.getContext(LogManager.java:196)
	at org.apache.logging.log4j.spi.AbstractLoggerAdapter.getContext(AbstractLoggerAdapter.java:137)
	at org.apache.logging.slf4j.Log4jLoggerFactory.getContext(Log4jLoggerFactory.java:55)
	at org.apache.logging.log4j.spi.AbstractLoggerAdapter.getLogger(AbstractLoggerAdapter.java:47)
	at org.apache.logging.slf4j.Log4jLoggerFactory.getLogger(Log4jLoggerFactory.java:33)
	at org.slf4j.LoggerFactory.getLogger(LoggerFactory.java:358)
	at org.slf4j.LoggerFactory.getLogger(LoggerFactory.java:383)
	at org.apache.hugegraph.store.core.StoreEngineTestBase.<clinit>(StoreEngineTestBase.java:45)
	at java.base/jdk.internal.misc.Unsafe.ensureClassInitialized0(Native Method)
	at java.base/jdk.internal.misc.Unsafe.ensureClassInitialized(Unsafe.java:1160)
	at java.base/jdk.internal.reflect.MethodHandleAccessorFactory.ensureClassInitialized(MethodHandleAccessorFactory.java:300)
	at java.base/jdk.internal.reflect.MethodHandleAccessorFactory.newMethodAccessor(MethodHandleAccessorFactory.java:71)
	at java.base/jdk.internal.reflect.ReflectionFactory.newMethodAccessor(ReflectionFactory.java:159)
	at java.base/java.lang.reflect.Method.acquireMethodAccessor(Method.java:726)
	at java.base/java.lang.reflect.Method.invoke(Method.java:577)
	at org.junit.runners.model.FrameworkMethod$1.runReflectiveCall(FrameworkMethod.java:59)
	at org.junit.internal.runners.model.ReflectiveCallable.run(ReflectiveCallable.java:12)
	at org.junit.runners.model.FrameworkMethod.invokeExplosively(FrameworkMethod.java:56)
	at org.junit.internal.runners.statements.RunBefores.invokeMethod(RunBefores.java:33)
	at org.junit.internal.runners.statements.RunBefores.evaluate(RunBefores.java:24)
	at org.junit.internal.runners.statements.RunAfters.evaluate(RunAfters.java:27)
	at org.junit.runners.ParentRunner$3.evaluate(ParentRunner.java:306)
	at org.junit.runners.ParentRunner.run(ParentRunner.java:413)
	at org.apache.maven.surefire.junit4.JUnit4Provider.execute(JUnit4Provider.java:365)
	at org.apache.maven.surefire.junit4.JUnit4Provider.executeWithRerun(JUnit4Provider.java:272)
	at org.apache.maven.surefire.junit4.JUnit4Provider.executeTestSet(JUnit4Provider.java:236)
	at org.apache.maven.surefire.junit4.JUnit4Provider.invoke(JUnit4Provider.java:159)
	at org.apache.maven.surefire.booter.ForkedBooter.invokeProviderInSameClassLoader(ForkedBooter.java:386)
	at org.apache.maven.surefire.booter.ForkedBooter.runSuitesInProcess(ForkedBooter.java:323)
	at org.apache.maven.surefire.booter.ForkedBooter.main(ForkedBooter.java:143)
Caused by: java.io.IOException: Error while instrumenting sun/util/resources/cldr/provider/CLDRLocaleDataMetaInfo with JaCoCo 0.8.8.202204050719/5dcf34a.
	at org.jacoco.agent.rt.internal_b6258fc.core.instr.Instrumenter.instrumentError(Instrumenter.java:161)
	at org.jacoco.agent.rt.internal_b6258fc.core.instr.Instrumenter.instrument(Instrumenter.java:111)
	at org.jacoco.agent.rt.internal_b6258fc.CoverageTransformer.transform(CoverageTransformer.java:92)
	... 88 more
Caused by: java.lang.IllegalArgumentException: Unsupported class file major version 65
	at org.jacoco.agent.rt.internal_b6258fc.asm.ClassReader.<init>(ClassReader.java:199)
	at org.jacoco.agent.rt.internal_b6258fc.asm.ClassReader.<init>(ClassReader.java:180)
	at org.jacoco.agent.rt.internal_b6258fc.asm.ClassReader.<init>(ClassReader.java:166)
	at org.jacoco.agent.rt.internal_b6258fc.core.internal.instr.InstrSupport.classReaderFor(InstrSupport.java:280)
	at org.jacoco.agent.rt.internal_b6258fc.core.instr.Instrumenter.instrument(Instrumenter.java:77)
	at org.jacoco.agent.rt.internal_b6258fc.core.instr.Instrumenter.instrument(Instrumenter.java:109)
	... 89 more
java.lang.instrument.IllegalClassFormatException: Error while instrumenting javax/script/ScriptEngineManager with JaCoCo 0.8.8.202204050719/5dcf34a.
	at org.jacoco.agent.rt.internal_b6258fc.CoverageTransformer.transform(CoverageTransformer.java:94)
	at java.instrument/java.lang.instrument.ClassFileTransformer.transform(ClassFileTransformer.java:244)
	at java.instrument/sun.instrument.TransformerManager.transform(TransformerManager.java:188)
	at java.instrument/sun.instrument.InstrumentationImpl.transform(InstrumentationImpl.java:610)
	at java.base/java.lang.ClassLoader.defineClass2(Native Method)
	at java.base/java.lang.ClassLoader.defineClass(ClassLoader.java:1118)
	at java.base/java.security.SecureClassLoader.defineClass(SecureClassLoader.java:182)
	at java.base/jdk.internal.loader.BuiltinClassLoader.defineClass(BuiltinClassLoader.java:821)
	at java.base/jdk.internal.loader.BuiltinClassLoader.findClassInModuleOrNull(BuiltinClassLoader.java:741)
	at java.base/jdk.internal.loader.BuiltinClassLoader.loadClassOrNull(BuiltinClassLoader.java:665)
	at java.base/jdk.internal.loader.BuiltinClassLoader.loadClassOrNull(BuiltinClassLoader.java:700)
	at java.base/jdk.internal.loader.BuiltinClassLoader.loadClassOrNull(BuiltinClassLoader.java:669)
	at java.base/jdk.internal.loader.BuiltinClassLoader.loadClass(BuiltinClassLoader.java:639)
	at java.base/jdk.internal.loader.ClassLoaders$AppClassLoader.loadClass(ClassLoaders.java:188)
	at java.base/java.lang.ClassLoader.loadClass(ClassLoader.java:526)
	at org.apache.logging.log4j.core.script.ScriptManager.<init>(ScriptManager.java:70)
	at org.apache.logging.log4j.core.config.AbstractConfiguration.initialize(AbstractConfiguration.java:221)
	at org.apache.logging.log4j.core.config.AbstractConfiguration.start(AbstractConfiguration.java:289)
	at org.apache.logging.log4j.core.LoggerContext.setConfiguration(LoggerContext.java:626)
	at org.apache.logging.log4j.core.LoggerContext.reconfigure(LoggerContext.java:699)
	at org.apache.logging.log4j.core.LoggerContext.reconfigure(LoggerContext.java:716)
	at org.apache.logging.log4j.core.LoggerContext.start(LoggerContext.java:270)
	at org.apache.logging.log4j.core.impl.Log4jContextFactory.getContext(Log4jContextFactory.java:155)
	at org.apache.logging.log4j.core.impl.Log4jContextFactory.getContext(Log4jContextFactory.java:47)
	at org.apache.logging.log4j.LogManager.getContext(LogManager.java:196)
	at org.apache.logging.log4j.spi.AbstractLoggerAdapter.getContext(AbstractLoggerAdapter.java:137)
	at org.apache.logging.slf4j.Log4jLoggerFactory.getContext(Log4jLoggerFactory.java:55)
	at org.apache.logging.log4j.spi.AbstractLoggerAdapter.getLogger(AbstractLoggerAdapter.java:47)
	at org.apache.logging.slf4j.Log4jLoggerFactory.getLogger(Log4jLoggerFactory.java:33)
	at org.slf4j.LoggerFactory.getLogger(LoggerFactory.java:358)
	at org.slf4j.LoggerFactory.getLogger(LoggerFactory.java:383)
	at org.apache.hugegraph.store.core.StoreEngineTestBase.<clinit>(StoreEngineTestBase.java:45)
	at java.base/jdk.internal.misc.Unsafe.ensureClassInitialized0(Native Method)
	at java.base/jdk.internal.misc.Unsafe.ensureClassInitialized(Unsafe.java:1160)
	at java.base/jdk.internal.reflect.MethodHandleAccessorFactory.ensureClassInitialized(MethodHandleAccessorFactory.java:300)
	at java.base/jdk.internal.reflect.MethodHandleAccessorFactory.newMethodAccessor(MethodHandleAccessorFactory.java:71)
	at java.base/jdk.internal.reflect.ReflectionFactory.newMethodAccessor(ReflectionFactory.java:159)
	at java.base/java.lang.reflect.Method.acquireMethodAccessor(Method.java:726)
	at java.base/java.lang.reflect.Method.invoke(Method.java:577)
	at org.junit.runners.model.FrameworkMethod$1.runReflectiveCall(FrameworkMethod.java:59)
	at org.junit.internal.runners.model.ReflectiveCallable.run(ReflectiveCallable.java:12)
	at org.junit.runners.model.FrameworkMethod.invokeExplosively(FrameworkMethod.java:56)
	at org.junit.internal.runners.statements.RunBefores.invokeMethod(RunBefores.java:33)
	at org.junit.internal.runners.statements.RunBefores.evaluate(RunBefores.java:24)
	at org.junit.internal.runners.statements.RunAfters.evaluate(RunAfters.java:27)
	at org.junit.runners.ParentRunner$3.evaluate(ParentRunner.java:306)
	at org.junit.runners.ParentRunner.run(ParentRunner.java:413)
	at org.apache.maven.surefire.junit4.JUnit4Provider.execute(JUnit4Provider.java:365)
	at org.apache.maven.surefire.junit4.JUnit4Provider.executeWithRerun(JUnit4Provider.java:272)
	at org.apache.maven.surefire.junit4.JUnit4Provider.executeTestSet(JUnit4Provider.java:236)
	at org.apache.maven.surefire.junit4.JUnit4Provider.invoke(JUnit4Provider.java:159)
	at org.apache.maven.surefire.booter.ForkedBooter.invokeProviderInSameClassLoader(ForkedBooter.java:386)
	at org.apache.maven.surefire.booter.ForkedBooter.runSuitesInProcess(ForkedBooter.java:323)
	at org.apache.maven.surefire.booter.ForkedBooter.main(ForkedBooter.java:143)
Caused by: java.io.IOException: Error while instrumenting javax/script/ScriptEngineManager with JaCoCo 0.8.8.202204050719/5dcf34a.
	at org.jacoco.agent.rt.internal_b6258fc.core.instr.Instrumenter.instrumentError(Instrumenter.java:161)
	at org.jacoco.agent.rt.internal_b6258fc.core.instr.Instrumenter.instrument(Instrumenter.java:111)
	at org.jacoco.agent.rt.internal_b6258fc.CoverageTransformer.transform(CoverageTransformer.java:92)
	... 53 more
Caused by: java.lang.IllegalArgumentException: Unsupported class file major version 65
	at org.jacoco.agent.rt.internal_b6258fc.asm.ClassReader.<init>(ClassReader.java:199)
	at org.jacoco.agent.rt.internal_b6258fc.asm.ClassReader.<init>(ClassReader.java:180)
	at org.jacoco.agent.rt.internal_b6258fc.asm.ClassReader.<init>(ClassReader.java:166)
	at org.jacoco.agent.rt.internal_b6258fc.core.internal.instr.InstrSupport.classReaderFor(InstrSupport.java:280)
	at org.jacoco.agent.rt.internal_b6258fc.core.instr.Instrumenter.instrument(Instrumenter.java:77)
	at org.jacoco.agent.rt.internal_b6258fc.core.instr.Instrumenter.instrument(Instrumenter.java:109)
	... 54 more
java.lang.instrument.IllegalClassFormatException: Error while instrumenting javax/script/Bindings with JaCoCo 0.8.8.202204050719/5dcf34a.
	at org.jacoco.agent.rt.internal_b6258fc.CoverageTransformer.transform(CoverageTransformer.java:94)
	at java.instrument/java.lang.instrument.ClassFileTransformer.transform(ClassFileTransformer.java:244)
	at java.instrument/sun.instrument.TransformerManager.transform(TransformerManager.java:188)
	at java.instrument/sun.instrument.InstrumentationImpl.transform(InstrumentationImpl.java:610)
	at java.base/java.lang.ClassLoader.defineClass2(Native Method)
	at java.base/java.lang.ClassLoader.defineClass(ClassLoader.java:1118)
	at java.base/java.security.SecureClassLoader.defineClass(SecureClassLoader.java:182)
	at java.base/jdk.internal.loader.BuiltinClassLoader.defineClass(BuiltinClassLoader.java:821)
	at java.base/jdk.internal.loader.BuiltinClassLoader.findClassInModuleOrNull(BuiltinClassLoader.java:741)
	at java.base/jdk.internal.loader.BuiltinClassLoader.loadClassOrNull(BuiltinClassLoader.java:665)
	at java.base/jdk.internal.loader.BuiltinClassLoader.loadClass(BuiltinClassLoader.java:639)
	at java.base/java.lang.ClassLoader.loadClass(ClassLoader.java:526)
	at org.apache.logging.log4j.core.script.ScriptManager.<init>(ScriptManager.java:70)
	at org.apache.logging.log4j.core.config.AbstractConfiguration.initialize(AbstractConfiguration.java:221)
	at org.apache.logging.log4j.core.config.AbstractConfiguration.start(AbstractConfiguration.java:289)
	at org.apache.logging.log4j.core.LoggerContext.setConfiguration(LoggerContext.java:626)
	at org.apache.logging.log4j.core.LoggerContext.reconfigure(LoggerContext.java:699)
	at org.apache.logging.log4j.core.LoggerContext.reconfigure(LoggerContext.java:716)
	at org.apache.logging.log4j.core.LoggerContext.start(LoggerContext.java:270)
	at org.apache.logging.log4j.core.impl.Log4jContextFactory.getContext(Log4jContextFactory.java:155)
	at org.apache.logging.log4j.core.impl.Log4jContextFactory.getContext(Log4jContextFactory.java:47)
	at org.apache.logging.log4j.LogManager.getContext(LogManager.java:196)
	at org.apache.logging.log4j.spi.AbstractLoggerAdapter.getContext(AbstractLoggerAdapter.java:137)
	at org.apache.logging.slf4j.Log4jLoggerFactory.getContext(Log4jLoggerFactory.java:55)
	at org.apache.logging.log4j.spi.AbstractLoggerAdapter.getLogger(AbstractLoggerAdapter.java:47)
	at org.apache.logging.slf4j.Log4jLoggerFactory.getLogger(Log4jLoggerFactory.java:33)
	at org.slf4j.LoggerFactory.getLogger(LoggerFactory.java:358)
	at org.slf4j.LoggerFactory.getLogger(LoggerFactory.java:383)
	at org.apache.hugegraph.store.core.StoreEngineTestBase.<clinit>(StoreEngineTestBase.java:45)
	at java.base/jdk.internal.misc.Unsafe.ensureClassInitialized0(Native Method)
	at java.base/jdk.internal.misc.Unsafe.ensureClassInitialized(Unsafe.java:1160)
	at java.base/jdk.internal.reflect.MethodHandleAccessorFactory.ensureClassInitialized(MethodHandleAccessorFactory.java:300)
	at java.base/jdk.internal.reflect.MethodHandleAccessorFactory.newMethodAccessor(MethodHandleAccessorFactory.java:71)
	at java.base/jdk.internal.reflect.ReflectionFactory.newMethodAccessor(ReflectionFactory.java:159)
	at java.base/java.lang.reflect.Method.acquireMethodAccessor(Method.java:726)
	at java.base/java.lang.reflect.Method.invoke(Method.java:577)
	at org.junit.runners.model.FrameworkMethod$1.runReflectiveCall(FrameworkMethod.java:59)
	at org.junit.internal.runners.model.ReflectiveCallable.run(ReflectiveCallable.java:12)
	at org.junit.runners.model.FrameworkMethod.invokeExplosively(FrameworkMethod.java:56)
	at org.junit.internal.runners.statements.RunBefores.invokeMethod(RunBefores.java:33)
	at org.junit.internal.runners.statements.RunBefores.evaluate(RunBefores.java:24)
	at org.junit.internal.runners.statements.RunAfters.evaluate(RunAfters.java:27)
	at org.junit.runners.ParentRunner$3.evaluate(ParentRunner.java:306)
	at org.junit.runners.ParentRunner.run(ParentRunner.java:413)
	at org.apache.maven.surefire.junit4.JUnit4Provider.execute(JUnit4Provider.java:365)
	at org.apache.maven.surefire.junit4.JUnit4Provider.executeWithRerun(JUnit4Provider.java:272)
	at org.apache.maven.surefire.junit4.JUnit4Provider.executeTestSet(JUnit4Provider.java:236)
	at org.apache.maven.surefire.junit4.JUnit4Provider.invoke(JUnit4Provider.java:159)
	at org.apache.maven.surefire.booter.ForkedBooter.invokeProviderInSameClassLoader(ForkedBooter.java:386)
	at org.apache.maven.surefire.booter.ForkedBooter.runSuitesInProcess(ForkedBooter.java:323)
	at org.apache.maven.surefire.booter.ForkedBooter.main(ForkedBooter.java:143)
Caused by: java.io.IOException: Error while instrumenting javax/script/Bindings with JaCoCo 0.8.8.202204050719/5dcf34a.
	at org.jacoco.agent.rt.internal_b6258fc.core.instr.Instrumenter.instrumentError(Instrumenter.java:161)
	at org.jacoco.agent.rt.internal_b6258fc.core.instr.Instrumenter.instrument(Instrumenter.java:111)
	at org.jacoco.agent.rt.internal_b6258fc.CoverageTransformer.transform(CoverageTransformer.java:92)
	... 50 more
Caused by: java.lang.IllegalArgumentException: Unsupported class file major version 65
	at org.jacoco.agent.rt.internal_b6258fc.asm.ClassReader.<init>(ClassReader.java:199)
	at org.jacoco.agent.rt.internal_b6258fc.asm.ClassReader.<init>(ClassReader.java:180)
	at org.jacoco.agent.rt.internal_b6258fc.asm.ClassReader.<init>(ClassReader.java:166)
	at org.jacoco.agent.rt.internal_b6258fc.core.internal.instr.InstrSupport.classReaderFor(InstrSupport.java:280)
	at org.jacoco.agent.rt.internal_b6258fc.core.instr.Instrumenter.instrument(Instrumenter.java:77)
	at org.jacoco.agent.rt.internal_b6258fc.core.instr.Instrumenter.instrument(Instrumenter.java:109)
	... 51 more
java.lang.instrument.IllegalClassFormatException: Error while instrumenting javax/script/ScriptEngineFactory with JaCoCo 0.8.8.202204050719/5dcf34a.
	at org.jacoco.agent.rt.internal_b6258fc.CoverageTransformer.transform(CoverageTransformer.java:94)
	at java.instrument/java.lang.instrument.ClassFileTransformer.transform(ClassFileTransformer.java:244)
	at java.instrument/sun.instrument.TransformerManager.transform(TransformerManager.java:188)
	at java.instrument/sun.instrument.InstrumentationImpl.transform(InstrumentationImpl.java:610)
	at java.base/java.lang.ClassLoader.defineClass2(Native Method)
	at java.base/java.lang.ClassLoader.defineClass(ClassLoader.java:1118)
	at java.base/java.security.SecureClassLoader.defineClass(SecureClassLoader.java:182)
	at java.base/jdk.internal.loader.BuiltinClassLoader.defineClass(BuiltinClassLoader.java:821)
	at java.base/jdk.internal.loader.BuiltinClassLoader.findClassInModuleOrNull(BuiltinClassLoader.java:741)
	at java.base/jdk.internal.loader.BuiltinClassLoader.loadClassOrNull(BuiltinClassLoader.java:665)
	at java.base/jdk.internal.loader.BuiltinClassLoader.loadClass(BuiltinClassLoader.java:639)
	at java.base/java.lang.ClassLoader.loadClass(ClassLoader.java:526)
	at java.scripting/javax.script.ScriptEngineManager.<clinit>(ScriptEngineManager.java:315)
	at org.apache.logging.log4j.core.script.ScriptManager.<init>(ScriptManager.java:70)
	at org.apache.logging.log4j.core.config.AbstractConfiguration.initialize(AbstractConfiguration.java:221)
	at org.apache.logging.log4j.core.config.AbstractConfiguration.start(AbstractConfiguration.java:289)
	at org.apache.logging.log4j.core.LoggerContext.setConfiguration(LoggerContext.java:626)
	at org.apache.logging.log4j.core.LoggerContext.reconfigure(LoggerContext.java:699)
	at org.apache.logging.log4j.core.LoggerContext.reconfigure(LoggerContext.java:716)
	at org.apache.logging.log4j.core.LoggerContext.start(LoggerContext.java:270)
	at org.apache.logging.log4j.core.impl.Log4jContextFactory.getContext(Log4jContextFactory.java:155)
	at org.apache.logging.log4j.core.impl.Log4jContextFactory.getContext(Log4jContextFactory.java:47)
	at org.apache.logging.log4j.LogManager.getContext(LogManager.java:196)
	at org.apache.logging.log4j.spi.AbstractLoggerAdapter.getContext(AbstractLoggerAdapter.java:137)
	at org.apache.logging.slf4j.Log4jLoggerFactory.getContext(Log4jLoggerFactory.java:55)
	at org.apache.logging.log4j.spi.AbstractLoggerAdapter.getLogger(AbstractLoggerAdapter.java:47)
	at org.apache.logging.slf4j.Log4jLoggerFactory.getLogger(Log4jLoggerFactory.java:33)
	at org.slf4j.LoggerFactory.getLogger(LoggerFactory.java:358)
	at org.slf4j.LoggerFactory.getLogger(LoggerFactory.java:383)
	at org.apache.hugegraph.store.core.StoreEngineTestBase.<clinit>(StoreEngineTestBase.java:45)
	at java.base/jdk.internal.misc.Unsafe.ensureClassInitialized0(Native Method)
	at java.base/jdk.internal.misc.Unsafe.ensureClassInitialized(Unsafe.java:1160)
	at java.base/jdk.internal.reflect.MethodHandleAccessorFactory.ensureClassInitialized(MethodHandleAccessorFactory.java:300)
	at java.base/jdk.internal.reflect.MethodHandleAccessorFactory.newMethodAccessor(MethodHandleAccessorFactory.java:71)
	at java.base/jdk.internal.reflect.ReflectionFactory.newMethodAccessor(ReflectionFactory.java:159)
	at java.base/java.lang.reflect.Method.acquireMethodAccessor(Method.java:726)
	at java.base/java.lang.reflect.Method.invoke(Method.java:577)
	at org.junit.runners.model.FrameworkMethod$1.runReflectiveCall(FrameworkMethod.java:59)
	at org.junit.internal.runners.model.ReflectiveCallable.run(ReflectiveCallable.java:12)
	at org.junit.runners.model.FrameworkMethod.invokeExplosively(FrameworkMethod.java:56)
	at org.junit.internal.runners.statements.RunBefores.invokeMethod(RunBefores.java:33)
	at org.junit.internal.runners.statements.RunBefores.evaluate(RunBefores.java:24)
	at org.junit.internal.runners.statements.RunAfters.evaluate(RunAfters.java:27)
	at org.junit.runners.ParentRunner$3.evaluate(ParentRunner.java:306)
	at org.junit.runners.ParentRunner.run(ParentRunner.java:413)
	at org.apache.maven.surefire.junit4.JUnit4Provider.execute(JUnit4Provider.java:365)
	at org.apache.maven.surefire.junit4.JUnit4Provider.executeWithRerun(JUnit4Provider.java:272)
	at org.apache.maven.surefire.junit4.JUnit4Provider.executeTestSet(JUnit4Provider.java:236)
	at org.apache.maven.surefire.junit4.JUnit4Provider.invoke(JUnit4Provider.java:159)
	at org.apache.maven.surefire.booter.ForkedBooter.invokeProviderInSameClassLoader(ForkedBooter.java:386)
	at org.apache.maven.surefire.booter.ForkedBooter.runSuitesInProcess(ForkedBooter.java:323)
	at org.apache.maven.surefire.booter.ForkedBooter.main(ForkedBooter.java:143)
Caused by: java.io.IOException: Error while instrumenting javax/script/ScriptEngineFactory with JaCoCo 0.8.8.202204050719/5dcf34a.
	at org.jacoco.agent.rt.internal_b6258fc.core.instr.Instrumenter.instrumentError(Instrumenter.java:161)
	at org.jacoco.agent.rt.internal_b6258fc.core.instr.Instrumenter.instrument(Instrumenter.java:111)
	at org.jacoco.agent.rt.internal_b6258fc.CoverageTransformer.transform(CoverageTransformer.java:92)
	... 51 more
Caused by: java.lang.IllegalArgumentException: Unsupported class file major version 65
	at org.jacoco.agent.rt.internal_b6258fc.asm.ClassReader.<init>(ClassReader.java:199)
	at org.jacoco.agent.rt.internal_b6258fc.asm.ClassReader.<init>(ClassReader.java:180)
	at org.jacoco.agent.rt.internal_b6258fc.asm.ClassReader.<init>(ClassReader.java:166)
	at org.jacoco.agent.rt.internal_b6258fc.core.internal.instr.InstrSupport.classReaderFor(InstrSupport.java:280)
	at org.jacoco.agent.rt.internal_b6258fc.core.instr.Instrumenter.instrument(Instrumenter.java:77)
	at org.jacoco.agent.rt.internal_b6258fc.core.instr.Instrumenter.instrument(Instrumenter.java:109)
	... 52 more
java.lang.instrument.IllegalClassFormatException: Error while instrumenting javax/script/SimpleBindings with JaCoCo 0.8.8.202204050719/5dcf34a.
	at org.jacoco.agent.rt.internal_b6258fc.CoverageTransformer.transform(CoverageTransformer.java:94)
	at java.instrument/java.lang.instrument.ClassFileTransformer.transform(ClassFileTransformer.java:244)
	at java.instrument/sun.instrument.TransformerManager.transform(TransformerManager.java:188)
	at java.instrument/sun.instrument.InstrumentationImpl.transform(InstrumentationImpl.java:610)
	at java.base/java.lang.ClassLoader.defineClass2(Native Method)
	at java.base/java.lang.ClassLoader.defineClass(ClassLoader.java:1118)
	at java.base/java.security.SecureClassLoader.defineClass(SecureClassLoader.java:182)
	at java.base/jdk.internal.loader.BuiltinClassLoader.defineClass(BuiltinClassLoader.java:821)
	at java.base/jdk.internal.loader.BuiltinClassLoader.findClassInModuleOrNull(BuiltinClassLoader.java:741)
	at java.base/jdk.internal.loader.BuiltinClassLoader.loadClassOrNull(BuiltinClassLoader.java:665)
	at java.base/jdk.internal.loader.BuiltinClassLoader.loadClass(BuiltinClassLoader.java:639)
	at java.base/java.lang.ClassLoader.loadClass(ClassLoader.java:526)
	at java.scripting/javax.script.ScriptEngineManager.<init>(ScriptEngineManager.java:333)
	at java.scripting/javax.script.ScriptEngineManager.<init>(ScriptEngineManager.java:63)
	at org.apache.logging.log4j.core.script.ScriptManager.<init>(ScriptManager.java:70)
	at org.apache.logging.log4j.core.config.AbstractConfiguration.initialize(AbstractConfiguration.java:221)
	at org.apache.logging.log4j.core.config.AbstractConfiguration.start(AbstractConfiguration.java:289)
	at org.apache.logging.log4j.core.LoggerContext.setConfiguration(LoggerContext.java:626)
	at org.apache.logging.log4j.core.LoggerContext.reconfigure(LoggerContext.java:699)
	at org.apache.logging.log4j.core.LoggerContext.reconfigure(LoggerContext.java:716)
	at org.apache.logging.log4j.core.LoggerContext.start(LoggerContext.java:270)
	at org.apache.logging.log4j.core.impl.Log4jContextFactory.getContext(Log4jContextFactory.java:155)
	at org.apache.logging.log4j.core.impl.Log4jContextFactory.getContext(Log4jContextFactory.java:47)
	at org.apache.logging.log4j.LogManager.getContext(LogManager.java:196)
	at org.apache.logging.log4j.spi.AbstractLoggerAdapter.getContext(AbstractLoggerAdapter.java:137)
	at org.apache.logging.slf4j.Log4jLoggerFactory.getContext(Log4jLoggerFactory.java:55)
	at org.apache.logging.log4j.spi.AbstractLoggerAdapter.getLogger(AbstractLoggerAdapter.java:47)
	at org.apache.logging.slf4j.Log4jLoggerFactory.getLogger(Log4jLoggerFactory.java:33)
	at org.slf4j.LoggerFactory.getLogger(LoggerFactory.java:358)
	at org.slf4j.LoggerFactory.getLogger(LoggerFactory.java:383)
	at org.apache.hugegraph.store.core.StoreEngineTestBase.<clinit>(StoreEngineTestBase.java:45)
	at java.base/jdk.internal.misc.Unsafe.ensureClassInitialized0(Native Method)
	at java.base/jdk.internal.misc.Unsafe.ensureClassInitialized(Unsafe.java:1160)
	at java.base/jdk.internal.reflect.MethodHandleAccessorFactory.ensureClassInitialized(MethodHandleAccessorFactory.java:300)
	at java.base/jdk.internal.reflect.MethodHandleAccessorFactory.newMethodAccessor(MethodHandleAccessorFactory.java:71)
	at java.base/jdk.internal.reflect.ReflectionFactory.newMethodAccessor(ReflectionFactory.java:159)
	at java.base/java.lang.reflect.Method.acquireMethodAccessor(Method.java:726)
	at java.base/java.lang.reflect.Method.invoke(Method.java:577)
	at org.junit.runners.model.FrameworkMethod$1.runReflectiveCall(FrameworkMethod.java:59)
	at org.junit.internal.runners.model.ReflectiveCallable.run(ReflectiveCallable.java:12)
	at org.junit.runners.model.FrameworkMethod.invokeExplosively(FrameworkMethod.java:56)
	at org.junit.internal.runners.statements.RunBefores.invokeMethod(RunBefores.java:33)
	at org.junit.internal.runners.statements.RunBefores.evaluate(RunBefores.java:24)
	at org.junit.internal.runners.statements.RunAfters.evaluate(RunAfters.java:27)
	at org.junit.runners.ParentRunner$3.evaluate(ParentRunner.java:306)
	at org.junit.runners.ParentRunner.run(ParentRunner.java:413)
	at org.apache.maven.surefire.junit4.JUnit4Provider.execute(JUnit4Provider.java:365)
	at org.apache.maven.surefire.junit4.JUnit4Provider.executeWithRerun(JUnit4Provider.java:272)
	at org.apache.maven.surefire.junit4.JUnit4Provider.executeTestSet(JUnit4Provider.java:236)
	at org.apache.maven.surefire.junit4.JUnit4Provider.invoke(JUnit4Provider.java:159)
	at org.apache.maven.surefire.booter.ForkedBooter.invokeProviderInSameClassLoader(ForkedBooter.java:386)
	at org.apache.maven.surefire.booter.ForkedBooter.runSuitesInProcess(ForkedBooter.java:323)
	at org.apache.maven.surefire.booter.ForkedBooter.main(ForkedBooter.java:143)
Caused by: java.io.IOException: Error while instrumenting javax/script/SimpleBindings with JaCoCo 0.8.8.202204050719/5dcf34a.
	at org.jacoco.agent.rt.internal_b6258fc.core.instr.Instrumenter.instrumentError(Instrumenter.java:161)
	at org.jacoco.agent.rt.internal_b6258fc.core.instr.Instrumenter.instrument(Instrumenter.java:111)
	at org.jacoco.agent.rt.internal_b6258fc.CoverageTransformer.transform(CoverageTransformer.java:92)
	... 52 more
Caused by: java.lang.IllegalArgumentException: Unsupported class file major version 65
	at org.jacoco.agent.rt.internal_b6258fc.asm.ClassReader.<init>(ClassReader.java:199)
	at org.jacoco.agent.rt.internal_b6258fc.asm.ClassReader.<init>(ClassReader.java:180)
	at org.jacoco.agent.rt.internal_b6258fc.asm.ClassReader.<init>(ClassReader.java:166)
	at org.jacoco.agent.rt.internal_b6258fc.core.internal.instr.InstrSupport.classReaderFor(InstrSupport.java:280)
	at org.jacoco.agent.rt.internal_b6258fc.core.instr.Instrumenter.instrument(Instrumenter.java:77)
	at org.jacoco.agent.rt.internal_b6258fc.core.instr.Instrumenter.instrument(Instrumenter.java:109)
	... 53 more
java.lang.instrument.IllegalClassFormatException: Error while instrumenting javax/script/ScriptEngine with JaCoCo 0.8.8.202204050719/5dcf34a.
	at org.jacoco.agent.rt.internal_b6258fc.CoverageTransformer.transform(CoverageTransformer.java:94)
	at java.instrument/java.lang.instrument.ClassFileTransformer.transform(ClassFileTransformer.java:244)
	at java.instrument/sun.instrument.TransformerManager.transform(TransformerManager.java:188)
	at java.instrument/sun.instrument.InstrumentationImpl.transform(InstrumentationImpl.java:610)
	at java.base/java.lang.ClassLoader.defineClass2(Native Method)
	at java.base/java.lang.ClassLoader.defineClass(ClassLoader.java:1118)
	at java.base/java.security.SecureClassLoader.defineClass(SecureClassLoader.java:182)
	at java.base/jdk.internal.loader.BuiltinClassLoader.defineClass(BuiltinClassLoader.java:821)
	at java.base/jdk.internal.loader.BuiltinClassLoader.findClassInModuleOrNull(BuiltinClassLoader.java:741)
	at java.base/jdk.internal.loader.BuiltinClassLoader.loadClassOrNull(BuiltinClassLoader.java:665)
	at java.base/jdk.internal.loader.BuiltinClassLoader.loadClassOrNull(BuiltinClassLoader.java:700)
	at java.base/jdk.internal.loader.BuiltinClassLoader.loadClassOrNull(BuiltinClassLoader.java:669)
	at java.base/jdk.internal.loader.BuiltinClassLoader.loadClass(BuiltinClassLoader.java:639)
	at java.base/jdk.internal.loader.ClassLoaders$AppClassLoader.loadClass(ClassLoaders.java:188)
	at java.base/java.lang.ClassLoader.loadClass(ClassLoader.java:526)
	at java.base/java.lang.Class.getDeclaredConstructors0(Native Method)
	at java.base/java.lang.Class.privateGetDeclaredConstructors(Class.java:3551)
	at java.base/java.lang.Class.getConstructor0(Class.java:3756)
	at java.base/java.lang.Class.getConstructor(Class.java:2444)
	at java.base/java.util.ServiceLoader$1.run(ServiceLoader.java:666)
	at java.base/java.util.ServiceLoader$1.run(ServiceLoader.java:663)
	at java.base/java.security.AccessController.doPrivileged(AccessController.java:571)
	at java.base/java.util.ServiceLoader.getConstructor(ServiceLoader.java:674)
	at java.base/java.util.ServiceLoader$LazyClassPathLookupIterator.hasNextService(ServiceLoader.java:1240)
	at java.base/java.util.ServiceLoader$LazyClassPathLookupIterator.hasNext(ServiceLoader.java:1273)
	at java.base/java.util.ServiceLoader$2.hasNext(ServiceLoader.java:1309)
	at java.base/java.util.ServiceLoader$3.hasNext(ServiceLoader.java:1393)
	at java.scripting/javax.script.ScriptEngineManager.initEngines(ScriptEngineManager.java:103)
	at java.scripting/javax.script.ScriptEngineManager.<init>(ScriptEngineManager.java:76)
	at java.scripting/javax.script.ScriptEngineManager.<init>(ScriptEngineManager.java:63)
	at org.apache.logging.log4j.core.script.ScriptManager.<init>(ScriptManager.java:70)
	at org.apache.logging.log4j.core.config.AbstractConfiguration.initialize(AbstractConfiguration.java:221)
	at org.apache.logging.log4j.core.config.AbstractConfiguration.start(AbstractConfiguration.java:289)
	at org.apache.logging.log4j.core.LoggerContext.setConfiguration(LoggerContext.java:626)
	at org.apache.logging.log4j.core.LoggerContext.reconfigure(LoggerContext.java:699)
	at org.apache.logging.log4j.core.LoggerContext.reconfigure(LoggerContext.java:716)
	at org.apache.logging.log4j.core.LoggerContext.start(LoggerContext.java:270)
	at org.apache.logging.log4j.core.impl.Log4jContextFactory.getContext(Log4jContextFactory.java:155)
	at org.apache.logging.log4j.core.impl.Log4jContextFactory.getContext(Log4jContextFactory.java:47)
	at org.apache.logging.log4j.LogManager.getContext(LogManager.java:196)
	at org.apache.logging.log4j.spi.AbstractLoggerAdapter.getContext(AbstractLoggerAdapter.java:137)
	at org.apache.logging.slf4j.Log4jLoggerFactory.getContext(Log4jLoggerFactory.java:55)
	at org.apache.logging.log4j.spi.AbstractLoggerAdapter.getLogger(AbstractLoggerAdapter.java:47)
	at org.apache.logging.slf4j.Log4jLoggerFactory.getLogger(Log4jLoggerFactory.java:33)
	at org.slf4j.LoggerFactory.getLogger(LoggerFactory.java:358)
	at org.slf4j.LoggerFactory.getLogger(LoggerFactory.java:383)
	at org.apache.hugegraph.store.core.StoreEngineTestBase.<clinit>(StoreEngineTestBase.java:45)
	at java.base/jdk.internal.misc.Unsafe.ensureClassInitialized0(Native Method)
	at java.base/jdk.internal.misc.Unsafe.ensureClassInitialized(Unsafe.java:1160)
	at java.base/jdk.internal.reflect.MethodHandleAccessorFactory.ensureClassInitialized(MethodHandleAccessorFactory.java:300)
	at java.base/jdk.internal.reflect.MethodHandleAccessorFactory.newMethodAccessor(MethodHandleAccessorFactory.java:71)
	at java.base/jdk.internal.reflect.ReflectionFactory.newMethodAccessor(ReflectionFactory.java:159)
	at java.base/java.lang.reflect.Method.acquireMethodAccessor(Method.java:726)
	at java.base/java.lang.reflect.Method.invoke(Method.java:577)
	at org.junit.runners.model.FrameworkMethod$1.runReflectiveCall(FrameworkMethod.java:59)
	at org.junit.internal.runners.model.ReflectiveCallable.run(ReflectiveCallable.java:12)
	at org.junit.runners.model.FrameworkMethod.invokeExplosively(FrameworkMethod.java:56)
	at org.junit.internal.runners.statements.RunBefores.invokeMethod(RunBefores.java:33)
	at org.junit.internal.runners.statements.RunBefores.evaluate(RunBefores.java:24)
	at org.junit.internal.runners.statements.RunAfters.evaluate(RunAfters.java:27)
	at org.junit.runners.ParentRunner$3.evaluate(ParentRunner.java:306)
	at org.junit.runners.ParentRunner.run(ParentRunner.java:413)
	at org.apache.maven.surefire.junit4.JUnit4Provider.execute(JUnit4Provider.java:365)
	at org.apache.maven.surefire.junit4.JUnit4Provider.executeWithRerun(JUnit4Provider.java:272)
	at org.apache.maven.surefire.junit4.JUnit4Provider.executeTestSet(JUnit4Provider.java:236)
	at org.apache.maven.surefire.junit4.JUnit4Provider.invoke(JUnit4Provider.java:159)
	at org.apache.maven.surefire.booter.ForkedBooter.invokeProviderInSameClassLoader(ForkedBooter.java:386)
	at org.apache.maven.surefire.booter.ForkedBooter.runSuitesInProcess(ForkedBooter.java:323)
	at org.apache.maven.surefire.booter.ForkedBooter.main(ForkedBooter.java:143)
Caused by: java.io.IOException: Error while instrumenting javax/script/ScriptEngine with JaCoCo 0.8.8.202204050719/5dcf34a.
	at org.jacoco.agent.rt.internal_b6258fc.core.instr.Instrumenter.instrumentError(Instrumenter.java:161)
	at org.jacoco.agent.rt.internal_b6258fc.core.instr.Instrumenter.instrument(Instrumenter.java:111)
	at org.jacoco.agent.rt.internal_b6258fc.CoverageTransformer.transform(CoverageTransformer.java:92)
	... 68 more
Caused by: java.lang.IllegalArgumentException: Unsupported class file major version 65
	at org.jacoco.agent.rt.internal_b6258fc.asm.ClassReader.<init>(ClassReader.java:199)
	at org.jacoco.agent.rt.internal_b6258fc.asm.ClassReader.<init>(ClassReader.java:180)
	at org.jacoco.agent.rt.internal_b6258fc.asm.ClassReader.<init>(ClassReader.java:166)
	at org.jacoco.agent.rt.internal_b6258fc.core.internal.instr.InstrSupport.classReaderFor(InstrSupport.java:280)
	at org.jacoco.agent.rt.internal_b6258fc.core.instr.Instrumenter.instrument(Instrumenter.java:77)
	at org.jacoco.agent.rt.internal_b6258fc.core.instr.Instrumenter.instrument(Instrumenter.java:109)
	... 69 more
2026-09-13 18:04:14 [main] [INFO] o.a.h.s.o.RaftRocksdbOptions - RocksdbConfig -1
2026-09-13 18:04:14 [main] [WARN] o.a.h.c.OptionSpace - Already registered option holder: rocksdb (class org.apache.hugegraph.rocksdb.access.RocksDBOptions)
2026-09-13 18:04:14 [main] [WARN] o.a.h.c.HugeConfig - The config option 'rocksdb.write_cache' is redundant, please ensure it has been registered
2026-09-13 18:04:14 [main] [WARN] o.a.h.c.HugeConfig - The config option 'rocksdb.write_buffer_manager' is redundant, please ensure it has been registered
2026-09-13 18:04:14 [main] [WARN] o.a.h.c.HugeConfig - The config option 'rocksdb.env' is redundant, please ensure it has been registered
2026-09-13 18:04:14 [main] [WARN] o.a.h.c.HugeConfig - The config option 'rocksdb.block_table_config' is redundant, please ensure it has been registered
2026-09-13 18:04:14 [main] [WARN] o.a.h.c.HugeConfig - The config option 'rocksdb.block_cache' is redundant, please ensure it has been registered
2026-09-13 18:04:14 [main] [INFO] o.a.h.r.a.RocksDBFactory - create rocksdb for hgstore-metadata
2026-09-13 18:04:14 [main] [INFO] o.a.h.r.a.RocksDBSession - hgstore-metadata latest db path /tmp/junit/hgstore-metadata
2026-09-13 18:04:14 [main] [INFO] o.a.h.r.a.RocksDBSession - rocksdb use global WriteBufferManager
2026-09-13 18:04:14 [main] [INFO] c.a.s.j.u.JRaftServiceLoader - SPI service [com.alipay.sofa.jraft.util.timer.RaftTimerFactory - com.alipay.sofa.jraft.util.timer.DefaultRaftTimerFactory] loading.
2026-09-13 18:04:14 [main] [INFO] c.a.s.j.u.JRaftServiceLoader - SPI service [com.alipay.sofa.jraft.rpc.RaftRpcFactory - com.alipay.sofa.jraft.rpc.impl.BoltRaftRpcFactory] loading.
Sofa-Middleware-Log SLF4J : Actual binding is of type [ com.alipay.remoting Log4j2 ]
2026-09-13 18:04:14 [main] [INFO] c.a.s.c.log - Sofa-Middleware-Log SLF4J : Actual binding is of type [ com.alipay.remoting Log4j2 ]
2026-09-13 18:04:15 [hg-heartbeat] [INFO] o.a.h.s.p.FakePdServiceProvider - registerStore storeId:0, storeAddress:127.0.0.1:6511
2026-09-13 18:04:15 [main] [INFO] o.a.h.s.m.StoreMetadata - allocate db path using partition count: db count stats: {/tmp/junit=0}
2026-09-13 18:04:15 [main] [INFO] o.a.h.r.a.RocksDBFactory - create rocksdb for 00000
2026-09-13 18:04:15 [main] [INFO] o.a.h.r.a.RocksDBSession - 00000 latest db path /tmp/junit/db/00000
2026-09-13 18:04:15 [main] [INFO] o.a.h.r.a.RocksDBSession - rocksdb use global WriteBufferManager
2026-09-13 18:04:15 [hg-heartbeat] [INFO] o.a.h.s.HeartbeatService - Register Store id= -35791620 successfully. store = Store(version=1.7.0, id=-35791620, storeAddress=127.0.0.1:6511, pdAddress=null, raftAddress=127.0.0.1:6510, deployPath=/home/zy/code/hugegraph/hugegraph-store/hg-store-test/target/classes/, dataPath=/tmp/junit, dataVersion=1, partitionCount=0, startTime=0, usedSize=0, pdHeartbeatInterval=0, state=Unknown, labels=null, cores=16), clusterStats 
2026-09-13 18:04:15 [JRaft-Closure-Executor-0] [INFO] o.a.h.s.HgStoreEngine - stateChanged, oldState Unknown, newState Up
2026-09-13 18:04:15 [JRaft-Closure-Executor-0] [ERROR] o.a.h.s.m.PartitionManager - partition 0 Directory not exists,options /tmp/junit
2026-09-13 18:04:15 [main] [INFO] o.a.h.s.HgStoreEngine - createPartitionEngine 0, with shards: { id:-35791620,role:Leader }
2026-09-13 18:04:15 [main] [INFO] o.a.h.s.m.StoreMetadata - allocate db path using partition count: db count stats: {/tmp/junit=0}
2026-09-13 18:04:15 [main] [INFO] o.a.h.s.PartitionEngine - PartitionEngine starting: PartitionEngine{groupId =0, isLeader=false, options=PartitionEngineOptions(taskScheduleTime=60, splitPartitionTimeout=1800000, raftOptions=HgStoreEngineOptions.RaftOptions(rpcConnectTimeoutMs=1000, electionTimeoutMs=3000, rpcInstallSnapshotTimeout=3600000, waitLeaderTimeout=30, maxEntriesSize=256, maxBodySize=524288, overloadRateLimit=100, keepInMemorySegmentCount=2, preAllocateSegmentCount=1, splitPartitionLogIndexMargin=10, rpcDefaultTimeout=5000, snapshotIntervalSecs=3600, snapshotDownloadingThreads=4, snapshotLogIndexMargin=1024, metrics=true, disruptorBufferSize=4096, maxReplicatorInflightMsgs=256, maxLogSize=104857600, aveLogEntrySizeRatio=0.95, useRocksDBSegmentLogStorage=true, maxSegmentFileSize=67108864), raftDataPath=/tmp/junit/raft/00000, raftSnapShotPath=/tmp/junit/raft/00000, groupId=0, raftAddress=127.0.0.1:6510, peerList=[127.0.0.1:6510::100], conf=null, taskHandler=null)}
2026-09-13 18:04:15 [main] [INFO] c.a.s.j.u.JRaftServiceLoader - SPI service [com.alipay.sofa.jraft.JRaftServiceFactory - com.alipay.sofa.jraft.core.DefaultJRaftServiceFactory] loading.
2026-09-13 18:04:15 [main] [INFO] c.a.s.j.u.JRaftServiceLoader - SPI service [com.alipay.sofa.jraft.util.JRaftSignalHandler - com.alipay.sofa.jraft.NodeDescribeSignalHandler] loading.
2026-09-13 18:04:15 [main] [INFO] c.a.s.j.u.JRaftServiceLoader - SPI service [com.alipay.sofa.jraft.util.JRaftSignalHandler - com.alipay.sofa.jraft.NodeMetricsSignalHandler] loading.
2026-09-13 18:04:15 [main] [INFO] c.a.s.j.u.JRaftServiceLoader - SPI service [com.alipay.sofa.jraft.util.JRaftSignalHandler - com.alipay.sofa.jraft.ThreadPoolMetricsSignalHandler] loading.
2026-09-13 18:04:15 [main] [INFO] c.a.s.j.c.NodeImpl - The number of active nodes increment to 1.
2026-09-13 18:04:15 [main] [INFO] c.a.s.j.s.l.RocksDBSegmentLogStorage - RocksDBSegmentLogStorage Loaded 0 segment files and  0 blank segment files from path /tmp/junit/raft/00000/log/segments.
2026-09-13 18:04:15 [main] [INFO] c.a.s.j.s.l.RocksDBSegmentLogStorage - RocksDBSegmentLogStorage segments: 
[
]
2026-09-13 18:04:15 [main] [INFO] c.a.s.j.s.l.RocksDBSegmentLogStorage - RocksDBSegmentLogStorage started checkpoint task.
2026-09-13 18:04:15 [main] [INFO] c.a.s.j.s.l.SegmentFile - Created a new segment file /tmp/junit/raft/00000/log/segments/0000000000000000000.s cost 11 ms, wrotePosition=18, bufferPosition=18, mappedSize=1073741824.
2026-09-13 18:04:15 [main] [INFO] c.a.s.j.s.l.RocksDBSegmentLogStorage - Create a new segment file /tmp/junit/raft/00000/log/segments/0000000000000000000.s.
2026-09-13 18:04:15 [main] [INFO] c.a.s.j.s.l.RocksDBSegmentLogStorage - RocksDBSegmentLogStorage init and load cost 19 ms.
2026-09-13 18:04:15 [SegmentAllocator] [INFO] c.a.s.j.s.l.RocksDBSegmentLogStorage - SegmentAllocator is started.
2026-09-13 18:04:15 [main] [INFO] c.a.s.j.c.FSMCallerImpl - Starts FSMCaller successfully.
2026-09-13 18:04:15 [SegmentAllocator] [INFO] c.a.s.j.s.l.SegmentFile - Created a new segment file /tmp/junit/raft/00000/log/segments/0000000000000000001.s cost 8 ms, wrotePosition=18, bufferPosition=18, mappedSize=1073741824.
2026-09-13 18:04:15 [SegmentAllocator] [INFO] c.a.s.j.s.l.RocksDBSegmentLogStorage - Create a new segment file /tmp/junit/raft/00000/log/segments/0000000000000000001.s.
2026-09-13 18:04:15 [main] [WARN] c.a.s.j.s.s.l.LocalSnapshotStorage - No data for snapshot reader /tmp/junit/raft/00000/snapshot.
2026-09-13 18:04:15 [main] [INFO] c.a.s.j.c.NodeImpl - Node <hg_0/127.0.0.1:6510> init, term=0, lastLogId=LogId [index=0, term=0], conf=127.0.0.1:6510::100, oldConf=.
2026-09-13 18:04:15 [main] [INFO] c.a.s.j.c.NodeImpl - Node <hg_0/127.0.0.1:6510> start vote and grant vote self, term=0.
2026-09-13 18:04:15 [main] [INFO] c.a.s.j.s.i.LocalRaftMetaStorage - Save raft meta, path=/tmp/junit/raft/00000/meta, term=1, votedFor=127.0.0.1:6510, cost time=14 ms
2026-09-13 18:04:15 [main] [INFO] c.a.s.j.c.NodeImpl - Node <hg_0/127.0.0.1:6510> become leader of group, term=1, conf=127.0.0.1:6510::100, oldConf=.
2026-09-13 18:04:15 [main] [INFO] c.a.s.j.u.Recyclers - -Djraft.recyclers.maxCapacityPerThread: 4096.
2026-09-13 18:04:15 [main] [WARN] c.a.s.j.RaftGroupService - RPC server is not started in RaftGroupService.
2026-09-13 18:04:15 [main] [INFO] c.a.s.j.RaftGroupService - Start the RaftGroupService successfully.
2026-09-13 18:04:15 [main] [INFO] o.a.h.s.PartitionEngine - PartitionEngine start successfully: id = 0, peers list = [127.0.0.1:6510::100]
2026-09-13 18:04:15 [JRaft-FSMCaller-Disruptor-0] [INFO] c.a.s.j.c.StateMachineAdapter - onLeaderStart: term=1.
2026-09-13 18:04:15 [JRaft-FSMCaller-Disruptor-0] [INFO] o.a.h.s.r.PartitionStateMachine - Raft 0 becomes leader 
2026-09-13 18:04:15 [JRaft-Closure-Executor-3] [INFO] o.a.h.s.PartitionEngine - Raft 0 onLeaderStart newTerm is 1
2026-09-13 18:04:15 [JRaft-Closure-Executor-3] [INFO] o.a.h.s.PartitionEngine - Raft 0 onConfigurationCommitted, conf is 127.0.0.1:6510::100
2026-09-13 18:04:15 [JRaft-Closure-Executor-3] [INFO] o.a.h.s.PartitionEngine - Raft 0 onConfigurationCommitted, shardGroup [store_id: 18446744073673759996
role: Leader
]
2026-09-13 18:04:15 [main] [INFO] o.a.h.s.m.GraphIdManager - partition: 0, Graph ID 0 is allocated for graph LoadSnapshot-graph1, stack: [java.base/java.lang.Thread.getStackTrace(Thread.java:2451), org.apache.hugegraph.store.meta.GraphIdManager.getGraphIdOrCreate(GraphIdManager.java:98), org.apache.hugegraph.store.business.InnerKeyCreator.getGraphIdOrCreate(InnerKeyCreator.java:64), org.apache.hugegraph.store.business.InnerKeyCreator.getKeyOrCreate(InnerKeyCreator.java:90), org.apache.hugegraph.store.business.BusinessHandlerImpl.doPut(BusinessHandlerImpl.java:281), org.apache.hugegraph.store.core.HgBusinessImplTest.testLoadSnapshot(HgBusinessImplTest.java:113), java.base/jdk.internal.reflect.DirectMethodHandleAccessor.invoke(DirectMethodHandleAccessor.java:103), java.base/java.lang.reflect.Method.invoke(Method.java:580), org.junit.runners.model.FrameworkMethod$1.runReflectiveCall(FrameworkMethod.java:59), org.junit.internal.runners.model.ReflectiveCallable.run(ReflectiveCallable.java:12), org.junit.runners.model.FrameworkMethod.invokeExplosively(FrameworkMethod.java:56), org.junit.internal.runners.statements.InvokeMethod.evaluate(InvokeMethod.java:17), org.junit.runners.ParentRunner$3.evaluate(ParentRunner.java:306), org.junit.runners.BlockJUnit4ClassRunner$1.evaluate(BlockJUnit4ClassRunner.java:100), org.junit.runners.ParentRunner.runLeaf(ParentRunner.java:366), org.junit.runners.BlockJUnit4ClassRunner.runChild(BlockJUnit4ClassRunner.java:103), org.junit.runners.BlockJUnit4ClassRunner.runChild(BlockJUnit4ClassRunner.java:63), org.junit.runners.ParentRunner$4.run(ParentRunner.java:331), org.junit.runners.ParentRunner$1.schedule(ParentRunner.java:79), org.junit.runners.ParentRunner.runChildren(ParentRunner.java:329), org.junit.runners.ParentRunner.access$100(ParentRunner.java:66), org.junit.runners.ParentRunner$2.evaluate(ParentRunner.java:293), org.junit.internal.runners.statements.RunBefores.evaluate(RunBefores.java:26), org.junit.internal.runners.statements.RunAfters.evaluate(RunAfters.java:27), org.junit.runners.ParentRunner$3.evaluate(ParentRunner.java:306), org.junit.runners.ParentRunner.run(ParentRunner.java:413), org.apache.maven.surefire.junit4.JUnit4Provider.execute(JUnit4Provider.java:365), org.apache.maven.surefire.junit4.JUnit4Provider.executeWithRerun(JUnit4Provider.java:272), org.apache.maven.surefire.junit4.JUnit4Provider.executeTestSet(JUnit4Provider.java:236), org.apache.maven.surefire.junit4.JUnit4Provider.invoke(JUnit4Provider.java:159), org.apache.maven.surefire.booter.ForkedBooter.invokeProviderInSameClassLoader(ForkedBooter.java:386), org.apache.maven.surefire.booter.ForkedBooter.runSuitesInProcess(ForkedBooter.java:323), org.apache.maven.surefire.booter.ForkedBooter.main(ForkedBooter.java:143)]
255
2026-09-13 18:04:15 [main] [WARN] o.a.h.s.b.BusinessHandlerImpl - close all db!!! 
2026-09-13 18:04:15 [main] [INFO] o.a.h.r.a.RocksDBFactory - close 00000 's  rocksdb.
2026-09-13 18:04:15 [main] [INFO] o.a.h.r.a.RocksDBSession - shutdown db 00000, path is /tmp/junit/db/00000 
2026-09-13 18:04:15 [main] [INFO] o.a.h.r.a.RocksDBFactory - close hgstore-metadata 's  rocksdb.
2026-09-13 18:04:15 [main] [INFO] o.a.h.r.a.RocksDBSession - shutdown db hgstore-metadata, path is /tmp/junit/hgstore-metadata 
start loadSnapshot
2026-09-13 18:04:15 [main] [INFO] o.a.h.r.a.RocksDBFactory - create rocksdb for hgstore-metadata
2026-09-13 18:04:15 [main] [INFO] o.a.h.r.a.RocksDBSession - hgstore-metadata latest db path /tmp/junit/hgstore-metadata
2026-09-13 18:04:15 [main] [INFO] o.a.h.r.a.RocksDBSession - rocksdb use global WriteBufferManager
2026-09-13 18:04:15 [main] [INFO] o.a.h.r.a.RocksDBFactory - create rocksdb for 00000
2026-09-13 18:04:15 [main] [INFO] o.a.h.r.a.RocksDBSession - 00000 latest db path /tmp/junit/db/00000
2026-09-13 18:04:15 [main] [INFO] o.a.h.r.a.RocksDBSession - rocksdb use global WriteBufferManager
2026-09-13 18:04:15 [main] [INFO] o.a.h.r.a.RocksDBSession - begin load snapshot from /tmp/junit/db/00000
2026-09-13 18:04:15 [main] [INFO] o.a.h.r.a.RocksDBSession - verifySnapshot /tmp/junit/db/00000_10_temp_ Ok
2026-09-13 18:04:15 [main] [INFO] o.a.h.r.a.RocksDBSession - loaded snapshot from /tmp/junit/db/00000, time cost 3 ms
2026-09-13 18:04:15 [main] [INFO] o.a.h.r.a.RocksDBFactory - destroy 00000 's  rocksdb.
2026-09-13 18:04:15 [main] [INFO] o.a.h.r.a.RocksDBFactory - close 00000 's  rocksdb.
2026-09-13 18:04:15 [main] [INFO] o.a.h.r.a.RocksDBSession - shutdown db 00000, path is /tmp/junit/db/00000 
2026-09-13 18:04:15 [main] [INFO] o.a.h.r.a.RocksDBFactory - create rocksdb for 00000
2026-09-13 18:04:15 [main] [INFO] o.a.h.r.a.RocksDBSession - 00000 latest db path /tmp/junit/db/00000_10
2026-09-13 18:04:15 [main] [INFO] o.a.h.r.a.RocksDBSession - rocksdb use global WriteBufferManager
/tmp/junit/db/00000_10
2026-09-13 18:04:16 [main] [INFO] o.a.h.s.m.GraphIdManager - partition: 0, Graph ID 1 is allocated for graph testPut-graph1, stack: [java.base/java.lang.Thread.getStackTrace(Thread.java:2451), org.apache.hugegraph.store.meta.GraphIdManager.getGraphIdOrCreate(GraphIdManager.java:98), org.apache.hugegraph.store.business.InnerKeyCreator.getGraphIdOrCreate(InnerKeyCreator.java:64), org.apache.hugegraph.store.business.InnerKeyCreator.getKeyOrCreate(InnerKeyCreator.java:90), org.apache.hugegraph.store.business.BusinessHandlerImpl.doPut(BusinessHandlerImpl.java:281), org.apache.hugegraph.store.core.HgBusinessImplTest.testPut(HgBusinessImplTest.java:53), java.base/jdk.internal.reflect.DirectMethodHandleAccessor.invoke(DirectMethodHandleAccessor.java:103), java.base/java.lang.reflect.Method.invoke(Method.java:580), org.junit.runners.model.FrameworkMethod$1.runReflectiveCall(FrameworkMethod.java:59), org.junit.internal.runners.model.ReflectiveCallable.run(ReflectiveCallable.java:12), org.junit.runners.model.FrameworkMethod.invokeExplosively(FrameworkMethod.java:56), org.junit.internal.runners.statements.InvokeMethod.evaluate(InvokeMethod.java:17), org.junit.runners.ParentRunner$3.evaluate(ParentRunner.java:306), org.junit.runners.BlockJUnit4ClassRunner$1.evaluate(BlockJUnit4ClassRunner.java:100), org.junit.runners.ParentRunner.runLeaf(ParentRunner.java:366), org.junit.runners.BlockJUnit4ClassRunner.runChild(BlockJUnit4ClassRunner.java:103), org.junit.runners.BlockJUnit4ClassRunner.runChild(BlockJUnit4ClassRunner.java:63), org.junit.runners.ParentRunner$4.run(ParentRunner.java:331), org.junit.runners.ParentRunner$1.schedule(ParentRunner.java:79), org.junit.runners.ParentRunner.runChildren(ParentRunner.java:329), org.junit.runners.ParentRunner.access$100(ParentRunner.java:66), org.junit.runners.ParentRunner$2.evaluate(ParentRunner.java:293), org.junit.internal.runners.statements.RunBefores.evaluate(RunBefores.java:26), org.junit.internal.runners.statements.RunAfters.evaluate(RunAfters.java:27), org.junit.runners.ParentRunner$3.evaluate(ParentRunner.java:306), org.junit.runners.ParentRunner.run(ParentRunner.java:413), org.apache.maven.surefire.junit4.JUnit4Provider.execute(JUnit4Provider.java:365), org.apache.maven.surefire.junit4.JUnit4Provider.executeWithRerun(JUnit4Provider.java:272), org.apache.maven.surefire.junit4.JUnit4Provider.executeTestSet(JUnit4Provider.java:236), org.apache.maven.surefire.junit4.JUnit4Provider.invoke(JUnit4Provider.java:159), org.apache.maven.surefire.booter.ForkedBooter.invokeProviderInSameClassLoader(ForkedBooter.java:386), org.apache.maven.surefire.booter.ForkedBooter.runSuitesInProcess(ForkedBooter.java:323), org.apache.maven.surefire.booter.ForkedBooter.main(ForkedBooter.java:143)]
2026-09-13 18:04:16 [JRaft-FSMCaller-Disruptor-0] [INFO] o.a.h.s.PartitionEngine - receive sync partition graph_name: "testPut-graph1"
end_key: 65535
version: 1
state: PState_Normal

2026-09-13 18:04:16 [JRaft-FSMCaller-Disruptor-0] [INFO] o.a.h.s.HgStoreEngine - Partition testPut-graph1-0-PState_Normal sync partition status is Status[OK]
2026-09-13 18:04:16 [SegmentAllocator] [INFO] c.a.s.j.s.l.SegmentFile - Created a new segment file /tmp/junit/raft/00000/log/segments/0000000000000000002.s cost 14 ms, wrotePosition=18, bufferPosition=18, mappedSize=1073741824.
2026-09-13 18:04:16 [SegmentAllocator] [INFO] c.a.s.j.s.l.RocksDBSegmentLogStorage - Create a new segment file /tmp/junit/raft/00000/log/segments/0000000000000000002.s.
2026-09-13 18:04:16 [JRaft-FSMCaller-Disruptor-0] [INFO] o.a.h.s.PartitionEngine - receive sync partition graph_name: "testPut-graph2"
end_key: 65535
version: 1
state: PState_Normal

2026-09-13 18:04:16 [JRaft-FSMCaller-Disruptor-0] [INFO] o.a.h.s.HgStoreEngine - Partition testPut-graph2-0-PState_Normal sync partition status is Status[OK]
2026-09-13 18:04:16 [main] [INFO] o.a.h.s.m.GraphIdManager - partition: 0, Graph ID 2 is allocated for graph testPut-graph2, stack: [java.base/java.lang.Thread.getStackTrace(Thread.java:2451), org.apache.hugegraph.store.meta.GraphIdManager.getGraphIdOrCreate(GraphIdManager.java:98), org.apache.hugegraph.store.business.InnerKeyCreator.getGraphIdOrCreate(InnerKeyCreator.java:64), org.apache.hugegraph.store.business.InnerKeyCreator.getKeyOrCreate(InnerKeyCreator.java:90), org.apache.hugegraph.store.business.BusinessHandlerImpl.doPut(BusinessHandlerImpl.java:281), org.apache.hugegraph.store.core.HgBusinessImplTest.testPut(HgBusinessImplTest.java:58), java.base/jdk.internal.reflect.DirectMethodHandleAccessor.invoke(DirectMethodHandleAccessor.java:103), java.base/java.lang.reflect.Method.invoke(Method.java:580), org.junit.runners.model.FrameworkMethod$1.runReflectiveCall(FrameworkMethod.java:59), org.junit.internal.runners.model.ReflectiveCallable.run(ReflectiveCallable.java:12), org.junit.runners.model.FrameworkMethod.invokeExplosively(FrameworkMethod.java:56), org.junit.internal.runners.statements.InvokeMethod.evaluate(InvokeMethod.java:17), org.junit.runners.ParentRunner$3.evaluate(ParentRunner.java:306), org.junit.runners.BlockJUnit4ClassRunner$1.evaluate(BlockJUnit4ClassRunner.java:100), org.junit.runners.ParentRunner.runLeaf(ParentRunner.java:366), org.junit.runners.BlockJUnit4ClassRunner.runChild(BlockJUnit4ClassRunner.java:103), org.junit.runners.BlockJUnit4ClassRunner.runChild(BlockJUnit4ClassRunner.java:63), org.junit.runners.ParentRunner$4.run(ParentRunner.java:331), org.junit.runners.ParentRunner$1.schedule(ParentRunner.java:79), org.junit.runners.ParentRunner.runChildren(ParentRunner.java:329), org.junit.runners.ParentRunner.access$100(ParentRunner.java:66), org.junit.runners.ParentRunner$2.evaluate(ParentRunner.java:293), org.junit.internal.runners.statements.RunBefores.evaluate(RunBefores.java:26), org.junit.internal.runners.statements.RunAfters.evaluate(RunAfters.java:27), org.junit.runners.ParentRunner$3.evaluate(ParentRunner.java:306), org.junit.runners.ParentRunner.run(ParentRunner.java:413), org.apache.maven.surefire.junit4.JUnit4Provider.execute(JUnit4Provider.java:365), org.apache.maven.surefire.junit4.JUnit4Provider.executeWithRerun(JUnit4Provider.java:272), org.apache.maven.surefire.junit4.JUnit4Provider.executeTestSet(JUnit4Provider.java:236), org.apache.maven.surefire.junit4.JUnit4Provider.invoke(JUnit4Provider.java:159), org.apache.maven.surefire.booter.ForkedBooter.invokeProviderInSameClassLoader(ForkedBooter.java:386), org.apache.maven.surefire.booter.ForkedBooter.runSuitesInProcess(ForkedBooter.java:323), org.apache.maven.surefire.booter.ForkedBooter.main(ForkedBooter.java:143)]
--------------------dump all -------
testPut-graph1-0-default--------
HUGEGRAPH/CID/@GRAPH_ID@ -- 4855474547524150482f4349442f4047524150485f494440
HUGEGRAPH/CID_SLOT/@GRAPH_ID@/                                                                 -- 4855474547524150482f4349445f534c4f542f4047524150485f4944402f00000000000000000000000000000000000000000000000000000000000000000000000000000000000000000000000000000000000000000000000000000000
HUGEGRAPH/CID_SLOT/@GRAPH_ID@/                                                                -- 4855474547524150482f4349445f534c4f542f4047524150485f4944402f00000000000000010000000000000000000000000000000000000000000000000000000000000000000000000000000000000000000000000000000000000000
HUGEGRAPH/CID_SLOT/@GRAPH_ID@/                                                                -- 4855474547524150482f4349445f534c4f542f4047524150485f4944402f00000000000000020000000000000000000000000000000000000000000000000000000000000000000000000000000000000000000000000000000000000000
HUGEGRAPH/GRAPH_ID/LoadSnapshot-graph1 -- 4855474547524150482f47524150485f49442f4c6f6164536e617073686f742d677261706831
HUGEGRAPH/GRAPH_ID/testPut-graph1 -- 4855474547524150482f47524150485f49442f746573745075742d677261706831
HUGEGRAPH/GRAPH_ID/testPut-graph2 -- 4855474547524150482f47524150485f49442f746573745075742d677261706832
HUGEGRAPH/PARTITION/LoadSnapshot-graph1/0 -- 4855474547524150482f504152544954494f4e2f4c6f6164536e617073686f742d6772617068312f30
HUGEGRAPH/PARTITION/testPut-graph1/0 -- 4855474547524150482f504152544954494f4e2f746573745075742d6772617068312f30
HUGEGRAPH/PARTITION/testPut-graph2/0 -- 4855474547524150482f504152544954494f4e2f746573745075742d6772617068322f30
HUGEGRAPH/SHARDGROUP/0 -- 4855474547524150482f534841524447524f55502f30
testPut-graph1-0-unknown--------
  key0   -- 00006b6579300000
  key1  -- 00006b6579310001
  key10 
 -- 00006b65793130000a
  key100 d -- 00006b65793130300064
  key101 e -- 00006b65793130310065
  key102 f -- 00006b65793130320066
  key103 g -- 00006b65793130330067
  key104 h -- 00006b65793130340068
  key105 i -- 00006b65793130350069
  key106 j -- 00006b6579313036006a
  key107 k -- 00006b6579313037006b
  key108 l -- 00006b6579313038006c
  key109 m -- 00006b6579313039006d
  key11  -- 00006b65793131000b
  key110 n -- 00006b6579313130006e
  key111 o -- 00006b6579313131006f
  key112 p -- 00006b65793131320070
  key113 q -- 00006b65793131330071
  key114 r -- 00006b65793131340072
  key115 s -- 00006b65793131350073
  key116 t -- 00006b65793131360074
  key117 u -- 00006b65793131370075
  key118 v -- 00006b65793131380076
  key119 w -- 00006b65793131390077
  key12  -- 00006b65793132000c
  key120 x -- 00006b65793132300078
  key121 y -- 00006b65793132310079
  key122 z -- 00006b6579313232007a
  key123 { -- 00006b6579313233007b
  key124 | -- 00006b6579313234007c
  key125 } -- 00006b6579313235007d
  key126 ~ -- 00006b6579313236007e
  key127  -- 00006b6579313237007f
  key128 � -- 00006b65793132380080
  key129 � -- 00006b65793132390081
  key13  -- 00006b65793133000d
  key130 � -- 00006b65793133300082
  key131 � -- 00006b65793133310083
  key132 � -- 00006b65793133320084
  key133 � -- 00006b65793133330085
  key134 � -- 00006b65793133340086
  key135 � -- 00006b65793133350087
  key136 � -- 00006b65793133360088
  key137 � -- 00006b65793133370089
  key138 � -- 00006b6579313338008a
  key139 � -- 00006b6579313339008b
  key14  -- 00006b65793134000e
  key140 � -- 00006b6579313430008c
  key141 � -- 00006b6579313431008d
  key142 � -- 00006b6579313432008e
  key143 � -- 00006b6579313433008f
  key144 � -- 00006b65793134340090
  key145 � -- 00006b65793134350091
  key146 � -- 00006b65793134360092
  key147 � -- 00006b65793134370093
  key148 � -- 00006b65793134380094
  key149 � -- 00006b65793134390095
  key15  -- 00006b65793135000f
  key150 � -- 00006b65793135300096
  key151 � -- 00006b65793135310097
  key152 � -- 00006b65793135320098
  key153 � -- 00006b65793135330099
  key154 � -- 00006b6579313534009a
  key155 � -- 00006b6579313535009b
  key156 � -- 00006b6579313536009c
  key157 � -- 00006b6579313537009d
  key158 � -- 00006b6579313538009e
  key159 � -- 00006b6579313539009f
  key16  -- 00006b657931360010
  key160 � -- 00006b657931363000a0
  key161 � -- 00006b657931363100a1
  key162 � -- 00006b657931363200a2
  key163 � -- 00006b657931363300a3
  key164 � -- 00006b657931363400a4
  key165 � -- 00006b657931363500a5
  key166 � -- 00006b657931363600a6
  key167 � -- 00006b657931363700a7
  key168 � -- 00006b657931363800a8
  key169 � -- 00006b657931363900a9
  key17  -- 00006b657931370011
  key170 � -- 00006b657931373000aa
  key171 � -- 00006b657931373100ab
  key172 � -- 00006b657931373200ac
  key173 � -- 00006b657931373300ad
  key174 � -- 00006b657931373400ae
  key175 � -- 00006b657931373500af
  key176 � -- 00006b657931373600b0
  key177 � -- 00006b657931373700b1
  key178 � -- 00006b657931373800b2
  key179 � -- 00006b657931373900b3
  key18  -- 00006b657931380012
  key180 � -- 00006b657931383000b4
  key181 � -- 00006b657931383100b5
  key182 � -- 00006b657931383200b6
  key183 � -- 00006b657931383300b7
  key184 � -- 00006b657931383400b8
  key185 � -- 00006b657931383500b9
  key186 � -- 00006b657931383600ba
  key187 � -- 00006b657931383700bb
  key188 � -- 00006b657931383800bc
  key189 � -- 00006b657931383900bd
  key19  -- 00006b657931390013
  key190 � -- 00006b657931393000be
  key191 � -- 00006b657931393100bf
  key192 � -- 00006b657931393200c0
  key193 � -- 00006b657931393300c1
  key194 � -- 00006b657931393400c2
  key195 � -- 00006b657931393500c3
  key196 � -- 00006b657931393600c4
  key197 � -- 00006b657931393700c5
  key198 � -- 00006b657931393800c6
  key199 � -- 00006b657931393900c7
  key2  -- 00006b6579320002
  key20  -- 00006b657932300014
  key200 � -- 00006b657932303000c8
  key201 � -- 00006b657932303100c9
  key202 � -- 00006b657932303200ca
  key203 � -- 00006b657932303300cb
  key204 � -- 00006b657932303400cc
  key205 � -- 00006b657932303500cd
  key206 � -- 00006b657932303600ce
  key207 � -- 00006b657932303700cf
  key208 � -- 00006b657932303800d0
  key209 � -- 00006b657932303900d1
  key21  -- 00006b657932310015
  key210 � -- 00006b657932313000d2
  key211 � -- 00006b657932313100d3
  key212 � -- 00006b657932313200d4
  key213 � -- 00006b657932313300d5
  key214 � -- 00006b657932313400d6
  key215 � -- 00006b657932313500d7
  key216 � -- 00006b657932313600d8
  key217 � -- 00006b657932313700d9
  key218 � -- 00006b657932313800da
  key219 � -- 00006b657932313900db
  key22  -- 00006b657932320016
  key220 � -- 00006b657932323000dc
  key221 � -- 00006b657932323100dd
  key222 � -- 00006b657932323200de
  key223 � -- 00006b657932323300df
  key224 � -- 00006b657932323400e0
  key225 � -- 00006b657932323500e1
  key226 � -- 00006b657932323600e2
  key227 � -- 00006b657932323700e3
  key228 � -- 00006b657932323800e4
  key229 � -- 00006b657932323900e5
  key23  -- 00006b657932330017
  key230 � -- 00006b657932333000e6
  key231 � -- 00006b657932333100e7
  key232 � -- 00006b657932333200e8
  key233 � -- 00006b657932333300e9
  key234 � -- 00006b657932333400ea
  key235 � -- 00006b657932333500eb
  key236 � -- 00006b657932333600ec
  key237 � -- 00006b657932333700ed
  key238 � -- 00006b657932333800ee
  key239 � -- 00006b657932333900ef
  key24  -- 00006b657932340018
  key240 � -- 00006b657932343000f0
  key241 � -- 00006b657932343100f1
  key242 � -- 00006b657932343200f2
  key243 � -- 00006b657932343300f3
  key244 � -- 00006b657932343400f4
  key245 � -- 00006b657932343500f5
  key246 � -- 00006b657932343600f6
  key247 � -- 00006b657932343700f7
  key248 � -- 00006b657932343800f8
  key249 � -- 00006b657932343900f9
  key25  -- 00006b657932350019
  key250 � -- 00006b657932353000fa
  key251 � -- 00006b657932353100fb
  key252 � -- 00006b657932353200fc
  key253 � -- 00006b657932353300fd
  key254 � -- 00006b657932353400fe
  key255 � -- 00006b657932353500ff
  key26  -- 00006b65793236001a
  key27  -- 00006b65793237001b
  key28  -- 00006b65793238001c
  key29  -- 00006b65793239001d
  key3  -- 00006b6579330003
  key30  -- 00006b65793330001e
  key31  -- 00006b65793331001f
  key32   -- 00006b657933320020
  key33 ! -- 00006b657933330021
  key34 " -- 00006b657933340022
  key35 # -- 00006b657933350023
  key36 $ -- 00006b657933360024
  key37 % -- 00006b657933370025
  key38 & -- 00006b657933380026
  key39 ' -- 00006b657933390027
  key4  -- 00006b6579340004
  key40 ( -- 00006b657934300028
  key41 ) -- 00006b657934310029
  key42 * -- 00006b65793432002a
  key43 + -- 00006b65793433002b
  key44 , -- 00006b65793434002c
  key45 - -- 00006b65793435002d
  key46 . -- 00006b65793436002e
  key47 / -- 00006b65793437002f
  key48 0 -- 00006b657934380030
  key49 1 -- 00006b657934390031
  key5  -- 00006b6579350005
  key50 2 -- 00006b657935300032
  key51 3 -- 00006b657935310033
  key52 4 -- 00006b657935320034
  key53 5 -- 00006b657935330035
  key54 6 -- 00006b657935340036
  key55 7 -- 00006b657935350037
  key56 8 -- 00006b657935360038
  key57 9 -- 00006b657935370039
  key58 : -- 00006b65793538003a
  key59 ; -- 00006b65793539003b
  key6  -- 00006b6579360006
  key60 < -- 00006b65793630003c
  key61 = -- 00006b65793631003d
  key62 > -- 00006b65793632003e
  key63 ? -- 00006b65793633003f
  key64 @ -- 00006b657936340040
  key65 A -- 00006b657936350041
  key66 B -- 00006b657936360042
  key67 C -- 00006b657936370043
  key68 D -- 00006b657936380044
  key69 E -- 00006b657936390045
  key7  -- 00006b6579370007
  key70 F -- 00006b657937300046
  key71 G -- 00006b657937310047
  key72 H -- 00006b657937320048
  key73 I -- 00006b657937330049
  key74 J -- 00006b65793734004a
  key75 K -- 00006b65793735004b
  key76 L -- 00006b65793736004c
  key77 M -- 00006b65793737004d
  key78 N -- 00006b65793738004e
  key79 O -- 00006b65793739004f
  key8  -- 00006b6579380008
  key80 P -- 00006b657938300050
  key81 Q -- 00006b657938310051
  key82 R -- 00006b657938320052
  key83 S -- 00006b657938330053
  key84 T -- 00006b657938340054
  key85 U -- 00006b657938350055
  key86 V -- 00006b657938360056
  key87 W -- 00006b657938370057
  key88 X -- 00006b657938380058
  key89 Y -- 00006b657938390059
  key9 	 -- 00006b6579390009
  key90 Z -- 00006b65793930005a
  key91 [ -- 00006b65793931005b
  key92 \ -- 00006b65793932005c
  key93 ] -- 00006b65793933005d
  key94 ^ -- 00006b65793934005e
  key95 _ -- 00006b65793935005f
  key96 ` -- 00006b657939360060
  key97 a -- 00006b657939370061
  key98 b -- 00006b657939380062
  key99 c -- 00006b657939390063
 key1   -- 00016b6579310000
 key2  -- 00016b657932000f
 key3 � -- 00016b65793300ff
 key4� -- 00016b6579340fff
 key21   -- 00026b657932310000
 key22  -- 00026b65793232000f
 key23 � -- 00026b6579323300ff
 key24� -- 00026b657932340fff
--------------------dump scan 0 0xff -------
key1   -- 6b6579310000
key2  -- 6b657932000f
--------------------dump scan prefix -------
key1 -- 6b657931
key2 -- 6b657932
key3 -- 6b657933
key4 -- 6b657934
--------------------dump scan range key1 key4 -------
key1 -- 6b657931
key2 -- 6b657932
key3 -- 6b657933
2026-09-13 18:04:16 [main] [INFO] o.a.h.s.b.BusinessHandlerImpl - cleanPartition: graph testPut-graph1, part id: 0, 0 -> 65536, cleanType:CLEAN_TYPE_KEEP_RANGE
2026-09-13 18:04:16 [JRaft-FSMCaller-Disruptor-0] [INFO] o.a.h.s.PartitionEngine - receive sync partition graph_name: "testPut-graph1"
end_key: 65536
version: 1
state: PState_Normal

2026-09-13 18:04:16 [JRaft-FSMCaller-Disruptor-0] [INFO] o.a.h.s.HgStoreEngine - Partition testPut-graph1-0-PState_Normal sync partition status is Status[OK]
2026-09-13 18:04:16 [JRaft-Closure-Executor-6] [INFO] o.a.h.s.b.BusinessHandlerImpl - Partition testPut-graph1-0 cleanPartition begin... graph_name: "testPut-graph1"
end_key: 65536
version: 1
state: PState_Normal

2026-09-13 18:04:16 [JRaft-Closure-Executor-6] [INFO] o.a.h.s.b.BusinessHandlerImpl - partition testPut-graph1-0, table:default, delete keys 0, total:0
2026-09-13 18:04:16 [JRaft-Closure-Executor-6] [INFO] o.a.h.s.b.BusinessHandlerImpl - partition testPut-graph1-0, table:unknown, delete keys 0, total:4
2026-09-13 18:04:17 [JRaft-Closure-Executor-6] [INFO] o.a.h.s.b.BusinessHandlerImpl - Partition testPut-graph1-0 cleanPartition end
2026-09-13 18:04:18 [main] [WARN] o.a.h.s.b.BusinessHandlerImpl - close all db!!! 
2026-09-13 18:04:18 [main] [INFO] o.a.h.r.a.RocksDBFactory - close 00000 's  rocksdb.
2026-09-13 18:04:18 [main] [INFO] o.a.h.r.a.RocksDBSession - shutdown db 00000, path is /tmp/junit/db/00000_10 
2026-09-13 18:04:18 [main] [INFO] o.a.h.r.a.RocksDBFactory - close hgstore-metadata 's  rocksdb.
2026-09-13 18:04:18 [main] [INFO] o.a.h.r.a.RocksDBSession - shutdown db hgstore-metadata, path is /tmp/junit/hgstore-metadata 
2026-09-13 18:04:19 [main] [INFO] o.a.h.s.HeartbeatService - HeartbeatService shutdown
2026-09-13 18:04:19 [main] [INFO] c.a.s.j.c.NodeImpl - Node <hg_0/127.0.0.1:6510> starts to transfer leadership to any peer.
2026-09-13 18:04:19 [main] [WARN] o.a.h.s.HgStoreEngine - transfer leader error: Status[UNKNOWN<-1>: Candidate not found for any peer]
2026-09-13 18:04:19 [main] [INFO] c.a.s.j.c.NodeImpl - Node <hg_0/127.0.0.1:6510> shutdown, currTerm=1 state=STATE_LEADER.
2026-09-13 18:04:19 [main] [INFO] c.a.s.j.c.ReplicatorGroupImpl - Fail to find the next candidate.
2026-09-13 18:04:19 [JRaft-FSMCaller-Disruptor-0] [INFO] c.a.s.j.c.StateMachineAdapter - onLeaderStop: status=Status[ESHUTDOWN<1007>: Raft node is going to quit.].
2026-09-13 18:04:19 [JRaft-FSMCaller-Disruptor-0] [INFO] o.a.h.s.r.PartitionStateMachine - Raft 0 lost leader 
2026-09-13 18:04:19 [main] [INFO] c.a.s.j.s.i.LocalRaftMetaStorage - Save raft meta, path=/tmp/junit/raft/00000/meta, term=1, votedFor=127.0.0.1:6510, cost time=10 ms
2026-09-13 18:04:19 [main] [INFO] c.a.s.j.c.FSMCallerImpl - Shutting down FSMCaller...
2026-09-13 18:04:19 [main] [INFO] c.a.s.j.c.StateMachineAdapter - onShutdown.
2026-09-13 18:04:19 [main] [INFO] c.a.s.j.u.LogThreadPoolExecutor - ThreadPool is terminated: JRaft-RPC-Processor, com.alipay.sofa.jraft.util.MetricThreadPoolExecutor@6b6fde93[Shutting down, pool size = 0, active threads = 0, queued tasks = 0, completed tasks = 0].
2026-09-13 18:04:19 [main] [INFO] c.a.s.j.u.LogScheduledThreadPoolExecutor - ThreadPool is terminated: JRaft-Node-ScheduleThreadPool, com.alipay.sofa.jraft.util.MetricScheduledThreadPoolExecutor@7fba492e[Shutting down, pool size = 0, active threads = 0, queued tasks = 0, completed tasks = 0].
2026-09-13 18:04:19 [JRaft-NodeImpl-Disruptor-0] [INFO] c.a.s.j.c.NodeImpl - The number of active nodes decrement to 0.
2026-09-13 18:04:19 [JRaft-Global-ElectionTimer1] [INFO] c.a.s.j.u.LogScheduledThreadPoolExecutor - ThreadPool is terminated: JRaft-Global-ElectionTimer, com.alipay.sofa.jraft.util.MetricScheduledThreadPoolExecutor@447a557b[Shutting down, pool size = 0, active threads = 0, queued tasks = 0, completed tasks = 1].
2026-09-13 18:04:19 [main] [INFO] c.a.s.j.u.RepeatedTimer - Destroy timer: RepeatedTimer{timeout=null, stopped=true, running=false, destroyed=true, invoking=false, timeoutMs=3000, name='JRaft-ElectionTimer-<hg_0/127.0.0.1:6510>'}.
2026-09-13 18:04:19 [JRaft-Global-VoteTimer0] [INFO] c.a.s.j.u.LogScheduledThreadPoolExecutor - ThreadPool is terminated: JRaft-Global-VoteTimer, com.alipay.sofa.jraft.util.MetricScheduledThreadPoolExecutor@16e5c19f[Shutting down, pool size = 0, active threads = 0, queued tasks = 0, completed tasks = 0].
2026-09-13 18:04:19 [main] [INFO] c.a.s.j.u.RepeatedTimer - Destroy timer: RepeatedTimer{timeout=null, stopped=true, running=false, destroyed=true, invoking=false, timeoutMs=3000, name='JRaft-VoteTimer-<hg_0/127.0.0.1:6510>'}.
2026-09-13 18:04:19 [JRaft-Global-StepDownTimer2] [INFO] c.a.s.j.u.LogScheduledThreadPoolExecutor - ThreadPool is terminated: JRaft-Global-StepDownTimer, com.alipay.sofa.jraft.util.MetricScheduledThreadPoolExecutor@7d432bc0[Shutting down, pool size = 0, active threads = 0, queued tasks = 0, completed tasks = 2].
2026-09-13 18:04:19 [main] [INFO] c.a.s.j.u.RepeatedTimer - Destroy timer: RepeatedTimer{timeout=null, stopped=true, running=false, destroyed=true, invoking=false, timeoutMs=1500, name='JRaft-StepDownTimer-<hg_0/127.0.0.1:6510>'}.
2026-09-13 18:04:19 [JRaft-Global-SnapshotTimer0] [INFO] c.a.s.j.u.LogScheduledThreadPoolExecutor - ThreadPool is terminated: JRaft-Global-SnapshotTimer, com.alipay.sofa.jraft.util.MetricScheduledThreadPoolExecutor@2ad80cf6[Shutting down, pool size = 0, active threads = 0, queued tasks = 0, completed tasks = 0].
2026-09-13 18:04:19 [main] [INFO] c.a.s.j.u.RepeatedTimer - Destroy timer: RepeatedTimer{timeout=null, stopped=true, running=false, destroyed=true, invoking=false, timeoutMs=3600000, name='JRaft-SnapshotTimer-<hg_0/127.0.0.1:6510>'}.
2026-09-13 18:04:19 [main] [INFO] c.a.s.j.RaftGroupService - Stop the RaftGroupService successfully.
2026-09-13 18:04:19 [JRaft-Closure-Executor-13] [INFO] c.a.s.j.s.l.RocksDBSegmentLogStorage - RocksDBSegmentLogStorage stopped checkpoint task.
2026-09-13 18:04:19 [SegmentAllocator] [INFO] c.a.s.j.s.l.RocksDBSegmentLogStorage - SegmentAllocator exit.
2026-09-13 18:04:19 [JRaft-Closure-Executor-13] [INFO] c.a.s.j.s.l.SegmentFile - Unloaded segment file /tmp/junit/raft/00000/log/segments/0000000000000000000.s, current status: SegmentFile [firstLogIndex=2, lastLogIndex=4, size=1073741824, path=/tmp/junit/raft/00000/log/segments/0000000000000000000.s, wrotePos=18, committedPos=18].
2026-09-13 18:04:19 [JRaft-Closure-Executor-13] [INFO] c.a.s.j.s.l.SegmentFile - Unloaded segment file /tmp/junit/raft/00000/log/segments/0000000000000000001.s, current status: SegmentFile [firstLogIndex=-99, lastLogIndex=9223372036854775807, size=1073741824, path=/tmp/junit/raft/00000/log/segments/0000000000000000001.s, wrotePos=18, committedPos=18].
2026-09-13 18:04:19 [JRaft-Closure-Executor-13] [INFO] c.a.s.j.s.l.SegmentFile - Unloaded segment file /tmp/junit/raft/00000/log/segments/0000000000000000002.s, current status: SegmentFile [firstLogIndex=-99, lastLogIndex=9223372036854775807, size=1073741824, path=/tmp/junit/raft/00000/log/segments/0000000000000000002.s, wrotePos=18, committedPos=18].
2026-09-13 18:04:19 [JRaft-Closure-Executor-13] [INFO] c.a.s.j.u.LogThreadPoolExecutor - ThreadPool is terminated: RocksDBSegmentLogStorage-write-pool, com.alipay.sofa.jraft.util.MetricThreadPoolExecutor@10660795[Shutting down, pool size = 0, active threads = 0, queued tasks = 0, completed tasks = 0].
2026-09-13 18:04:19 [JRaft-Closure-Executor-13] [INFO] c.a.s.j.s.i.RocksDBLogStorage - DB destroyed, the db path is: /tmp/junit/raft/00000/log.
2026-09-13 18:04:19 [main] [INFO] o.a.h.s.PartitionEngine - PartitionEngine shutdown successfully: PartitionEngine{groupId =0, isLeader=false, options=PartitionEngineOptions(taskScheduleTime=60, splitPartitionTimeout=1800000, raftOptions=HgStoreEngineOptions.RaftOptions(rpcConnectTimeoutMs=1000, electionTimeoutMs=3000, rpcInstallSnapshotTimeout=3600000, waitLeaderTimeout=30, maxEntriesSize=256, maxBodySize=524288, overloadRateLimit=100, keepInMemorySegmentCount=2, preAllocateSegmentCount=1, splitPartitionLogIndexMargin=10, rpcDefaultTimeout=5000, snapshotIntervalSecs=3600, snapshotDownloadingThreads=4, snapshotLogIndexMargin=1024, metrics=true, disruptorBufferSize=4096, maxReplicatorInflightMsgs=256, maxLogSize=104857600, aveLogEntrySizeRatio=0.95, useRocksDBSegmentLogStorage=true, maxSegmentFileSize=67108864), raftDataPath=/tmp/junit/raft/00000, raftSnapShotPath=/tmp/junit/raft/00000, groupId=0, raftAddress=127.0.0.1:6510, peerList=[127.0.0.1:6510::100], conf=null, taskHandler=null)}.
2026-09-13 18:04:19 [main] [INFO] o.a.h.r.a.RocksDBFactory - close 00000 's  rocksdb.
2026-09-13 18:04:19 [main] [INFO] o.a.h.r.a.RocksDBFactory - closing all rocksdb....
[[1;34mINFO[m] [1;32mTests run: [0;1;32m2[m, Failures: 0, Errors: 0, Skipped: 0, Time elapsed: 5.614 s - in org.apache.hugegraph.store.core.[1mHgBusinessImplTest[m
[[1;34mINFO[m] 
[[1;34mINFO[m] Results:
[[1;34mINFO[m] 
[[1;34mINFO[m] [1;32mTests run: 2, Failures: 0, Errors: 0, Skipped: 0[m
[[1;34mINFO[m] 
[[1;34mINFO[m] 
[[1;34mINFO[m] [1m--- [0;32mmaven-surefire-plugin:2.20:test[m [1m(store-core-test)[m @ [36mhg-store-test[0;1m ---[m
[[1;34mINFO[m] 
[[1;34mINFO[m] -------------------------------------------------------
[[1;34mINFO[m]  T E S T S
[[1;34mINFO[m] -------------------------------------------------------
[[1;34mINFO[m] Running org.apache.hugegraph.store.core.[1mHgBusinessImplTest[m
java.lang.instrument.IllegalClassFormatException: Error while instrumenting sun/util/resources/cldr/provider/CLDRLocaleDataMetaInfo with JaCoCo 0.8.8.202204050719/5dcf34a.
	at org.jacoco.agent.rt.internal_b6258fc.CoverageTransformer.transform(CoverageTransformer.java:94)
	at java.instrument/java.lang.instrument.ClassFileTransformer.transform(ClassFileTransformer.java:244)
	at java.instrument/sun.instrument.TransformerManager.transform(TransformerManager.java:188)
	at java.instrument/sun.instrument.InstrumentationImpl.transform(InstrumentationImpl.java:610)
	at java.base/java.lang.ClassLoader.defineClass2(Native Method)
	at java.base/java.lang.ClassLoader.defineClass(ClassLoader.java:1118)
	at java.base/java.security.SecureClassLoader.defineClass(SecureClassLoader.java:182)
	at java.base/jdk.internal.loader.BuiltinClassLoader.defineClass(BuiltinClassLoader.java:821)
	at java.base/jdk.internal.loader.BuiltinClassLoader.findClassInModuleOrNull(BuiltinClassLoader.java:741)
	at java.base/jdk.internal.loader.BuiltinClassLoader.findClass(BuiltinClassLoader.java:621)
	at java.base/java.lang.ClassLoader.loadClass(ClassLoader.java:638)
	at java.base/java.lang.Class.forName(Class.java:627)
	at java.base/java.lang.Class.forName(Class.java:602)
	at java.base/java.util.ServiceLoader.loadProvider(ServiceLoader.java:859)
	at java.base/java.util.ServiceLoader$ModuleServicesLookupIterator.hasNext(ServiceLoader.java:1084)
	at java.base/java.util.ServiceLoader$2.hasNext(ServiceLoader.java:1309)
	at java.base/java.util.ServiceLoader$3.hasNext(ServiceLoader.java:1393)
	at java.base/sun.util.cldr.CLDRLocaleProviderAdapter.lambda$new$0(CLDRLocaleProviderAdapter.java:84)
	at java.base/java.security.AccessController.doPrivileged(AccessController.java:571)
	at java.base/sun.util.cldr.CLDRLocaleProviderAdapter.<init>(CLDRLocaleProviderAdapter.java:83)
	at java.base/jdk.internal.reflect.DirectConstructorHandleAccessor.newInstance(DirectConstructorHandleAccessor.java:62)
	at java.base/java.lang.reflect.Constructor.newInstanceWithCaller(Constructor.java:502)
	at java.base/java.lang.reflect.Constructor.newInstance(Constructor.java:486)
	at java.base/sun.util.locale.provider.LocaleProviderAdapter.forType(LocaleProviderAdapter.java:194)
	at java.base/sun.util.locale.provider.LocaleProviderAdapter.findAdapter(LocaleProviderAdapter.java:293)
	at java.base/sun.util.locale.provider.LocaleProviderAdapter.getAdapter(LocaleProviderAdapter.java:264)
	at java.base/java.util.Calendar.createCalendar(Calendar.java:1696)
	at java.base/java.util.Calendar.getInstance(Calendar.java:1645)
	at org.apache.logging.log4j.core.util.datetime.FixedDateFormat.calcMidnightMillis(FixedDateFormat.java:547)
	at org.apache.logging.log4j.core.util.datetime.FixedDateFormat.updateMidnightMillis(FixedDateFormat.java:538)
	at org.apache.logging.log4j.core.util.datetime.FixedDateFormat.millisSinceMidnight(FixedDateFormat.java:529)
	at org.apache.logging.log4j.core.util.datetime.FixedDateFormat.format(FixedDateFormat.java:616)
	at org.apache.logging.log4j.core.util.datetime.FixedDateFormat.formatInstant(FixedDateFormat.java:590)
	at org.apache.logging.log4j.core.util.datetime.FixedDateFormat.formatInstant(FixedDateFormat.java:584)
	at org.apache.logging.log4j.core.pattern.DatePatternConverter$FixedFormatter.format(DatePatternConverter.java:100)
	at org.apache.logging.log4j.core.pattern.DatePatternConverter$CachedTime.<init>(DatePatternConverter.java:155)
	at org.apache.logging.log4j.core.pattern.DatePatternConverter.fromEpochMillis(DatePatternConverter.java:190)
	at org.apache.logging.log4j.core.pattern.DatePatternConverter.<init>(DatePatternConverter.java:184)
	at org.apache.logging.log4j.core.pattern.DatePatternConverter.newInstance(DatePatternConverter.java:208)
	at java.base/jdk.internal.reflect.DirectMethodHandleAccessor.invoke(DirectMethodHandleAccessor.java:103)
	at java.base/java.lang.reflect.Method.invoke(Method.java:580)
	at org.apache.logging.log4j.core.pattern.PatternParser.createConverter(PatternParser.java:590)
	at org.apache.logging.log4j.core.pattern.PatternParser.finalizeConverter(PatternParser.java:657)
	at org.apache.logging.log4j.core.pattern.PatternParser.parse(PatternParser.java:420)
	at org.apache.logging.log4j.core.pattern.PatternParser.parse(PatternParser.java:177)
	at org.apache.logging.log4j.core.layout.PatternLayout$SerializerBuilder.build(PatternLayout.java:474)
	at org.apache.logging.log4j.core.layout.PatternLayout.<init>(PatternLayout.java:140)
	at org.apache.logging.log4j.core.layout.PatternLayout.<init>(PatternLayout.java:61)
	at org.apache.logging.log4j.core.layout.PatternLayout$Builder.build(PatternLayout.java:770)
	at org.apache.logging.log4j.core.config.AbstractConfiguration.setToDefault(AbstractConfiguration.java:715)
	at org.apache.logging.log4j.core.config.DefaultConfiguration.<init>(DefaultConfiguration.java:47)
	at org.apache.logging.log4j.core.LoggerContext.<init>(LoggerContext.java:95)
	at org.apache.logging.log4j.core.selector.ClassLoaderContextSelector.createContext(ClassLoaderContextSelector.java:254)
	at org.apache.logging.log4j.core.selector.ClassLoaderContextSelector.locateContext(ClassLoaderContextSelector.java:218)
	at org.apache.logging.log4j.core.selector.ClassLoaderContextSelector.getContext(ClassLoaderContextSelector.java:136)
	at org.apache.logging.log4j.core.selector.ClassLoaderContextSelector.getContext(ClassLoaderContextSelector.java:123)
	at org.apache.logging.log4j.core.selector.ClassLoaderContextSelector.getContext(ClassLoaderContextSelector.java:117)
	at org.apache.logging.log4j.core.impl.Log4jContextFactory.getContext(Log4jContextFactory.java:150)
	at org.apache.logging.log4j.core.impl.Log4jContextFactory.getContext(Log4jContextFactory.java:47)
	at org.apache.logging.log4j.LogManager.getContext(LogManager.java:196)
	at org.apache.logging.log4j.spi.AbstractLoggerAdapter.getContext(AbstractLoggerAdapter.java:137)
	at org.apache.logging.slf4j.Log4jLoggerFactory.getContext(Log4jLoggerFactory.java:55)
	at org.apache.logging.log4j.spi.AbstractLoggerAdapter.getLogger(AbstractLoggerAdapter.java:47)
	at org.apache.logging.slf4j.Log4jLoggerFactory.getLogger(Log4jLoggerFactory.java:33)
	at org.slf4j.LoggerFactory.getLogger(LoggerFactory.java:358)
	at org.slf4j.LoggerFactory.getLogger(LoggerFactory.java:383)
	at org.apache.hugegraph.store.core.StoreEngineTestBase.<clinit>(StoreEngineTestBase.java:45)
	at java.base/jdk.internal.misc.Unsafe.ensureClassInitialized0(Native Method)
	at java.base/jdk.internal.misc.Unsafe.ensureClassInitialized(Unsafe.java:1160)
	at java.base/jdk.internal.reflect.MethodHandleAccessorFactory.ensureClassInitialized(MethodHandleAccessorFactory.java:300)
	at java.base/jdk.internal.reflect.MethodHandleAccessorFactory.newMethodAccessor(MethodHandleAccessorFactory.java:71)
	at java.base/jdk.internal.reflect.ReflectionFactory.newMethodAccessor(ReflectionFactory.java:159)
	at java.base/java.lang.reflect.Method.acquireMethodAccessor(Method.java:726)
	at java.base/java.lang.reflect.Method.invoke(Method.java:577)
	at org.junit.runners.model.FrameworkMethod$1.runReflectiveCall(FrameworkMethod.java:59)
	at org.junit.internal.runners.model.ReflectiveCallable.run(ReflectiveCallable.java:12)
	at org.junit.runners.model.FrameworkMethod.invokeExplosively(FrameworkMethod.java:56)
	at org.junit.internal.runners.statements.RunBefores.invokeMethod(RunBefores.java:33)
	at org.junit.internal.runners.statements.RunBefores.evaluate(RunBefores.java:24)
	at org.junit.internal.runners.statements.RunAfters.evaluate(RunAfters.java:27)
	at org.junit.runners.ParentRunner$3.evaluate(ParentRunner.java:306)
	at org.junit.runners.ParentRunner.run(ParentRunner.java:413)
	at org.apache.maven.surefire.junit4.JUnit4Provider.execute(JUnit4Provider.java:365)
	at org.apache.maven.surefire.junit4.JUnit4Provider.executeWithRerun(JUnit4Provider.java:272)
	at org.apache.maven.surefire.junit4.JUnit4Provider.executeTestSet(JUnit4Provider.java:236)
	at org.apache.maven.surefire.junit4.JUnit4Provider.invoke(JUnit4Provider.java:159)
	at org.apache.maven.surefire.booter.ForkedBooter.invokeProviderInSameClassLoader(ForkedBooter.java:386)
	at org.apache.maven.surefire.booter.ForkedBooter.runSuitesInProcess(ForkedBooter.java:323)
	at org.apache.maven.surefire.booter.ForkedBooter.main(ForkedBooter.java:143)
Caused by: java.io.IOException: Error while instrumenting sun/util/resources/cldr/provider/CLDRLocaleDataMetaInfo with JaCoCo 0.8.8.202204050719/5dcf34a.
	at org.jacoco.agent.rt.internal_b6258fc.core.instr.Instrumenter.instrumentError(Instrumenter.java:161)
	at org.jacoco.agent.rt.internal_b6258fc.core.instr.Instrumenter.instrument(Instrumenter.java:111)
	at org.jacoco.agent.rt.internal_b6258fc.CoverageTransformer.transform(CoverageTransformer.java:92)
	... 88 more
Caused by: java.lang.IllegalArgumentException: Unsupported class file major version 65
	at org.jacoco.agent.rt.internal_b6258fc.asm.ClassReader.<init>(ClassReader.java:199)
	at org.jacoco.agent.rt.internal_b6258fc.asm.ClassReader.<init>(ClassReader.java:180)
	at org.jacoco.agent.rt.internal_b6258fc.asm.ClassReader.<init>(ClassReader.java:166)
	at org.jacoco.agent.rt.internal_b6258fc.core.internal.instr.InstrSupport.classReaderFor(InstrSupport.java:280)
	at org.jacoco.agent.rt.internal_b6258fc.core.instr.Instrumenter.instrument(Instrumenter.java:77)
	at org.jacoco.agent.rt.internal_b6258fc.core.instr.Instrumenter.instrument(Instrumenter.java:109)
	... 89 more
java.lang.instrument.IllegalClassFormatException: Error while instrumenting javax/script/ScriptEngineManager with JaCoCo 0.8.8.202204050719/5dcf34a.
	at org.jacoco.agent.rt.internal_b6258fc.CoverageTransformer.transform(CoverageTransformer.java:94)
	at java.instrument/java.lang.instrument.ClassFileTransformer.transform(ClassFileTransformer.java:244)
	at java.instrument/sun.instrument.TransformerManager.transform(TransformerManager.java:188)
	at java.instrument/sun.instrument.InstrumentationImpl.transform(InstrumentationImpl.java:610)
	at java.base/java.lang.ClassLoader.defineClass2(Native Method)
	at java.base/java.lang.ClassLoader.defineClass(ClassLoader.java:1118)
	at java.base/java.security.SecureClassLoader.defineClass(SecureClassLoader.java:182)
	at java.base/jdk.internal.loader.BuiltinClassLoader.defineClass(BuiltinClassLoader.java:821)
	at java.base/jdk.internal.loader.BuiltinClassLoader.findClassInModuleOrNull(BuiltinClassLoader.java:741)
	at java.base/jdk.internal.loader.BuiltinClassLoader.loadClassOrNull(BuiltinClassLoader.java:665)
	at java.base/jdk.internal.loader.BuiltinClassLoader.loadClassOrNull(BuiltinClassLoader.java:700)
	at java.base/jdk.internal.loader.BuiltinClassLoader.loadClassOrNull(BuiltinClassLoader.java:669)
	at java.base/jdk.internal.loader.BuiltinClassLoader.loadClass(BuiltinClassLoader.java:639)
	at java.base/jdk.internal.loader.ClassLoaders$AppClassLoader.loadClass(ClassLoaders.java:188)
	at java.base/java.lang.ClassLoader.loadClass(ClassLoader.java:526)
	at org.apache.logging.log4j.core.script.ScriptManager.<init>(ScriptManager.java:70)
	at org.apache.logging.log4j.core.config.AbstractConfiguration.initialize(AbstractConfiguration.java:221)
	at org.apache.logging.log4j.core.config.AbstractConfiguration.start(AbstractConfiguration.java:289)
	at org.apache.logging.log4j.core.LoggerContext.setConfiguration(LoggerContext.java:626)
	at org.apache.logging.log4j.core.LoggerContext.reconfigure(LoggerContext.java:699)
	at org.apache.logging.log4j.core.LoggerContext.reconfigure(LoggerContext.java:716)
	at org.apache.logging.log4j.core.LoggerContext.start(LoggerContext.java:270)
	at org.apache.logging.log4j.core.impl.Log4jContextFactory.getContext(Log4jContextFactory.java:155)
	at org.apache.logging.log4j.core.impl.Log4jContextFactory.getContext(Log4jContextFactory.java:47)
	at org.apache.logging.log4j.LogManager.getContext(LogManager.java:196)
	at org.apache.logging.log4j.spi.AbstractLoggerAdapter.getContext(AbstractLoggerAdapter.java:137)
	at org.apache.logging.slf4j.Log4jLoggerFactory.getContext(Log4jLoggerFactory.java:55)
	at org.apache.logging.log4j.spi.AbstractLoggerAdapter.getLogger(AbstractLoggerAdapter.java:47)
	at org.apache.logging.slf4j.Log4jLoggerFactory.getLogger(Log4jLoggerFactory.java:33)
	at org.slf4j.LoggerFactory.getLogger(LoggerFactory.java:358)
	at org.slf4j.LoggerFactory.getLogger(LoggerFactory.java:383)
	at org.apache.hugegraph.store.core.StoreEngineTestBase.<clinit>(StoreEngineTestBase.java:45)
	at java.base/jdk.internal.misc.Unsafe.ensureClassInitialized0(Native Method)
	at java.base/jdk.internal.misc.Unsafe.ensureClassInitialized(Unsafe.java:1160)
	at java.base/jdk.internal.reflect.MethodHandleAccessorFactory.ensureClassInitialized(MethodHandleAccessorFactory.java:300)
	at java.base/jdk.internal.reflect.MethodHandleAccessorFactory.newMethodAccessor(MethodHandleAccessorFactory.java:71)
	at java.base/jdk.internal.reflect.ReflectionFactory.newMethodAccessor(ReflectionFactory.java:159)
	at java.base/java.lang.reflect.Method.acquireMethodAccessor(Method.java:726)
	at java.base/java.lang.reflect.Method.invoke(Method.java:577)
	at org.junit.runners.model.FrameworkMethod$1.runReflectiveCall(FrameworkMethod.java:59)
	at org.junit.internal.runners.model.ReflectiveCallable.run(ReflectiveCallable.java:12)
	at org.junit.runners.model.FrameworkMethod.invokeExplosively(FrameworkMethod.java:56)
	at org.junit.internal.runners.statements.RunBefores.invokeMethod(RunBefores.java:33)
	at org.junit.internal.runners.statements.RunBefores.evaluate(RunBefores.java:24)
	at org.junit.internal.runners.statements.RunAfters.evaluate(RunAfters.java:27)
	at org.junit.runners.ParentRunner$3.evaluate(ParentRunner.java:306)
	at org.junit.runners.ParentRunner.run(ParentRunner.java:413)
	at org.apache.maven.surefire.junit4.JUnit4Provider.execute(JUnit4Provider.java:365)
	at org.apache.maven.surefire.junit4.JUnit4Provider.executeWithRerun(JUnit4Provider.java:272)
	at org.apache.maven.surefire.junit4.JUnit4Provider.executeTestSet(JUnit4Provider.java:236)
	at org.apache.maven.surefire.junit4.JUnit4Provider.invoke(JUnit4Provider.java:159)
	at org.apache.maven.surefire.booter.ForkedBooter.invokeProviderInSameClassLoader(ForkedBooter.java:386)
	at org.apache.maven.surefire.booter.ForkedBooter.runSuitesInProcess(ForkedBooter.java:323)
	at org.apache.maven.surefire.booter.ForkedBooter.main(ForkedBooter.java:143)
Caused by: java.io.IOException: Error while instrumenting javax/script/ScriptEngineManager with JaCoCo 0.8.8.202204050719/5dcf34a.
	at org.jacoco.agent.rt.internal_b6258fc.core.instr.Instrumenter.instrumentError(Instrumenter.java:161)
	at org.jacoco.agent.rt.internal_b6258fc.core.instr.Instrumenter.instrument(Instrumenter.java:111)
	at org.jacoco.agent.rt.internal_b6258fc.CoverageTransformer.transform(CoverageTransformer.java:92)
	... 53 more
Caused by: java.lang.IllegalArgumentException: Unsupported class file major version 65
	at org.jacoco.agent.rt.internal_b6258fc.asm.ClassReader.<init>(ClassReader.java:199)
	at org.jacoco.agent.rt.internal_b6258fc.asm.ClassReader.<init>(ClassReader.java:180)
	at org.jacoco.agent.rt.internal_b6258fc.asm.ClassReader.<init>(ClassReader.java:166)
	at org.jacoco.agent.rt.internal_b6258fc.core.internal.instr.InstrSupport.classReaderFor(InstrSupport.java:280)
	at org.jacoco.agent.rt.internal_b6258fc.core.instr.Instrumenter.instrument(Instrumenter.java:77)
	at org.jacoco.agent.rt.internal_b6258fc.core.instr.Instrumenter.instrument(Instrumenter.java:109)
	... 54 more
java.lang.instrument.IllegalClassFormatException: Error while instrumenting javax/script/Bindings with JaCoCo 0.8.8.202204050719/5dcf34a.
	at org.jacoco.agent.rt.internal_b6258fc.CoverageTransformer.transform(CoverageTransformer.java:94)
	at java.instrument/java.lang.instrument.ClassFileTransformer.transform(ClassFileTransformer.java:244)
	at java.instrument/sun.instrument.TransformerManager.transform(TransformerManager.java:188)
	at java.instrument/sun.instrument.InstrumentationImpl.transform(InstrumentationImpl.java:610)
	at java.base/java.lang.ClassLoader.defineClass2(Native Method)
	at java.base/java.lang.ClassLoader.defineClass(ClassLoader.java:1118)
	at java.base/java.security.SecureClassLoader.defineClass(SecureClassLoader.java:182)
	at java.base/jdk.internal.loader.BuiltinClassLoader.defineClass(BuiltinClassLoader.java:821)
	at java.base/jdk.internal.loader.BuiltinClassLoader.findClassInModuleOrNull(BuiltinClassLoader.java:741)
	at java.base/jdk.internal.loader.BuiltinClassLoader.loadClassOrNull(BuiltinClassLoader.java:665)
	at java.base/jdk.internal.loader.BuiltinClassLoader.loadClass(BuiltinClassLoader.java:639)
	at java.base/java.lang.ClassLoader.loadClass(ClassLoader.java:526)
	at org.apache.logging.log4j.core.script.ScriptManager.<init>(ScriptManager.java:70)
	at org.apache.logging.log4j.core.config.AbstractConfiguration.initialize(AbstractConfiguration.java:221)
	at org.apache.logging.log4j.core.config.AbstractConfiguration.start(AbstractConfiguration.java:289)
	at org.apache.logging.log4j.core.LoggerContext.setConfiguration(LoggerContext.java:626)
	at org.apache.logging.log4j.core.LoggerContext.reconfigure(LoggerContext.java:699)
	at org.apache.logging.log4j.core.LoggerContext.reconfigure(LoggerContext.java:716)
	at org.apache.logging.log4j.core.LoggerContext.start(LoggerContext.java:270)
	at org.apache.logging.log4j.core.impl.Log4jContextFactory.getContext(Log4jContextFactory.java:155)
	at org.apache.logging.log4j.core.impl.Log4jContextFactory.getContext(Log4jContextFactory.java:47)
	at org.apache.logging.log4j.LogManager.getContext(LogManager.java:196)
	at org.apache.logging.log4j.spi.AbstractLoggerAdapter.getContext(AbstractLoggerAdapter.java:137)
	at org.apache.logging.slf4j.Log4jLoggerFactory.getContext(Log4jLoggerFactory.java:55)
	at org.apache.logging.log4j.spi.AbstractLoggerAdapter.getLogger(AbstractLoggerAdapter.java:47)
	at org.apache.logging.slf4j.Log4jLoggerFactory.getLogger(Log4jLoggerFactory.java:33)
	at org.slf4j.LoggerFactory.getLogger(LoggerFactory.java:358)
	at org.slf4j.LoggerFactory.getLogger(LoggerFactory.java:383)
	at org.apache.hugegraph.store.core.StoreEngineTestBase.<clinit>(StoreEngineTestBase.java:45)
	at java.base/jdk.internal.misc.Unsafe.ensureClassInitialized0(Native Method)
	at java.base/jdk.internal.misc.Unsafe.ensureClassInitialized(Unsafe.java:1160)
	at java.base/jdk.internal.reflect.MethodHandleAccessorFactory.ensureClassInitialized(MethodHandleAccessorFactory.java:300)
	at java.base/jdk.internal.reflect.MethodHandleAccessorFactory.newMethodAccessor(MethodHandleAccessorFactory.java:71)
	at java.base/jdk.internal.reflect.ReflectionFactory.newMethodAccessor(ReflectionFactory.java:159)
	at java.base/java.lang.reflect.Method.acquireMethodAccessor(Method.java:726)
	at java.base/java.lang.reflect.Method.invoke(Method.java:577)
	at org.junit.runners.model.FrameworkMethod$1.runReflectiveCall(FrameworkMethod.java:59)
	at org.junit.internal.runners.model.ReflectiveCallable.run(ReflectiveCallable.java:12)
	at org.junit.runners.model.FrameworkMethod.invokeExplosively(FrameworkMethod.java:56)
	at org.junit.internal.runners.statements.RunBefores.invokeMethod(RunBefores.java:33)
	at org.junit.internal.runners.statements.RunBefores.evaluate(RunBefores.java:24)
	at org.junit.internal.runners.statements.RunAfters.evaluate(RunAfters.java:27)
	at org.junit.runners.ParentRunner$3.evaluate(ParentRunner.java:306)
	at org.junit.runners.ParentRunner.run(ParentRunner.java:413)
	at org.apache.maven.surefire.junit4.JUnit4Provider.execute(JUnit4Provider.java:365)
	at org.apache.maven.surefire.junit4.JUnit4Provider.executeWithRerun(JUnit4Provider.java:272)
	at org.apache.maven.surefire.junit4.JUnit4Provider.executeTestSet(JUnit4Provider.java:236)
	at org.apache.maven.surefire.junit4.JUnit4Provider.invoke(JUnit4Provider.java:159)
	at org.apache.maven.surefire.booter.ForkedBooter.invokeProviderInSameClassLoader(ForkedBooter.java:386)
	at org.apache.maven.surefire.booter.ForkedBooter.runSuitesInProcess(ForkedBooter.java:323)
	at org.apache.maven.surefire.booter.ForkedBooter.main(ForkedBooter.java:143)
Caused by: java.io.IOException: Error while instrumenting javax/script/Bindings with JaCoCo 0.8.8.202204050719/5dcf34a.
	at org.jacoco.agent.rt.internal_b6258fc.core.instr.Instrumenter.instrumentError(Instrumenter.java:161)
	at org.jacoco.agent.rt.internal_b6258fc.core.instr.Instrumenter.instrument(Instrumenter.java:111)
	at org.jacoco.agent.rt.internal_b6258fc.CoverageTransformer.transform(CoverageTransformer.java:92)
	... 50 more
Caused by: java.lang.IllegalArgumentException: Unsupported class file major version 65
	at org.jacoco.agent.rt.internal_b6258fc.asm.ClassReader.<init>(ClassReader.java:199)
	at org.jacoco.agent.rt.internal_b6258fc.asm.ClassReader.<init>(ClassReader.java:180)
	at org.jacoco.agent.rt.internal_b6258fc.asm.ClassReader.<init>(ClassReader.java:166)
	at org.jacoco.agent.rt.internal_b6258fc.core.internal.instr.InstrSupport.classReaderFor(InstrSupport.java:280)
	at org.jacoco.agent.rt.internal_b6258fc.core.instr.Instrumenter.instrument(Instrumenter.java:77)
	at org.jacoco.agent.rt.internal_b6258fc.core.instr.Instrumenter.instrument(Instrumenter.java:109)
	... 51 more
java.lang.instrument.IllegalClassFormatException: Error while instrumenting javax/script/ScriptEngineFactory with JaCoCo 0.8.8.202204050719/5dcf34a.
	at org.jacoco.agent.rt.internal_b6258fc.CoverageTransformer.transform(CoverageTransformer.java:94)
	at java.instrument/java.lang.instrument.ClassFileTransformer.transform(ClassFileTransformer.java:244)
	at java.instrument/sun.instrument.TransformerManager.transform(TransformerManager.java:188)
	at java.instrument/sun.instrument.InstrumentationImpl.transform(InstrumentationImpl.java:610)
	at java.base/java.lang.ClassLoader.defineClass2(Native Method)
	at java.base/java.lang.ClassLoader.defineClass(ClassLoader.java:1118)
	at java.base/java.security.SecureClassLoader.defineClass(SecureClassLoader.java:182)
	at java.base/jdk.internal.loader.BuiltinClassLoader.defineClass(BuiltinClassLoader.java:821)
	at java.base/jdk.internal.loader.BuiltinClassLoader.findClassInModuleOrNull(BuiltinClassLoader.java:741)
	at java.base/jdk.internal.loader.BuiltinClassLoader.loadClassOrNull(BuiltinClassLoader.java:665)
	at java.base/jdk.internal.loader.BuiltinClassLoader.loadClass(BuiltinClassLoader.java:639)
	at java.base/java.lang.ClassLoader.loadClass(ClassLoader.java:526)
	at java.scripting/javax.script.ScriptEngineManager.<clinit>(ScriptEngineManager.java:315)
	at org.apache.logging.log4j.core.script.ScriptManager.<init>(ScriptManager.java:70)
	at org.apache.logging.log4j.core.config.AbstractConfiguration.initialize(AbstractConfiguration.java:221)
	at org.apache.logging.log4j.core.config.AbstractConfiguration.start(AbstractConfiguration.java:289)
	at org.apache.logging.log4j.core.LoggerContext.setConfiguration(LoggerContext.java:626)
	at org.apache.logging.log4j.core.LoggerContext.reconfigure(LoggerContext.java:699)
	at org.apache.logging.log4j.core.LoggerContext.reconfigure(LoggerContext.java:716)
	at org.apache.logging.log4j.core.LoggerContext.start(LoggerContext.java:270)
	at org.apache.logging.log4j.core.impl.Log4jContextFactory.getContext(Log4jContextFactory.java:155)
	at org.apache.logging.log4j.core.impl.Log4jContextFactory.getContext(Log4jContextFactory.java:47)
	at org.apache.logging.log4j.LogManager.getContext(LogManager.java:196)
	at org.apache.logging.log4j.spi.AbstractLoggerAdapter.getContext(AbstractLoggerAdapter.java:137)
	at org.apache.logging.slf4j.Log4jLoggerFactory.getContext(Log4jLoggerFactory.java:55)
	at org.apache.logging.log4j.spi.AbstractLoggerAdapter.getLogger(AbstractLoggerAdapter.java:47)
	at org.apache.logging.slf4j.Log4jLoggerFactory.getLogger(Log4jLoggerFactory.java:33)
	at org.slf4j.LoggerFactory.getLogger(LoggerFactory.java:358)
	at org.slf4j.LoggerFactory.getLogger(LoggerFactory.java:383)
	at org.apache.hugegraph.store.core.StoreEngineTestBase.<clinit>(StoreEngineTestBase.java:45)
	at java.base/jdk.internal.misc.Unsafe.ensureClassInitialized0(Native Method)
	at java.base/jdk.internal.misc.Unsafe.ensureClassInitialized(Unsafe.java:1160)
	at java.base/jdk.internal.reflect.MethodHandleAccessorFactory.ensureClassInitialized(MethodHandleAccessorFactory.java:300)
	at java.base/jdk.internal.reflect.MethodHandleAccessorFactory.newMethodAccessor(MethodHandleAccessorFactory.java:71)
	at java.base/jdk.internal.reflect.ReflectionFactory.newMethodAccessor(ReflectionFactory.java:159)
	at java.base/java.lang.reflect.Method.acquireMethodAccessor(Method.java:726)
	at java.base/java.lang.reflect.Method.invoke(Method.java:577)
	at org.junit.runners.model.FrameworkMethod$1.runReflectiveCall(FrameworkMethod.java:59)
	at org.junit.internal.runners.model.ReflectiveCallable.run(ReflectiveCallable.java:12)
	at org.junit.runners.model.FrameworkMethod.invokeExplosively(FrameworkMethod.java:56)
	at org.junit.internal.runners.statements.RunBefores.invokeMethod(RunBefores.java:33)
	at org.junit.internal.runners.statements.RunBefores.evaluate(RunBefores.java:24)
	at org.junit.internal.runners.statements.RunAfters.evaluate(RunAfters.java:27)
	at org.junit.runners.ParentRunner$3.evaluate(ParentRunner.java:306)
	at org.junit.runners.ParentRunner.run(ParentRunner.java:413)
	at org.apache.maven.surefire.junit4.JUnit4Provider.execute(JUnit4Provider.java:365)
	at org.apache.maven.surefire.junit4.JUnit4Provider.executeWithRerun(JUnit4Provider.java:272)
	at org.apache.maven.surefire.junit4.JUnit4Provider.executeTestSet(JUnit4Provider.java:236)
	at org.apache.maven.surefire.junit4.JUnit4Provider.invoke(JUnit4Provider.java:159)
	at org.apache.maven.surefire.booter.ForkedBooter.invokeProviderInSameClassLoader(ForkedBooter.java:386)
	at org.apache.maven.surefire.booter.ForkedBooter.runSuitesInProcess(ForkedBooter.java:323)
	at org.apache.maven.surefire.booter.ForkedBooter.main(ForkedBooter.java:143)
Caused by: java.io.IOException: Error while instrumenting javax/script/ScriptEngineFactory with JaCoCo 0.8.8.202204050719/5dcf34a.
	at org.jacoco.agent.rt.internal_b6258fc.core.instr.Instrumenter.instrumentError(Instrumenter.java:161)
	at org.jacoco.agent.rt.internal_b6258fc.core.instr.Instrumenter.instrument(Instrumenter.java:111)
	at org.jacoco.agent.rt.internal_b6258fc.CoverageTransformer.transform(CoverageTransformer.java:92)
	... 51 more
Caused by: java.lang.IllegalArgumentException: Unsupported class file major version 65
	at org.jacoco.agent.rt.internal_b6258fc.asm.ClassReader.<init>(ClassReader.java:199)
	at org.jacoco.agent.rt.internal_b6258fc.asm.ClassReader.<init>(ClassReader.java:180)
	at org.jacoco.agent.rt.internal_b6258fc.asm.ClassReader.<init>(ClassReader.java:166)
	at org.jacoco.agent.rt.internal_b6258fc.core.internal.instr.InstrSupport.classReaderFor(InstrSupport.java:280)
	at org.jacoco.agent.rt.internal_b6258fc.core.instr.Instrumenter.instrument(Instrumenter.java:77)
	at org.jacoco.agent.rt.internal_b6258fc.core.instr.Instrumenter.instrument(Instrumenter.java:109)
	... 52 more
java.lang.instrument.IllegalClassFormatException: Error while instrumenting javax/script/SimpleBindings with JaCoCo 0.8.8.202204050719/5dcf34a.
	at org.jacoco.agent.rt.internal_b6258fc.CoverageTransformer.transform(CoverageTransformer.java:94)
	at java.instrument/java.lang.instrument.ClassFileTransformer.transform(ClassFileTransformer.java:244)
	at java.instrument/sun.instrument.TransformerManager.transform(TransformerManager.java:188)
	at java.instrument/sun.instrument.InstrumentationImpl.transform(InstrumentationImpl.java:610)
	at java.base/java.lang.ClassLoader.defineClass2(Native Method)
	at java.base/java.lang.ClassLoader.defineClass(ClassLoader.java:1118)
	at java.base/java.security.SecureClassLoader.defineClass(SecureClassLoader.java:182)
	at java.base/jdk.internal.loader.BuiltinClassLoader.defineClass(BuiltinClassLoader.java:821)
	at java.base/jdk.internal.loader.BuiltinClassLoader.findClassInModuleOrNull(BuiltinClassLoader.java:741)
	at java.base/jdk.internal.loader.BuiltinClassLoader.loadClassOrNull(BuiltinClassLoader.java:665)
	at java.base/jdk.internal.loader.BuiltinClassLoader.loadClass(BuiltinClassLoader.java:639)
	at java.base/java.lang.ClassLoader.loadClass(ClassLoader.java:526)
	at java.scripting/javax.script.ScriptEngineManager.<init>(ScriptEngineManager.java:333)
	at java.scripting/javax.script.ScriptEngineManager.<init>(ScriptEngineManager.java:63)
	at org.apache.logging.log4j.core.script.ScriptManager.<init>(ScriptManager.java:70)
	at org.apache.logging.log4j.core.config.AbstractConfiguration.initialize(AbstractConfiguration.java:221)
	at org.apache.logging.log4j.core.config.AbstractConfiguration.start(AbstractConfiguration.java:289)
	at org.apache.logging.log4j.core.LoggerContext.setConfiguration(LoggerContext.java:626)
	at org.apache.logging.log4j.core.LoggerContext.reconfigure(LoggerContext.java:699)
	at org.apache.logging.log4j.core.LoggerContext.reconfigure(LoggerContext.java:716)
	at org.apache.logging.log4j.core.LoggerContext.start(LoggerContext.java:270)
	at org.apache.logging.log4j.core.impl.Log4jContextFactory.getContext(Log4jContextFactory.java:155)
	at org.apache.logging.log4j.core.impl.Log4jContextFactory.getContext(Log4jContextFactory.java:47)
	at org.apache.logging.log4j.LogManager.getContext(LogManager.java:196)
	at org.apache.logging.log4j.spi.AbstractLoggerAdapter.getContext(AbstractLoggerAdapter.java:137)
	at org.apache.logging.slf4j.Log4jLoggerFactory.getContext(Log4jLoggerFactory.java:55)
	at org.apache.logging.log4j.spi.AbstractLoggerAdapter.getLogger(AbstractLoggerAdapter.java:47)
	at org.apache.logging.slf4j.Log4jLoggerFactory.getLogger(Log4jLoggerFactory.java:33)
	at org.slf4j.LoggerFactory.getLogger(LoggerFactory.java:358)
	at org.slf4j.LoggerFactory.getLogger(LoggerFactory.java:383)
	at org.apache.hugegraph.store.core.StoreEngineTestBase.<clinit>(StoreEngineTestBase.java:45)
	at java.base/jdk.internal.misc.Unsafe.ensureClassInitialized0(Native Method)
	at java.base/jdk.internal.misc.Unsafe.ensureClassInitialized(Unsafe.java:1160)
	at java.base/jdk.internal.reflect.MethodHandleAccessorFactory.ensureClassInitialized(MethodHandleAccessorFactory.java:300)
	at java.base/jdk.internal.reflect.MethodHandleAccessorFactory.newMethodAccessor(MethodHandleAccessorFactory.java:71)
	at java.base/jdk.internal.reflect.ReflectionFactory.newMethodAccessor(ReflectionFactory.java:159)
	at java.base/java.lang.reflect.Method.acquireMethodAccessor(Method.java:726)
	at java.base/java.lang.reflect.Method.invoke(Method.java:577)
	at org.junit.runners.model.FrameworkMethod$1.runReflectiveCall(FrameworkMethod.java:59)
	at org.junit.internal.runners.model.ReflectiveCallable.run(ReflectiveCallable.java:12)
	at org.junit.runners.model.FrameworkMethod.invokeExplosively(FrameworkMethod.java:56)
	at org.junit.internal.runners.statements.RunBefores.invokeMethod(RunBefores.java:33)
	at org.junit.internal.runners.statements.RunBefores.evaluate(RunBefores.java:24)
	at org.junit.internal.runners.statements.RunAfters.evaluate(RunAfters.java:27)
	at org.junit.runners.ParentRunner$3.evaluate(ParentRunner.java:306)
	at org.junit.runners.ParentRunner.run(ParentRunner.java:413)
	at org.apache.maven.surefire.junit4.JUnit4Provider.execute(JUnit4Provider.java:365)
	at org.apache.maven.surefire.junit4.JUnit4Provider.executeWithRerun(JUnit4Provider.java:272)
	at org.apache.maven.surefire.junit4.JUnit4Provider.executeTestSet(JUnit4Provider.java:236)
	at org.apache.maven.surefire.junit4.JUnit4Provider.invoke(JUnit4Provider.java:159)
	at org.apache.maven.surefire.booter.ForkedBooter.invokeProviderInSameClassLoader(ForkedBooter.java:386)
	at org.apache.maven.surefire.booter.ForkedBooter.runSuitesInProcess(ForkedBooter.java:323)
	at org.apache.maven.surefire.booter.ForkedBooter.main(ForkedBooter.java:143)
Caused by: java.io.IOException: Error while instrumenting javax/script/SimpleBindings with JaCoCo 0.8.8.202204050719/5dcf34a.
	at org.jacoco.agent.rt.internal_b6258fc.core.instr.Instrumenter.instrumentError(Instrumenter.java:161)
	at org.jacoco.agent.rt.internal_b6258fc.core.instr.Instrumenter.instrument(Instrumenter.java:111)
	at org.jacoco.agent.rt.internal_b6258fc.CoverageTransformer.transform(CoverageTransformer.java:92)
	... 52 more
Caused by: java.lang.IllegalArgumentException: Unsupported class file major version 65
	at org.jacoco.agent.rt.internal_b6258fc.asm.ClassReader.<init>(ClassReader.java:199)
	at org.jacoco.agent.rt.internal_b6258fc.asm.ClassReader.<init>(ClassReader.java:180)
	at org.jacoco.agent.rt.internal_b6258fc.asm.ClassReader.<init>(ClassReader.java:166)
	at org.jacoco.agent.rt.internal_b6258fc.core.internal.instr.InstrSupport.classReaderFor(InstrSupport.java:280)
	at org.jacoco.agent.rt.internal_b6258fc.core.instr.Instrumenter.instrument(Instrumenter.java:77)
	at org.jacoco.agent.rt.internal_b6258fc.core.instr.Instrumenter.instrument(Instrumenter.java:109)
	... 53 more
java.lang.instrument.IllegalClassFormatException: Error while instrumenting javax/script/ScriptEngine with JaCoCo 0.8.8.202204050719/5dcf34a.
	at org.jacoco.agent.rt.internal_b6258fc.CoverageTransformer.transform(CoverageTransformer.java:94)
	at java.instrument/java.lang.instrument.ClassFileTransformer.transform(ClassFileTransformer.java:244)
	at java.instrument/sun.instrument.TransformerManager.transform(TransformerManager.java:188)
	at java.instrument/sun.instrument.InstrumentationImpl.transform(InstrumentationImpl.java:610)
	at java.base/java.lang.ClassLoader.defineClass2(Native Method)
	at java.base/java.lang.ClassLoader.defineClass(ClassLoader.java:1118)
	at java.base/java.security.SecureClassLoader.defineClass(SecureClassLoader.java:182)
	at java.base/jdk.internal.loader.BuiltinClassLoader.defineClass(BuiltinClassLoader.java:821)
	at java.base/jdk.internal.loader.BuiltinClassLoader.findClassInModuleOrNull(BuiltinClassLoader.java:741)
	at java.base/jdk.internal.loader.BuiltinClassLoader.loadClassOrNull(BuiltinClassLoader.java:665)
	at java.base/jdk.internal.loader.BuiltinClassLoader.loadClassOrNull(BuiltinClassLoader.java:700)
	at java.base/jdk.internal.loader.BuiltinClassLoader.loadClassOrNull(BuiltinClassLoader.java:669)
	at java.base/jdk.internal.loader.BuiltinClassLoader.loadClass(BuiltinClassLoader.java:639)
	at java.base/jdk.internal.loader.ClassLoaders$AppClassLoader.loadClass(ClassLoaders.java:188)
	at java.base/java.lang.ClassLoader.loadClass(ClassLoader.java:526)
	at java.base/java.lang.Class.getDeclaredConstructors0(Native Method)
	at java.base/java.lang.Class.privateGetDeclaredConstructors(Class.java:3551)
	at java.base/java.lang.Class.getConstructor0(Class.java:3756)
	at java.base/java.lang.Class.getConstructor(Class.java:2444)
	at java.base/java.util.ServiceLoader$1.run(ServiceLoader.java:666)
	at java.base/java.util.ServiceLoader$1.run(ServiceLoader.java:663)
	at java.base/java.security.AccessController.doPrivileged(AccessController.java:571)
	at java.base/java.util.ServiceLoader.getConstructor(ServiceLoader.java:674)
	at java.base/java.util.ServiceLoader$LazyClassPathLookupIterator.hasNextService(ServiceLoader.java:1240)
	at java.base/java.util.ServiceLoader$LazyClassPathLookupIterator.hasNext(ServiceLoader.java:1273)
	at java.base/java.util.ServiceLoader$2.hasNext(ServiceLoader.java:1309)
	at java.base/java.util.ServiceLoader$3.hasNext(ServiceLoader.java:1393)
	at java.scripting/javax.script.ScriptEngineManager.initEngines(ScriptEngineManager.java:103)
	at java.scripting/javax.script.ScriptEngineManager.<init>(ScriptEngineManager.java:76)
	at java.scripting/javax.script.ScriptEngineManager.<init>(ScriptEngineManager.java:63)
	at org.apache.logging.log4j.core.script.ScriptManager.<init>(ScriptManager.java:70)
	at org.apache.logging.log4j.core.config.AbstractConfiguration.initialize(AbstractConfiguration.java:221)
	at org.apache.logging.log4j.core.config.AbstractConfiguration.start(AbstractConfiguration.java:289)
	at org.apache.logging.log4j.core.LoggerContext.setConfiguration(LoggerContext.java:626)
	at org.apache.logging.log4j.core.LoggerContext.reconfigure(LoggerContext.java:699)
	at org.apache.logging.log4j.core.LoggerContext.reconfigure(LoggerContext.java:716)
	at org.apache.logging.log4j.core.LoggerContext.start(LoggerContext.java:270)
	at org.apache.logging.log4j.core.impl.Log4jContextFactory.getContext(Log4jContextFactory.java:155)
	at org.apache.logging.log4j.core.impl.Log4jContextFactory.getContext(Log4jContextFactory.java:47)
	at org.apache.logging.log4j.LogManager.getContext(LogManager.java:196)
	at org.apache.logging.log4j.spi.AbstractLoggerAdapter.getContext(AbstractLoggerAdapter.java:137)
	at org.apache.logging.slf4j.Log4jLoggerFactory.getContext(Log4jLoggerFactory.java:55)
	at org.apache.logging.log4j.spi.AbstractLoggerAdapter.getLogger(AbstractLoggerAdapter.java:47)
	at org.apache.logging.slf4j.Log4jLoggerFactory.getLogger(Log4jLoggerFactory.java:33)
	at org.slf4j.LoggerFactory.getLogger(LoggerFactory.java:358)
	at org.slf4j.LoggerFactory.getLogger(LoggerFactory.java:383)
	at org.apache.hugegraph.store.core.StoreEngineTestBase.<clinit>(StoreEngineTestBase.java:45)
	at java.base/jdk.internal.misc.Unsafe.ensureClassInitialized0(Native Method)
	at java.base/jdk.internal.misc.Unsafe.ensureClassInitialized(Unsafe.java:1160)
	at java.base/jdk.internal.reflect.MethodHandleAccessorFactory.ensureClassInitialized(MethodHandleAccessorFactory.java:300)
	at java.base/jdk.internal.reflect.MethodHandleAccessorFactory.newMethodAccessor(MethodHandleAccessorFactory.java:71)
	at java.base/jdk.internal.reflect.ReflectionFactory.newMethodAccessor(ReflectionFactory.java:159)
	at java.base/java.lang.reflect.Method.acquireMethodAccessor(Method.java:726)
	at java.base/java.lang.reflect.Method.invoke(Method.java:577)
	at org.junit.runners.model.FrameworkMethod$1.runReflectiveCall(FrameworkMethod.java:59)
	at org.junit.internal.runners.model.ReflectiveCallable.run(ReflectiveCallable.java:12)
	at org.junit.runners.model.FrameworkMethod.invokeExplosively(FrameworkMethod.java:56)
	at org.junit.internal.runners.statements.RunBefores.invokeMethod(RunBefores.java:33)
	at org.junit.internal.runners.statements.RunBefores.evaluate(RunBefores.java:24)
	at org.junit.internal.runners.statements.RunAfters.evaluate(RunAfters.java:27)
	at org.junit.runners.ParentRunner$3.evaluate(ParentRunner.java:306)
	at org.junit.runners.ParentRunner.run(ParentRunner.java:413)
	at org.apache.maven.surefire.junit4.JUnit4Provider.execute(JUnit4Provider.java:365)
	at org.apache.maven.surefire.junit4.JUnit4Provider.executeWithRerun(JUnit4Provider.java:272)
	at org.apache.maven.surefire.junit4.JUnit4Provider.executeTestSet(JUnit4Provider.java:236)
	at org.apache.maven.surefire.junit4.JUnit4Provider.invoke(JUnit4Provider.java:159)
	at org.apache.maven.surefire.booter.ForkedBooter.invokeProviderInSameClassLoader(ForkedBooter.java:386)
	at org.apache.maven.surefire.booter.ForkedBooter.runSuitesInProcess(ForkedBooter.java:323)
	at org.apache.maven.surefire.booter.ForkedBooter.main(ForkedBooter.java:143)
Caused by: java.io.IOException: Error while instrumenting javax/script/ScriptEngine with JaCoCo 0.8.8.202204050719/5dcf34a.
	at org.jacoco.agent.rt.internal_b6258fc.core.instr.Instrumenter.instrumentError(Instrumenter.java:161)
	at org.jacoco.agent.rt.internal_b6258fc.core.instr.Instrumenter.instrument(Instrumenter.java:111)
	at org.jacoco.agent.rt.internal_b6258fc.CoverageTransformer.transform(CoverageTransformer.java:92)
	... 68 more
Caused by: java.lang.IllegalArgumentException: Unsupported class file major version 65
	at org.jacoco.agent.rt.internal_b6258fc.asm.ClassReader.<init>(ClassReader.java:199)
	at org.jacoco.agent.rt.internal_b6258fc.asm.ClassReader.<init>(ClassReader.java:180)
	at org.jacoco.agent.rt.internal_b6258fc.asm.ClassReader.<init>(ClassReader.java:166)
	at org.jacoco.agent.rt.internal_b6258fc.core.internal.instr.InstrSupport.classReaderFor(InstrSupport.java:280)
	at org.jacoco.agent.rt.internal_b6258fc.core.instr.Instrumenter.instrument(Instrumenter.java:77)
	at org.jacoco.agent.rt.internal_b6258fc.core.instr.Instrumenter.instrument(Instrumenter.java:109)
	... 69 more
2026-09-13 18:04:20 [main] [INFO] o.a.h.s.o.RaftRocksdbOptions - RocksdbConfig -1
2026-09-13 18:04:20 [main] [WARN] o.a.h.c.OptionSpace - Already registered option holder: rocksdb (class org.apache.hugegraph.rocksdb.access.RocksDBOptions)
2026-09-13 18:04:20 [main] [WARN] o.a.h.c.HugeConfig - The config option 'rocksdb.write_cache' is redundant, please ensure it has been registered
2026-09-13 18:04:20 [main] [WARN] o.a.h.c.HugeConfig - The config option 'rocksdb.write_buffer_manager' is redundant, please ensure it has been registered
2026-09-13 18:04:20 [main] [WARN] o.a.h.c.HugeConfig - The config option 'rocksdb.env' is redundant, please ensure it has been registered
2026-09-13 18:04:20 [main] [WARN] o.a.h.c.HugeConfig - The config option 'rocksdb.block_table_config' is redundant, please ensure it has been registered
2026-09-13 18:04:20 [main] [WARN] o.a.h.c.HugeConfig - The config option 'rocksdb.block_cache' is redundant, please ensure it has been registered
2026-09-13 18:04:20 [main] [INFO] o.a.h.r.a.RocksDBFactory - create rocksdb for hgstore-metadata
2026-09-13 18:04:20 [main] [INFO] o.a.h.r.a.RocksDBSession - hgstore-metadata latest db path /tmp/junit/hgstore-metadata
2026-09-13 18:04:20 [main] [INFO] o.a.h.r.a.RocksDBSession - rocksdb use global WriteBufferManager
2026-09-13 18:04:20 [main] [INFO] c.a.s.j.u.JRaftServiceLoader - SPI service [com.alipay.sofa.jraft.util.timer.RaftTimerFactory - com.alipay.sofa.jraft.util.timer.DefaultRaftTimerFactory] loading.
2026-09-13 18:04:20 [main] [INFO] c.a.s.j.u.JRaftServiceLoader - SPI service [com.alipay.sofa.jraft.rpc.RaftRpcFactory - com.alipay.sofa.jraft.rpc.impl.BoltRaftRpcFactory] loading.
Sofa-Middleware-Log SLF4J : Actual binding is of type [ com.alipay.remoting Log4j2 ]
2026-09-13 18:04:21 [main] [INFO] c.a.s.c.log - Sofa-Middleware-Log SLF4J : Actual binding is of type [ com.alipay.remoting Log4j2 ]
2026-09-13 18:04:21 [hg-heartbeat] [INFO] o.a.h.s.p.FakePdServiceProvider - registerStore storeId:0, storeAddress:127.0.0.1:6511
2026-09-13 18:04:21 [main] [INFO] o.a.h.s.m.StoreMetadata - allocate db path using partition count: db count stats: {/tmp/junit=0}
2026-09-13 18:04:21 [main] [INFO] o.a.h.r.a.RocksDBFactory - create rocksdb for 00000
2026-09-13 18:04:21 [main] [INFO] o.a.h.r.a.RocksDBSession - 00000 latest db path /tmp/junit/db/00000
2026-09-13 18:04:21 [main] [INFO] o.a.h.r.a.RocksDBSession - rocksdb use global WriteBufferManager
2026-09-13 18:04:21 [hg-heartbeat] [INFO] o.a.h.s.HeartbeatService - Register Store id= -35791620 successfully. store = Store(version=1.7.0, id=-35791620, storeAddress=127.0.0.1:6511, pdAddress=null, raftAddress=127.0.0.1:6510, deployPath=/home/zy/code/hugegraph/hugegraph-store/hg-store-test/target/classes/, dataPath=/tmp/junit, dataVersion=1, partitionCount=0, startTime=0, usedSize=0, pdHeartbeatInterval=0, state=Unknown, labels=null, cores=16), clusterStats 
2026-09-13 18:04:21 [JRaft-Closure-Executor-0] [INFO] o.a.h.s.HgStoreEngine - stateChanged, oldState Unknown, newState Up
2026-09-13 18:04:21 [JRaft-Closure-Executor-0] [ERROR] o.a.h.s.m.PartitionManager - partition 0 Directory not exists,options /tmp/junit
2026-09-13 18:04:21 [main] [INFO] o.a.h.s.HgStoreEngine - createPartitionEngine 0, with shards: { id:-35791620,role:Leader }
2026-09-13 18:04:21 [main] [INFO] o.a.h.s.m.StoreMetadata - allocate db path using partition count: db count stats: {/tmp/junit=0}
2026-09-13 18:04:21 [main] [INFO] o.a.h.s.PartitionEngine - PartitionEngine starting: PartitionEngine{groupId =0, isLeader=false, options=PartitionEngineOptions(taskScheduleTime=60, splitPartitionTimeout=1800000, raftOptions=HgStoreEngineOptions.RaftOptions(rpcConnectTimeoutMs=1000, electionTimeoutMs=3000, rpcInstallSnapshotTimeout=3600000, waitLeaderTimeout=30, maxEntriesSize=256, maxBodySize=524288, overloadRateLimit=100, keepInMemorySegmentCount=2, preAllocateSegmentCount=1, splitPartitionLogIndexMargin=10, rpcDefaultTimeout=5000, snapshotIntervalSecs=3600, snapshotDownloadingThreads=4, snapshotLogIndexMargin=1024, metrics=true, disruptorBufferSize=4096, maxReplicatorInflightMsgs=256, maxLogSize=104857600, aveLogEntrySizeRatio=0.95, useRocksDBSegmentLogStorage=true, maxSegmentFileSize=67108864), raftDataPath=/tmp/junit/raft/00000, raftSnapShotPath=/tmp/junit/raft/00000, groupId=0, raftAddress=127.0.0.1:6510, peerList=[127.0.0.1:6510::100], conf=null, taskHandler=null)}
2026-09-13 18:04:21 [main] [INFO] c.a.s.j.u.JRaftServiceLoader - SPI service [com.alipay.sofa.jraft.JRaftServiceFactory - com.alipay.sofa.jraft.core.DefaultJRaftServiceFactory] loading.
2026-09-13 18:04:21 [main] [INFO] c.a.s.j.u.JRaftServiceLoader - SPI service [com.alipay.sofa.jraft.util.JRaftSignalHandler - com.alipay.sofa.jraft.NodeDescribeSignalHandler] loading.
2026-09-13 18:04:21 [main] [INFO] c.a.s.j.u.JRaftServiceLoader - SPI service [com.alipay.sofa.jraft.util.JRaftSignalHandler - com.alipay.sofa.jraft.NodeMetricsSignalHandler] loading.
2026-09-13 18:04:21 [main] [INFO] c.a.s.j.u.JRaftServiceLoader - SPI service [com.alipay.sofa.jraft.util.JRaftSignalHandler - com.alipay.sofa.jraft.ThreadPoolMetricsSignalHandler] loading.
2026-09-13 18:04:21 [main] [INFO] c.a.s.j.c.NodeImpl - The number of active nodes increment to 1.
2026-09-13 18:04:21 [main] [INFO] c.a.s.j.s.l.RocksDBSegmentLogStorage - RocksDBSegmentLogStorage Loaded 0 segment files and  0 blank segment files from path /tmp/junit/raft/00000/log/segments.
2026-09-13 18:04:21 [main] [INFO] c.a.s.j.s.l.RocksDBSegmentLogStorage - RocksDBSegmentLogStorage segments: 
[
]
2026-09-13 18:04:21 [main] [INFO] c.a.s.j.s.l.RocksDBSegmentLogStorage - RocksDBSegmentLogStorage started checkpoint task.
2026-09-13 18:04:21 [main] [INFO] c.a.s.j.s.l.SegmentFile - Created a new segment file /tmp/junit/raft/00000/log/segments/0000000000000000000.s cost 9 ms, wrotePosition=18, bufferPosition=18, mappedSize=1073741824.
2026-09-13 18:04:21 [main] [INFO] c.a.s.j.s.l.RocksDBSegmentLogStorage - Create a new segment file /tmp/junit/raft/00000/log/segments/0000000000000000000.s.
2026-09-13 18:04:21 [main] [INFO] c.a.s.j.s.l.RocksDBSegmentLogStorage - RocksDBSegmentLogStorage init and load cost 17 ms.
2026-09-13 18:04:21 [SegmentAllocator] [INFO] c.a.s.j.s.l.RocksDBSegmentLogStorage - SegmentAllocator is started.
2026-09-13 18:04:21 [main] [INFO] c.a.s.j.c.FSMCallerImpl - Starts FSMCaller successfully.
2026-09-13 18:04:21 [SegmentAllocator] [INFO] c.a.s.j.s.l.SegmentFile - Created a new segment file /tmp/junit/raft/00000/log/segments/0000000000000000001.s cost 10 ms, wrotePosition=18, bufferPosition=18, mappedSize=1073741824.
2026-09-13 18:04:21 [SegmentAllocator] [INFO] c.a.s.j.s.l.RocksDBSegmentLogStorage - Create a new segment file /tmp/junit/raft/00000/log/segments/0000000000000000001.s.
2026-09-13 18:04:21 [main] [WARN] c.a.s.j.s.s.l.LocalSnapshotStorage - No data for snapshot reader /tmp/junit/raft/00000/snapshot.
2026-09-13 18:04:21 [main] [INFO] c.a.s.j.c.NodeImpl - Node <hg_0/127.0.0.1:6510> init, term=0, lastLogId=LogId [index=0, term=0], conf=127.0.0.1:6510::100, oldConf=.
2026-09-13 18:04:21 [main] [INFO] c.a.s.j.c.NodeImpl - Node <hg_0/127.0.0.1:6510> start vote and grant vote self, term=0.
2026-09-13 18:04:21 [main] [INFO] c.a.s.j.s.i.LocalRaftMetaStorage - Save raft meta, path=/tmp/junit/raft/00000/meta, term=1, votedFor=127.0.0.1:6510, cost time=16 ms
2026-09-13 18:04:21 [main] [INFO] c.a.s.j.c.NodeImpl - Node <hg_0/127.0.0.1:6510> become leader of group, term=1, conf=127.0.0.1:6510::100, oldConf=.
2026-09-13 18:04:21 [main] [INFO] c.a.s.j.u.Recyclers - -Djraft.recyclers.maxCapacityPerThread: 4096.
2026-09-13 18:04:21 [main] [WARN] c.a.s.j.RaftGroupService - RPC server is not started in RaftGroupService.
2026-09-13 18:04:21 [main] [INFO] c.a.s.j.RaftGroupService - Start the RaftGroupService successfully.
2026-09-13 18:04:21 [main] [INFO] o.a.h.s.PartitionEngine - PartitionEngine start successfully: id = 0, peers list = [127.0.0.1:6510::100]
2026-09-13 18:04:21 [JRaft-FSMCaller-Disruptor-0] [INFO] c.a.s.j.c.StateMachineAdapter - onLeaderStart: term=1.
2026-09-13 18:04:21 [JRaft-FSMCaller-Disruptor-0] [INFO] o.a.h.s.r.PartitionStateMachine - Raft 0 becomes leader 
2026-09-13 18:04:21 [JRaft-Closure-Executor-3] [INFO] o.a.h.s.PartitionEngine - Raft 0 onLeaderStart newTerm is 1
2026-09-13 18:04:21 [JRaft-Closure-Executor-3] [INFO] o.a.h.s.PartitionEngine - Raft 0 onConfigurationCommitted, conf is 127.0.0.1:6510::100
2026-09-13 18:04:21 [JRaft-Closure-Executor-3] [INFO] o.a.h.s.PartitionEngine - Raft 0 onConfigurationCommitted, shardGroup [store_id: 18446744073673759996
role: Leader
]
2026-09-13 18:04:21 [main] [INFO] o.a.h.s.m.GraphIdManager - partition: 0, Graph ID 0 is allocated for graph LoadSnapshot-graph1, stack: [java.base/java.lang.Thread.getStackTrace(Thread.java:2451), org.apache.hugegraph.store.meta.GraphIdManager.getGraphIdOrCreate(GraphIdManager.java:98), org.apache.hugegraph.store.business.InnerKeyCreator.getGraphIdOrCreate(InnerKeyCreator.java:64), org.apache.hugegraph.store.business.InnerKeyCreator.getKeyOrCreate(InnerKeyCreator.java:90), org.apache.hugegraph.store.business.BusinessHandlerImpl.doPut(BusinessHandlerImpl.java:281), org.apache.hugegraph.store.core.HgBusinessImplTest.testLoadSnapshot(HgBusinessImplTest.java:113), java.base/jdk.internal.reflect.DirectMethodHandleAccessor.invoke(DirectMethodHandleAccessor.java:103), java.base/java.lang.reflect.Method.invoke(Method.java:580), org.junit.runners.model.FrameworkMethod$1.runReflectiveCall(FrameworkMethod.java:59), org.junit.internal.runners.model.ReflectiveCallable.run(ReflectiveCallable.java:12), org.junit.runners.model.FrameworkMethod.invokeExplosively(FrameworkMethod.java:56), org.junit.internal.runners.statements.InvokeMethod.evaluate(InvokeMethod.java:17), org.junit.runners.ParentRunner$3.evaluate(ParentRunner.java:306), org.junit.runners.BlockJUnit4ClassRunner$1.evaluate(BlockJUnit4ClassRunner.java:100), org.junit.runners.ParentRunner.runLeaf(ParentRunner.java:366), org.junit.runners.BlockJUnit4ClassRunner.runChild(BlockJUnit4ClassRunner.java:103), org.junit.runners.BlockJUnit4ClassRunner.runChild(BlockJUnit4ClassRunner.java:63), org.junit.runners.ParentRunner$4.run(ParentRunner.java:331), org.junit.runners.ParentRunner$1.schedule(ParentRunner.java:79), org.junit.runners.ParentRunner.runChildren(ParentRunner.java:329), org.junit.runners.ParentRunner.access$100(ParentRunner.java:66), org.junit.runners.ParentRunner$2.evaluate(ParentRunner.java:293), org.junit.internal.runners.statements.RunBefores.evaluate(RunBefores.java:26), org.junit.internal.runners.statements.RunAfters.evaluate(RunAfters.java:27), org.junit.runners.ParentRunner$3.evaluate(ParentRunner.java:306), org.junit.runners.ParentRunner.run(ParentRunner.java:413), org.apache.maven.surefire.junit4.JUnit4Provider.execute(JUnit4Provider.java:365), org.apache.maven.surefire.junit4.JUnit4Provider.executeWithRerun(JUnit4Provider.java:272), org.apache.maven.surefire.junit4.JUnit4Provider.executeTestSet(JUnit4Provider.java:236), org.apache.maven.surefire.junit4.JUnit4Provider.invoke(JUnit4Provider.java:159), org.apache.maven.surefire.booter.ForkedBooter.invokeProviderInSameClassLoader(ForkedBooter.java:386), org.apache.maven.surefire.booter.ForkedBooter.runSuitesInProcess(ForkedBooter.java:323), org.apache.maven.surefire.booter.ForkedBooter.main(ForkedBooter.java:143)]
255
2026-09-13 18:04:21 [main] [WARN] o.a.h.s.b.BusinessHandlerImpl - close all db!!! 
2026-09-13 18:04:21 [main] [INFO] o.a.h.r.a.RocksDBFactory - close 00000 's  rocksdb.
2026-09-13 18:04:21 [main] [INFO] o.a.h.r.a.RocksDBSession - shutdown db 00000, path is /tmp/junit/db/00000 
2026-09-13 18:04:21 [main] [INFO] o.a.h.r.a.RocksDBFactory - close hgstore-metadata 's  rocksdb.
2026-09-13 18:04:21 [main] [INFO] o.a.h.r.a.RocksDBSession - shutdown db hgstore-metadata, path is /tmp/junit/hgstore-metadata 
start loadSnapshot
2026-09-13 18:04:21 [main] [INFO] o.a.h.r.a.RocksDBFactory - create rocksdb for hgstore-metadata
2026-09-13 18:04:21 [main] [INFO] o.a.h.r.a.RocksDBSession - hgstore-metadata latest db path /tmp/junit/hgstore-metadata
2026-09-13 18:04:21 [main] [INFO] o.a.h.r.a.RocksDBSession - rocksdb use global WriteBufferManager
2026-09-13 18:04:21 [main] [INFO] o.a.h.r.a.RocksDBFactory - create rocksdb for 00000
2026-09-13 18:04:21 [main] [INFO] o.a.h.r.a.RocksDBSession - 00000 latest db path /tmp/junit/db/00000
2026-09-13 18:04:21 [main] [INFO] o.a.h.r.a.RocksDBSession - rocksdb use global WriteBufferManager
2026-09-13 18:04:21 [main] [INFO] o.a.h.r.a.RocksDBSession - begin load snapshot from /tmp/junit/db/00000
2026-09-13 18:04:21 [main] [INFO] o.a.h.r.a.RocksDBSession - verifySnapshot /tmp/junit/db/00000_10_temp_ Ok
2026-09-13 18:04:21 [main] [INFO] o.a.h.r.a.RocksDBSession - loaded snapshot from /tmp/junit/db/00000, time cost 4 ms
2026-09-13 18:04:21 [main] [INFO] o.a.h.r.a.RocksDBFactory - destroy 00000 's  rocksdb.
2026-09-13 18:04:21 [main] [INFO] o.a.h.r.a.RocksDBFactory - close 00000 's  rocksdb.
2026-09-13 18:04:21 [main] [INFO] o.a.h.r.a.RocksDBSession - shutdown db 00000, path is /tmp/junit/db/00000 
2026-09-13 18:04:21 [main] [INFO] o.a.h.r.a.RocksDBFactory - create rocksdb for 00000
2026-09-13 18:04:21 [main] [INFO] o.a.h.r.a.RocksDBSession - 00000 latest db path /tmp/junit/db/00000_10
2026-09-13 18:04:21 [main] [INFO] o.a.h.r.a.RocksDBSession - rocksdb use global WriteBufferManager
/tmp/junit/db/00000_10
2026-09-13 18:04:21 [main] [INFO] o.a.h.s.m.GraphIdManager - partition: 0, Graph ID 1 is allocated for graph testPut-graph1, stack: [java.base/java.lang.Thread.getStackTrace(Thread.java:2451), org.apache.hugegraph.store.meta.GraphIdManager.getGraphIdOrCreate(GraphIdManager.java:98), org.apache.hugegraph.store.business.InnerKeyCreator.getGraphIdOrCreate(InnerKeyCreator.java:64), org.apache.hugegraph.store.business.InnerKeyCreator.getKeyOrCreate(InnerKeyCreator.java:90), org.apache.hugegraph.store.business.BusinessHandlerImpl.doPut(BusinessHandlerImpl.java:281), org.apache.hugegraph.store.core.HgBusinessImplTest.testPut(HgBusinessImplTest.java:53), java.base/jdk.internal.reflect.DirectMethodHandleAccessor.invoke(DirectMethodHandleAccessor.java:103), java.base/java.lang.reflect.Method.invoke(Method.java:580), org.junit.runners.model.FrameworkMethod$1.runReflectiveCall(FrameworkMethod.java:59), org.junit.internal.runners.model.ReflectiveCallable.run(ReflectiveCallable.java:12), org.junit.runners.model.FrameworkMethod.invokeExplosively(FrameworkMethod.java:56), org.junit.internal.runners.statements.InvokeMethod.evaluate(InvokeMethod.java:17), org.junit.runners.ParentRunner$3.evaluate(ParentRunner.java:306), org.junit.runners.BlockJUnit4ClassRunner$1.evaluate(BlockJUnit4ClassRunner.java:100), org.junit.runners.ParentRunner.runLeaf(ParentRunner.java:366), org.junit.runners.BlockJUnit4ClassRunner.runChild(BlockJUnit4ClassRunner.java:103), org.junit.runners.BlockJUnit4ClassRunner.runChild(BlockJUnit4ClassRunner.java:63), org.junit.runners.ParentRunner$4.run(ParentRunner.java:331), org.junit.runners.ParentRunner$1.schedule(ParentRunner.java:79), org.junit.runners.ParentRunner.runChildren(ParentRunner.java:329), org.junit.runners.ParentRunner.access$100(ParentRunner.java:66), org.junit.runners.ParentRunner$2.evaluate(ParentRunner.java:293), org.junit.internal.runners.statements.RunBefores.evaluate(RunBefores.java:26), org.junit.internal.runners.statements.RunAfters.evaluate(RunAfters.java:27), org.junit.runners.ParentRunner$3.evaluate(ParentRunner.java:306), org.junit.runners.ParentRunner.run(ParentRunner.java:413), org.apache.maven.surefire.junit4.JUnit4Provider.execute(JUnit4Provider.java:365), org.apache.maven.surefire.junit4.JUnit4Provider.executeWithRerun(JUnit4Provider.java:272), org.apache.maven.surefire.junit4.JUnit4Provider.executeTestSet(JUnit4Provider.java:236), org.apache.maven.surefire.junit4.JUnit4Provider.invoke(JUnit4Provider.java:159), org.apache.maven.surefire.booter.ForkedBooter.invokeProviderInSameClassLoader(ForkedBooter.java:386), org.apache.maven.surefire.booter.ForkedBooter.runSuitesInProcess(ForkedBooter.java:323), org.apache.maven.surefire.booter.ForkedBooter.main(ForkedBooter.java:143)]
2026-09-13 18:04:21 [JRaft-FSMCaller-Disruptor-0] [INFO] o.a.h.s.PartitionEngine - receive sync partition graph_name: "testPut-graph1"
end_key: 65535
version: 1
state: PState_Normal

2026-09-13 18:04:21 [JRaft-FSMCaller-Disruptor-0] [INFO] o.a.h.s.HgStoreEngine - Partition testPut-graph1-0-PState_Normal sync partition status is Status[OK]
2026-09-13 18:04:21 [SegmentAllocator] [INFO] c.a.s.j.s.l.SegmentFile - Created a new segment file /tmp/junit/raft/00000/log/segments/0000000000000000002.s cost 19 ms, wrotePosition=18, bufferPosition=18, mappedSize=1073741824.
2026-09-13 18:04:21 [SegmentAllocator] [INFO] c.a.s.j.s.l.RocksDBSegmentLogStorage - Create a new segment file /tmp/junit/raft/00000/log/segments/0000000000000000002.s.
2026-09-13 18:04:21 [JRaft-FSMCaller-Disruptor-0] [INFO] o.a.h.s.PartitionEngine - receive sync partition graph_name: "testPut-graph2"
end_key: 65535
version: 1
state: PState_Normal

2026-09-13 18:04:21 [JRaft-FSMCaller-Disruptor-0] [INFO] o.a.h.s.HgStoreEngine - Partition testPut-graph2-0-PState_Normal sync partition status is Status[OK]
2026-09-13 18:04:21 [main] [INFO] o.a.h.s.m.GraphIdManager - partition: 0, Graph ID 2 is allocated for graph testPut-graph2, stack: [java.base/java.lang.Thread.getStackTrace(Thread.java:2451), org.apache.hugegraph.store.meta.GraphIdManager.getGraphIdOrCreate(GraphIdManager.java:98), org.apache.hugegraph.store.business.InnerKeyCreator.getGraphIdOrCreate(InnerKeyCreator.java:64), org.apache.hugegraph.store.business.InnerKeyCreator.getKeyOrCreate(InnerKeyCreator.java:90), org.apache.hugegraph.store.business.BusinessHandlerImpl.doPut(BusinessHandlerImpl.java:281), org.apache.hugegraph.store.core.HgBusinessImplTest.testPut(HgBusinessImplTest.java:58), java.base/jdk.internal.reflect.DirectMethodHandleAccessor.invoke(DirectMethodHandleAccessor.java:103), java.base/java.lang.reflect.Method.invoke(Method.java:580), org.junit.runners.model.FrameworkMethod$1.runReflectiveCall(FrameworkMethod.java:59), org.junit.internal.runners.model.ReflectiveCallable.run(ReflectiveCallable.java:12), org.junit.runners.model.FrameworkMethod.invokeExplosively(FrameworkMethod.java:56), org.junit.internal.runners.statements.InvokeMethod.evaluate(InvokeMethod.java:17), org.junit.runners.ParentRunner$3.evaluate(ParentRunner.java:306), org.junit.runners.BlockJUnit4ClassRunner$1.evaluate(BlockJUnit4ClassRunner.java:100), org.junit.runners.ParentRunner.runLeaf(ParentRunner.java:366), org.junit.runners.BlockJUnit4ClassRunner.runChild(BlockJUnit4ClassRunner.java:103), org.junit.runners.BlockJUnit4ClassRunner.runChild(BlockJUnit4ClassRunner.java:63), org.junit.runners.ParentRunner$4.run(ParentRunner.java:331), org.junit.runners.ParentRunner$1.schedule(ParentRunner.java:79), org.junit.runners.ParentRunner.runChildren(ParentRunner.java:329), org.junit.runners.ParentRunner.access$100(ParentRunner.java:66), org.junit.runners.ParentRunner$2.evaluate(ParentRunner.java:293), org.junit.internal.runners.statements.RunBefores.evaluate(RunBefores.java:26), org.junit.internal.runners.statements.RunAfters.evaluate(RunAfters.java:27), org.junit.runners.ParentRunner$3.evaluate(ParentRunner.java:306), org.junit.runners.ParentRunner.run(ParentRunner.java:413), org.apache.maven.surefire.junit4.JUnit4Provider.execute(JUnit4Provider.java:365), org.apache.maven.surefire.junit4.JUnit4Provider.executeWithRerun(JUnit4Provider.java:272), org.apache.maven.surefire.junit4.JUnit4Provider.executeTestSet(JUnit4Provider.java:236), org.apache.maven.surefire.junit4.JUnit4Provider.invoke(JUnit4Provider.java:159), org.apache.maven.surefire.booter.ForkedBooter.invokeProviderInSameClassLoader(ForkedBooter.java:386), org.apache.maven.surefire.booter.ForkedBooter.runSuitesInProcess(ForkedBooter.java:323), org.apache.maven.surefire.booter.ForkedBooter.main(ForkedBooter.java:143)]
--------------------dump all -------
testPut-graph1-0-default--------
HUGEGRAPH/CID/@GRAPH_ID@ -- 4855474547524150482f4349442f4047524150485f494440
HUGEGRAPH/CID_SLOT/@GRAPH_ID@/                                                                 -- 4855474547524150482f4349445f534c4f542f4047524150485f4944402f00000000000000000000000000000000000000000000000000000000000000000000000000000000000000000000000000000000000000000000000000000000
HUGEGRAPH/CID_SLOT/@GRAPH_ID@/                                                                -- 4855474547524150482f4349445f534c4f542f4047524150485f4944402f00000000000000010000000000000000000000000000000000000000000000000000000000000000000000000000000000000000000000000000000000000000
HUGEGRAPH/CID_SLOT/@GRAPH_ID@/                                                                -- 4855474547524150482f4349445f534c4f542f4047524150485f4944402f00000000000000020000000000000000000000000000000000000000000000000000000000000000000000000000000000000000000000000000000000000000
HUGEGRAPH/GRAPH_ID/LoadSnapshot-graph1 -- 4855474547524150482f47524150485f49442f4c6f6164536e617073686f742d677261706831
HUGEGRAPH/GRAPH_ID/testPut-graph1 -- 4855474547524150482f47524150485f49442f746573745075742d677261706831
HUGEGRAPH/GRAPH_ID/testPut-graph2 -- 4855474547524150482f47524150485f49442f746573745075742d677261706832
HUGEGRAPH/PARTITION/LoadSnapshot-graph1/0 -- 4855474547524150482f504152544954494f4e2f4c6f6164536e617073686f742d6772617068312f30
HUGEGRAPH/PARTITION/testPut-graph1/0 -- 4855474547524150482f504152544954494f4e2f746573745075742d6772617068312f30
HUGEGRAPH/PARTITION/testPut-graph2/0 -- 4855474547524150482f504152544954494f4e2f746573745075742d6772617068322f30
HUGEGRAPH/SHARDGROUP/0 -- 4855474547524150482f534841524447524f55502f30
testPut-graph1-0-unknown--------
  key0   -- 00006b6579300000
  key1  -- 00006b6579310001
  key10 
 -- 00006b65793130000a
  key100 d -- 00006b65793130300064
  key101 e -- 00006b65793130310065
  key102 f -- 00006b65793130320066
  key103 g -- 00006b65793130330067
  key104 h -- 00006b65793130340068
  key105 i -- 00006b65793130350069
  key106 j -- 00006b6579313036006a
  key107 k -- 00006b6579313037006b
  key108 l -- 00006b6579313038006c
  key109 m -- 00006b6579313039006d
  key11  -- 00006b65793131000b
  key110 n -- 00006b6579313130006e
  key111 o -- 00006b6579313131006f
  key112 p -- 00006b65793131320070
  key113 q -- 00006b65793131330071
  key114 r -- 00006b65793131340072
  key115 s -- 00006b65793131350073
  key116 t -- 00006b65793131360074
  key117 u -- 00006b65793131370075
  key118 v -- 00006b65793131380076
  key119 w -- 00006b65793131390077
  key12  -- 00006b65793132000c
  key120 x -- 00006b65793132300078
  key121 y -- 00006b65793132310079
  key122 z -- 00006b6579313232007a
  key123 { -- 00006b6579313233007b
  key124 | -- 00006b6579313234007c
  key125 } -- 00006b6579313235007d
  key126 ~ -- 00006b6579313236007e
  key127  -- 00006b6579313237007f
  key128 � -- 00006b65793132380080
  key129 � -- 00006b65793132390081
  key13  -- 00006b65793133000d
  key130 � -- 00006b65793133300082
  key131 � -- 00006b65793133310083
  key132 � -- 00006b65793133320084
  key133 � -- 00006b65793133330085
  key134 � -- 00006b65793133340086
  key135 � -- 00006b65793133350087
  key136 � -- 00006b65793133360088
  key137 � -- 00006b65793133370089
  key138 � -- 00006b6579313338008a
  key139 � -- 00006b6579313339008b
  key14  -- 00006b65793134000e
  key140 � -- 00006b6579313430008c
  key141 � -- 00006b6579313431008d
  key142 � -- 00006b6579313432008e
  key143 � -- 00006b6579313433008f
  key144 � -- 00006b65793134340090
  key145 � -- 00006b65793134350091
  key146 � -- 00006b65793134360092
  key147 � -- 00006b65793134370093
  key148 � -- 00006b65793134380094
  key149 � -- 00006b65793134390095
  key15  -- 00006b65793135000f
  key150 � -- 00006b65793135300096
  key151 � -- 00006b65793135310097
  key152 � -- 00006b65793135320098
  key153 � -- 00006b65793135330099
  key154 � -- 00006b6579313534009a
  key155 � -- 00006b6579313535009b
  key156 � -- 00006b6579313536009c
  key157 � -- 00006b6579313537009d
  key158 � -- 00006b6579313538009e
  key159 � -- 00006b6579313539009f
  key16  -- 00006b657931360010
  key160 � -- 00006b657931363000a0
  key161 � -- 00006b657931363100a1
  key162 � -- 00006b657931363200a2
  key163 � -- 00006b657931363300a3
  key164 � -- 00006b657931363400a4
  key165 � -- 00006b657931363500a5
  key166 � -- 00006b657931363600a6
  key167 � -- 00006b657931363700a7
  key168 � -- 00006b657931363800a8
  key169 � -- 00006b657931363900a9
  key17  -- 00006b657931370011
  key170 � -- 00006b657931373000aa
  key171 � -- 00006b657931373100ab
  key172 � -- 00006b657931373200ac
  key173 � -- 00006b657931373300ad
  key174 � -- 00006b657931373400ae
  key175 � -- 00006b657931373500af
  key176 � -- 00006b657931373600b0
  key177 � -- 00006b657931373700b1
  key178 � -- 00006b657931373800b2
  key179 � -- 00006b657931373900b3
  key18  -- 00006b657931380012
  key180 � -- 00006b657931383000b4
  key181 � -- 00006b657931383100b5
  key182 � -- 00006b657931383200b6
  key183 � -- 00006b657931383300b7
  key184 � -- 00006b657931383400b8
  key185 � -- 00006b657931383500b9
  key186 � -- 00006b657931383600ba
  key187 � -- 00006b657931383700bb
  key188 � -- 00006b657931383800bc
  key189 � -- 00006b657931383900bd
  key19  -- 00006b657931390013
  key190 � -- 00006b657931393000be
  key191 � -- 00006b657931393100bf
  key192 � -- 00006b657931393200c0
  key193 � -- 00006b657931393300c1
  key194 � -- 00006b657931393400c2
  key195 � -- 00006b657931393500c3
  key196 � -- 00006b657931393600c4
  key197 � -- 00006b657931393700c5
  key198 � -- 00006b657931393800c6
  key199 � -- 00006b657931393900c7
  key2  -- 00006b6579320002
  key20  -- 00006b657932300014
  key200 � -- 00006b657932303000c8
  key201 � -- 00006b657932303100c9
  key202 � -- 00006b657932303200ca
  key203 � -- 00006b657932303300cb
  key204 � -- 00006b657932303400cc
  key205 � -- 00006b657932303500cd
  key206 � -- 00006b657932303600ce
  key207 � -- 00006b657932303700cf
  key208 � -- 00006b657932303800d0
  key209 � -- 00006b657932303900d1
  key21  -- 00006b657932310015
  key210 � -- 00006b657932313000d2
  key211 � -- 00006b657932313100d3
  key212 � -- 00006b657932313200d4
  key213 � -- 00006b657932313300d5
  key214 � -- 00006b657932313400d6
  key215 � -- 00006b657932313500d7
  key216 � -- 00006b657932313600d8
  key217 � -- 00006b657932313700d9
  key218 � -- 00006b657932313800da
  key219 � -- 00006b657932313900db
  key22  -- 00006b657932320016
  key220 � -- 00006b657932323000dc
  key221 � -- 00006b657932323100dd
  key222 � -- 00006b657932323200de
  key223 � -- 00006b657932323300df
  key224 � -- 00006b657932323400e0
  key225 � -- 00006b657932323500e1
  key226 � -- 00006b657932323600e2
  key227 � -- 00006b657932323700e3
  key228 � -- 00006b657932323800e4
  key229 � -- 00006b657932323900e5
  key23  -- 00006b657932330017
  key230 � -- 00006b657932333000e6
  key231 � -- 00006b657932333100e7
  key232 � -- 00006b657932333200e8
  key233 � -- 00006b657932333300e9
  key234 � -- 00006b657932333400ea
  key235 � -- 00006b657932333500eb
  key236 � -- 00006b657932333600ec
  key237 � -- 00006b657932333700ed
  key238 � -- 00006b657932333800ee
  key239 � -- 00006b657932333900ef
  key24  -- 00006b657932340018
  key240 � -- 00006b657932343000f0
  key241 � -- 00006b657932343100f1
  key242 � -- 00006b657932343200f2
  key243 � -- 00006b657932343300f3
  key244 � -- 00006b657932343400f4
  key245 � -- 00006b657932343500f5
  key246 � -- 00006b657932343600f6
  key247 � -- 00006b657932343700f7
  key248 � -- 00006b657932343800f8
  key249 � -- 00006b657932343900f9
  key25  -- 00006b657932350019
  key250 � -- 00006b657932353000fa
  key251 � -- 00006b657932353100fb
  key252 � -- 00006b657932353200fc
  key253 � -- 00006b657932353300fd
  key254 � -- 00006b657932353400fe
  key255 � -- 00006b657932353500ff
  key26  -- 00006b65793236001a
  key27  -- 00006b65793237001b
  key28  -- 00006b65793238001c
  key29  -- 00006b65793239001d
  key3  -- 00006b6579330003
  key30  -- 00006b65793330001e
  key31  -- 00006b65793331001f
  key32   -- 00006b657933320020
  key33 ! -- 00006b657933330021
  key34 " -- 00006b657933340022
  key35 # -- 00006b657933350023
  key36 $ -- 00006b657933360024
  key37 % -- 00006b657933370025
  key38 & -- 00006b657933380026
  key39 ' -- 00006b657933390027
  key4  -- 00006b6579340004
  key40 ( -- 00006b657934300028
  key41 ) -- 00006b657934310029
  key42 * -- 00006b65793432002a
  key43 + -- 00006b65793433002b
  key44 , -- 00006b65793434002c
  key45 - -- 00006b65793435002d
  key46 . -- 00006b65793436002e
  key47 / -- 00006b65793437002f
  key48 0 -- 00006b657934380030
  key49 1 -- 00006b657934390031
  key5  -- 00006b6579350005
  key50 2 -- 00006b657935300032
  key51 3 -- 00006b657935310033
  key52 4 -- 00006b657935320034
  key53 5 -- 00006b657935330035
  key54 6 -- 00006b657935340036
  key55 7 -- 00006b657935350037
  key56 8 -- 00006b657935360038
  key57 9 -- 00006b657935370039
  key58 : -- 00006b65793538003a
  key59 ; -- 00006b65793539003b
  key6  -- 00006b6579360006
  key60 < -- 00006b65793630003c
  key61 = -- 00006b65793631003d
  key62 > -- 00006b65793632003e
  key63 ? -- 00006b65793633003f
  key64 @ -- 00006b657936340040
  key65 A -- 00006b657936350041
  key66 B -- 00006b657936360042
  key67 C -- 00006b657936370043
  key68 D -- 00006b657936380044
  key69 E -- 00006b657936390045
  key7  -- 00006b6579370007
  key70 F -- 00006b657937300046
  key71 G -- 00006b657937310047
  key72 H -- 00006b657937320048
  key73 I -- 00006b657937330049
  key74 J -- 00006b65793734004a
  key75 K -- 00006b65793735004b
  key76 L -- 00006b65793736004c
  key77 M -- 00006b65793737004d
  key78 N -- 00006b65793738004e
  key79 O -- 00006b65793739004f
  key8  -- 00006b6579380008
  key80 P -- 00006b657938300050
  key81 Q -- 00006b657938310051
  key82 R -- 00006b657938320052
  key83 S -- 00006b657938330053
  key84 T -- 00006b657938340054
  key85 U -- 00006b657938350055
  key86 V -- 00006b657938360056
  key87 W -- 00006b657938370057
  key88 X -- 00006b657938380058
  key89 Y -- 00006b657938390059
  key9 	 -- 00006b6579390009
  key90 Z -- 00006b65793930005a
  key91 [ -- 00006b65793931005b
  key92 \ -- 00006b65793932005c
  key93 ] -- 00006b65793933005d
  key94 ^ -- 00006b65793934005e
  key95 _ -- 00006b65793935005f
  key96 ` -- 00006b657939360060
  key97 a -- 00006b657939370061
  key98 b -- 00006b657939380062
  key99 c -- 00006b657939390063
 key1   -- 00016b6579310000
 key2  -- 00016b657932000f
 key3 � -- 00016b65793300ff
 key4� -- 00016b6579340fff
 key21   -- 00026b657932310000
 key22  -- 00026b65793232000f
 key23 � -- 00026b6579323300ff
 key24� -- 00026b657932340fff
--------------------dump scan 0 0xff -------
key1   -- 6b6579310000
key2  -- 6b657932000f
--------------------dump scan prefix -------
key1 -- 6b657931
key2 -- 6b657932
key3 -- 6b657933
key4 -- 6b657934
--------------------dump scan range key1 key4 -------
key1 -- 6b657931
key2 -- 6b657932
key3 -- 6b657933
2026-09-13 18:04:21 [main] [INFO] o.a.h.s.b.BusinessHandlerImpl - cleanPartition: graph testPut-graph1, part id: 0, 0 -> 65536, cleanType:CLEAN_TYPE_KEEP_RANGE
2026-09-13 18:04:21 [JRaft-Closure-Executor-6] [INFO] o.a.h.s.b.BusinessHandlerImpl - Partition testPut-graph1-0 cleanPartition begin... graph_name: "testPut-graph1"
end_key: 65536
version: 1
state: PState_Normal

2026-09-13 18:04:21 [JRaft-Closure-Executor-6] [INFO] o.a.h.s.b.BusinessHandlerImpl - partition testPut-graph1-0, table:default, delete keys 0, total:0
2026-09-13 18:04:21 [JRaft-Closure-Executor-6] [INFO] o.a.h.s.b.BusinessHandlerImpl - partition testPut-graph1-0, table:unknown, delete keys 0, total:4
2026-09-13 18:04:21 [JRaft-FSMCaller-Disruptor-0] [INFO] o.a.h.s.PartitionEngine - receive sync partition graph_name: "testPut-graph1"
end_key: 65536
version: 1
state: PState_Normal

2026-09-13 18:04:21 [JRaft-FSMCaller-Disruptor-0] [INFO] o.a.h.s.HgStoreEngine - Partition testPut-graph1-0-PState_Normal sync partition status is Status[OK]
2026-09-13 18:04:21 [JRaft-Closure-Executor-6] [INFO] o.a.h.s.b.BusinessHandlerImpl - Partition testPut-graph1-0 cleanPartition end
2026-09-13 18:04:23 [main] [WARN] o.a.h.s.b.BusinessHandlerImpl - close all db!!! 
2026-09-13 18:04:23 [main] [INFO] o.a.h.r.a.RocksDBFactory - close 00000 's  rocksdb.
2026-09-13 18:04:23 [main] [INFO] o.a.h.r.a.RocksDBSession - shutdown db 00000, path is /tmp/junit/db/00000_10 
2026-09-13 18:04:23 [main] [INFO] o.a.h.r.a.RocksDBFactory - close hgstore-metadata 's  rocksdb.
2026-09-13 18:04:23 [main] [INFO] o.a.h.r.a.RocksDBSession - shutdown db hgstore-metadata, path is /tmp/junit/hgstore-metadata 
2026-09-13 18:04:23 [main] [INFO] o.a.h.s.HeartbeatService - HeartbeatService shutdown
2026-09-13 18:04:23 [main] [INFO] c.a.s.j.c.NodeImpl - Node <hg_0/127.0.0.1:6510> starts to transfer leadership to any peer.
2026-09-13 18:04:23 [main] [WARN] o.a.h.s.HgStoreEngine - transfer leader error: Status[UNKNOWN<-1>: Candidate not found for any peer]
2026-09-13 18:04:23 [main] [INFO] c.a.s.j.c.NodeImpl - Node <hg_0/127.0.0.1:6510> shutdown, currTerm=1 state=STATE_LEADER.
2026-09-13 18:04:23 [main] [INFO] c.a.s.j.c.ReplicatorGroupImpl - Fail to find the next candidate.
2026-09-13 18:04:23 [JRaft-FSMCaller-Disruptor-0] [INFO] c.a.s.j.c.StateMachineAdapter - onLeaderStop: status=Status[ESHUTDOWN<1007>: Raft node is going to quit.].
2026-09-13 18:04:23 [JRaft-FSMCaller-Disruptor-0] [INFO] o.a.h.s.r.PartitionStateMachine - Raft 0 lost leader 
2026-09-13 18:04:23 [main] [INFO] c.a.s.j.s.i.LocalRaftMetaStorage - Save raft meta, path=/tmp/junit/raft/00000/meta, term=1, votedFor=127.0.0.1:6510, cost time=9 ms
2026-09-13 18:04:23 [main] [INFO] c.a.s.j.c.FSMCallerImpl - Shutting down FSMCaller...
2026-09-13 18:04:23 [main] [INFO] c.a.s.j.c.StateMachineAdapter - onShutdown.
2026-09-13 18:04:23 [main] [INFO] c.a.s.j.u.LogThreadPoolExecutor - ThreadPool is terminated: JRaft-RPC-Processor, com.alipay.sofa.jraft.util.MetricThreadPoolExecutor@40ef1934[Shutting down, pool size = 0, active threads = 0, queued tasks = 0, completed tasks = 0].
2026-09-13 18:04:23 [main] [INFO] c.a.s.j.u.LogScheduledThreadPoolExecutor - ThreadPool is terminated: JRaft-Node-ScheduleThreadPool, com.alipay.sofa.jraft.util.MetricScheduledThreadPoolExecutor@45b2b0ed[Shutting down, pool size = 0, active threads = 0, queued tasks = 0, completed tasks = 0].
2026-09-13 18:04:23 [JRaft-NodeImpl-Disruptor-0] [INFO] c.a.s.j.c.NodeImpl - The number of active nodes decrement to 0.
2026-09-13 18:04:23 [JRaft-Global-ElectionTimer1] [INFO] c.a.s.j.u.LogScheduledThreadPoolExecutor - ThreadPool is terminated: JRaft-Global-ElectionTimer, com.alipay.sofa.jraft.util.MetricScheduledThreadPoolExecutor@1e366f0f[Shutting down, pool size = 0, active threads = 0, queued tasks = 0, completed tasks = 0].
2026-09-13 18:04:23 [main] [INFO] c.a.s.j.u.RepeatedTimer - Destroy timer: RepeatedTimer{timeout=null, stopped=true, running=false, destroyed=true, invoking=false, timeoutMs=3000, name='JRaft-ElectionTimer-<hg_0/127.0.0.1:6510>'}.
2026-09-13 18:04:23 [JRaft-Global-VoteTimer0] [INFO] c.a.s.j.u.LogScheduledThreadPoolExecutor - ThreadPool is terminated: JRaft-Global-VoteTimer, com.alipay.sofa.jraft.util.MetricScheduledThreadPoolExecutor@5e94947e[Shutting down, pool size = 0, active threads = 0, queued tasks = 0, completed tasks = 0].
2026-09-13 18:04:23 [main] [INFO] c.a.s.j.u.RepeatedTimer - Destroy timer: RepeatedTimer{timeout=null, stopped=true, running=false, destroyed=true, invoking=false, timeoutMs=3000, name='JRaft-VoteTimer-<hg_0/127.0.0.1:6510>'}.
2026-09-13 18:04:23 [JRaft-Global-StepDownTimer1] [INFO] c.a.s.j.u.LogScheduledThreadPoolExecutor - ThreadPool is terminated: JRaft-Global-StepDownTimer, com.alipay.sofa.jraft.util.MetricScheduledThreadPoolExecutor@586b78d7[Shutting down, pool size = 0, active threads = 0, queued tasks = 0, completed tasks = 2].
2026-09-13 18:04:23 [main] [INFO] c.a.s.j.u.RepeatedTimer - Destroy timer: RepeatedTimer{timeout=null, stopped=true, running=false, destroyed=true, invoking=false, timeoutMs=1500, name='JRaft-StepDownTimer-<hg_0/127.0.0.1:6510>'}.
2026-09-13 18:04:23 [JRaft-Global-SnapshotTimer0] [INFO] c.a.s.j.u.LogScheduledThreadPoolExecutor - ThreadPool is terminated: JRaft-Global-SnapshotTimer, com.alipay.sofa.jraft.util.MetricScheduledThreadPoolExecutor@43255f91[Shutting down, pool size = 0, active threads = 0, queued tasks = 0, completed tasks = 0].
2026-09-13 18:04:23 [main] [INFO] c.a.s.j.u.RepeatedTimer - Destroy timer: RepeatedTimer{timeout=null, stopped=true, running=false, destroyed=true, invoking=false, timeoutMs=3600000, name='JRaft-SnapshotTimer-<hg_0/127.0.0.1:6510>'}.
2026-09-13 18:04:23 [main] [INFO] c.a.s.j.RaftGroupService - Stop the RaftGroupService successfully.
2026-09-13 18:04:23 [main] [INFO] c.a.s.j.s.l.RocksDBSegmentLogStorage - RocksDBSegmentLogStorage stopped checkpoint task.
2026-09-13 18:04:23 [SegmentAllocator] [INFO] c.a.s.j.s.l.RocksDBSegmentLogStorage - SegmentAllocator exit.
2026-09-13 18:04:23 [main] [INFO] c.a.s.j.s.l.SegmentFile - Unloaded segment file /tmp/junit/raft/00000/log/segments/0000000000000000000.s, current status: SegmentFile [firstLogIndex=2, lastLogIndex=4, size=1073741824, path=/tmp/junit/raft/00000/log/segments/0000000000000000000.s, wrotePos=18, committedPos=18].
2026-09-13 18:04:23 [main] [INFO] c.a.s.j.s.l.SegmentFile - Unloaded segment file /tmp/junit/raft/00000/log/segments/0000000000000000001.s, current status: SegmentFile [firstLogIndex=-99, lastLogIndex=9223372036854775807, size=1073741824, path=/tmp/junit/raft/00000/log/segments/0000000000000000001.s, wrotePos=18, committedPos=18].
2026-09-13 18:04:23 [main] [INFO] c.a.s.j.s.l.SegmentFile - Unloaded segment file /tmp/junit/raft/00000/log/segments/0000000000000000002.s, current status: SegmentFile [firstLogIndex=-99, lastLogIndex=9223372036854775807, size=1073741824, path=/tmp/junit/raft/00000/log/segments/0000000000000000002.s, wrotePos=18, committedPos=18].
2026-09-13 18:04:23 [main] [INFO] c.a.s.j.u.LogThreadPoolExecutor - ThreadPool is terminated: RocksDBSegmentLogStorage-write-pool, com.alipay.sofa.jraft.util.MetricThreadPoolExecutor@7a6e0f3c[Shutting down, pool size = 0, active threads = 0, queued tasks = 0, completed tasks = 0].
2026-09-13 18:04:23 [main] [INFO] c.a.s.j.s.i.RocksDBLogStorage - DB destroyed, the db path is: /tmp/junit/raft/00000/log.
2026-09-13 18:04:23 [main] [INFO] o.a.h.s.PartitionEngine - PartitionEngine shutdown successfully: PartitionEngine{groupId =0, isLeader=false, options=PartitionEngineOptions(taskScheduleTime=60, splitPartitionTimeout=1800000, raftOptions=HgStoreEngineOptions.RaftOptions(rpcConnectTimeoutMs=1000, electionTimeoutMs=3000, rpcInstallSnapshotTimeout=3600000, waitLeaderTimeout=30, maxEntriesSize=256, maxBodySize=524288, overloadRateLimit=100, keepInMemorySegmentCount=2, preAllocateSegmentCount=1, splitPartitionLogIndexMargin=10, rpcDefaultTimeout=5000, snapshotIntervalSecs=3600, snapshotDownloadingThreads=4, snapshotLogIndexMargin=1024, metrics=true, disruptorBufferSize=4096, maxReplicatorInflightMsgs=256, maxLogSize=104857600, aveLogEntrySizeRatio=0.95, useRocksDBSegmentLogStorage=true, maxSegmentFileSize=67108864), raftDataPath=/tmp/junit/raft/00000, raftSnapShotPath=/tmp/junit/raft/00000, groupId=0, raftAddress=127.0.0.1:6510, peerList=[127.0.0.1:6510::100], conf=null, taskHandler=null)}.
2026-09-13 18:04:23 [main] [INFO] o.a.h.r.a.RocksDBFactory - close 00000 's  rocksdb.
2026-09-13 18:04:23 [main] [INFO] o.a.h.r.a.RocksDBFactory - closing all rocksdb....
[[1;34mINFO[m] [1;32mTests run: [0;1;32m2[m, Failures: 0, Errors: 0, Skipped: 0, Time elapsed: 3.766 s - in org.apache.hugegraph.store.core.[1mHgBusinessImplTest[m
[[1;34mINFO[m] 
[[1;34mINFO[m] Results:
[[1;34mINFO[m] 
[[1;34mINFO[m] [1;32mTests run: 2, Failures: 0, Errors: 0, Skipped: 0[m
[[1;34mINFO[m] 
[[1;34mINFO[m] 
[[1;34mINFO[m] [1m--- [0;32mmaven-surefire-plugin:2.20:test[m [1m(store-common-test)[m @ [36mhg-store-test[0;1m ---[m
[[1;34mINFO[m] 
[[1;34mINFO[m] -------------------------------------------------------
[[1;34mINFO[m]  T E S T S
[[1;34mINFO[m] -------------------------------------------------------
[[1;34mINFO[m] Running org.apache.hugegraph.store.core.[1mHgBusinessImplTest[m
java.lang.instrument.IllegalClassFormatException: Error while instrumenting sun/util/resources/cldr/provider/CLDRLocaleDataMetaInfo with JaCoCo 0.8.8.202204050719/5dcf34a.
	at org.jacoco.agent.rt.internal_b6258fc.CoverageTransformer.transform(CoverageTransformer.java:94)
	at java.instrument/java.lang.instrument.ClassFileTransformer.transform(ClassFileTransformer.java:244)
	at java.instrument/sun.instrument.TransformerManager.transform(TransformerManager.java:188)
	at java.instrument/sun.instrument.InstrumentationImpl.transform(InstrumentationImpl.java:610)
	at java.base/java.lang.ClassLoader.defineClass2(Native Method)
	at java.base/java.lang.ClassLoader.defineClass(ClassLoader.java:1118)
	at java.base/java.security.SecureClassLoader.defineClass(SecureClassLoader.java:182)
	at java.base/jdk.internal.loader.BuiltinClassLoader.defineClass(BuiltinClassLoader.java:821)
	at java.base/jdk.internal.loader.BuiltinClassLoader.findClassInModuleOrNull(BuiltinClassLoader.java:741)
	at java.base/jdk.internal.loader.BuiltinClassLoader.findClass(BuiltinClassLoader.java:621)
	at java.base/java.lang.ClassLoader.loadClass(ClassLoader.java:638)
	at java.base/java.lang.Class.forName(Class.java:627)
	at java.base/java.lang.Class.forName(Class.java:602)
	at java.base/java.util.ServiceLoader.loadProvider(ServiceLoader.java:859)
	at java.base/java.util.ServiceLoader$ModuleServicesLookupIterator.hasNext(ServiceLoader.java:1084)
	at java.base/java.util.ServiceLoader$2.hasNext(ServiceLoader.java:1309)
	at java.base/java.util.ServiceLoader$3.hasNext(ServiceLoader.java:1393)
	at java.base/sun.util.cldr.CLDRLocaleProviderAdapter.lambda$new$0(CLDRLocaleProviderAdapter.java:84)
	at java.base/java.security.AccessController.doPrivileged(AccessController.java:571)
	at java.base/sun.util.cldr.CLDRLocaleProviderAdapter.<init>(CLDRLocaleProviderAdapter.java:83)
	at java.base/jdk.internal.reflect.DirectConstructorHandleAccessor.newInstance(DirectConstructorHandleAccessor.java:62)
	at java.base/java.lang.reflect.Constructor.newInstanceWithCaller(Constructor.java:502)
	at java.base/java.lang.reflect.Constructor.newInstance(Constructor.java:486)
	at java.base/sun.util.locale.provider.LocaleProviderAdapter.forType(LocaleProviderAdapter.java:194)
	at java.base/sun.util.locale.provider.LocaleProviderAdapter.findAdapter(LocaleProviderAdapter.java:293)
	at java.base/sun.util.locale.provider.LocaleProviderAdapter.getAdapter(LocaleProviderAdapter.java:264)
	at java.base/java.util.Calendar.createCalendar(Calendar.java:1696)
	at java.base/java.util.Calendar.getInstance(Calendar.java:1645)
	at org.apache.logging.log4j.core.util.datetime.FixedDateFormat.calcMidnightMillis(FixedDateFormat.java:547)
	at org.apache.logging.log4j.core.util.datetime.FixedDateFormat.updateMidnightMillis(FixedDateFormat.java:538)
	at org.apache.logging.log4j.core.util.datetime.FixedDateFormat.millisSinceMidnight(FixedDateFormat.java:529)
	at org.apache.logging.log4j.core.util.datetime.FixedDateFormat.format(FixedDateFormat.java:616)
	at org.apache.logging.log4j.core.util.datetime.FixedDateFormat.formatInstant(FixedDateFormat.java:590)
	at org.apache.logging.log4j.core.util.datetime.FixedDateFormat.formatInstant(FixedDateFormat.java:584)
	at org.apache.logging.log4j.core.pattern.DatePatternConverter$FixedFormatter.format(DatePatternConverter.java:100)
	at org.apache.logging.log4j.core.pattern.DatePatternConverter$CachedTime.<init>(DatePatternConverter.java:155)
	at org.apache.logging.log4j.core.pattern.DatePatternConverter.fromEpochMillis(DatePatternConverter.java:190)
	at org.apache.logging.log4j.core.pattern.DatePatternConverter.<init>(DatePatternConverter.java:184)
	at org.apache.logging.log4j.core.pattern.DatePatternConverter.newInstance(DatePatternConverter.java:208)
	at java.base/jdk.internal.reflect.DirectMethodHandleAccessor.invoke(DirectMethodHandleAccessor.java:103)
	at java.base/java.lang.reflect.Method.invoke(Method.java:580)
	at org.apache.logging.log4j.core.pattern.PatternParser.createConverter(PatternParser.java:590)
	at org.apache.logging.log4j.core.pattern.PatternParser.finalizeConverter(PatternParser.java:657)
	at org.apache.logging.log4j.core.pattern.PatternParser.parse(PatternParser.java:420)
	at org.apache.logging.log4j.core.pattern.PatternParser.parse(PatternParser.java:177)
	at org.apache.logging.log4j.core.layout.PatternLayout$SerializerBuilder.build(PatternLayout.java:474)
	at org.apache.logging.log4j.core.layout.PatternLayout.<init>(PatternLayout.java:140)
	at org.apache.logging.log4j.core.layout.PatternLayout.<init>(PatternLayout.java:61)
	at org.apache.logging.log4j.core.layout.PatternLayout$Builder.build(PatternLayout.java:770)
	at org.apache.logging.log4j.core.config.AbstractConfiguration.setToDefault(AbstractConfiguration.java:715)
	at org.apache.logging.log4j.core.config.DefaultConfiguration.<init>(DefaultConfiguration.java:47)
	at org.apache.logging.log4j.core.LoggerContext.<init>(LoggerContext.java:95)
	at org.apache.logging.log4j.core.selector.ClassLoaderContextSelector.createContext(ClassLoaderContextSelector.java:254)
	at org.apache.logging.log4j.core.selector.ClassLoaderContextSelector.locateContext(ClassLoaderContextSelector.java:218)
	at org.apache.logging.log4j.core.selector.ClassLoaderContextSelector.getContext(ClassLoaderContextSelector.java:136)
	at org.apache.logging.log4j.core.selector.ClassLoaderContextSelector.getContext(ClassLoaderContextSelector.java:123)
	at org.apache.logging.log4j.core.selector.ClassLoaderContextSelector.getContext(ClassLoaderContextSelector.java:117)
	at org.apache.logging.log4j.core.impl.Log4jContextFactory.getContext(Log4jContextFactory.java:150)
	at org.apache.logging.log4j.core.impl.Log4jContextFactory.getContext(Log4jContextFactory.java:47)
	at org.apache.logging.log4j.LogManager.getContext(LogManager.java:196)
	at org.apache.logging.log4j.spi.AbstractLoggerAdapter.getContext(AbstractLoggerAdapter.java:137)
	at org.apache.logging.slf4j.Log4jLoggerFactory.getContext(Log4jLoggerFactory.java:55)
	at org.apache.logging.log4j.spi.AbstractLoggerAdapter.getLogger(AbstractLoggerAdapter.java:47)
	at org.apache.logging.slf4j.Log4jLoggerFactory.getLogger(Log4jLoggerFactory.java:33)
	at org.slf4j.LoggerFactory.getLogger(LoggerFactory.java:358)
	at org.slf4j.LoggerFactory.getLogger(LoggerFactory.java:383)
	at org.apache.hugegraph.store.core.StoreEngineTestBase.<clinit>(StoreEngineTestBase.java:45)
	at java.base/jdk.internal.misc.Unsafe.ensureClassInitialized0(Native Method)
	at java.base/jdk.internal.misc.Unsafe.ensureClassInitialized(Unsafe.java:1160)
	at java.base/jdk.internal.reflect.MethodHandleAccessorFactory.ensureClassInitialized(MethodHandleAccessorFactory.java:300)
	at java.base/jdk.internal.reflect.MethodHandleAccessorFactory.newMethodAccessor(MethodHandleAccessorFactory.java:71)
	at java.base/jdk.internal.reflect.ReflectionFactory.newMethodAccessor(ReflectionFactory.java:159)
	at java.base/java.lang.reflect.Method.acquireMethodAccessor(Method.java:726)
	at java.base/java.lang.reflect.Method.invoke(Method.java:577)
	at org.junit.runners.model.FrameworkMethod$1.runReflectiveCall(FrameworkMethod.java:59)
	at org.junit.internal.runners.model.ReflectiveCallable.run(ReflectiveCallable.java:12)
	at org.junit.runners.model.FrameworkMethod.invokeExplosively(FrameworkMethod.java:56)
	at org.junit.internal.runners.statements.RunBefores.invokeMethod(RunBefores.java:33)
	at org.junit.internal.runners.statements.RunBefores.evaluate(RunBefores.java:24)
	at org.junit.internal.runners.statements.RunAfters.evaluate(RunAfters.java:27)
	at org.junit.runners.ParentRunner$3.evaluate(ParentRunner.java:306)
	at org.junit.runners.ParentRunner.run(ParentRunner.java:413)
	at org.apache.maven.surefire.junit4.JUnit4Provider.execute(JUnit4Provider.java:365)
	at org.apache.maven.surefire.junit4.JUnit4Provider.executeWithRerun(JUnit4Provider.java:272)
	at org.apache.maven.surefire.junit4.JUnit4Provider.executeTestSet(JUnit4Provider.java:236)
	at org.apache.maven.surefire.junit4.JUnit4Provider.invoke(JUnit4Provider.java:159)
	at org.apache.maven.surefire.booter.ForkedBooter.invokeProviderInSameClassLoader(ForkedBooter.java:386)
	at org.apache.maven.surefire.booter.ForkedBooter.runSuitesInProcess(ForkedBooter.java:323)
	at org.apache.maven.surefire.booter.ForkedBooter.main(ForkedBooter.java:143)
Caused by: java.io.IOException: Error while instrumenting sun/util/resources/cldr/provider/CLDRLocaleDataMetaInfo with JaCoCo 0.8.8.202204050719/5dcf34a.
	at org.jacoco.agent.rt.internal_b6258fc.core.instr.Instrumenter.instrumentError(Instrumenter.java:161)
	at org.jacoco.agent.rt.internal_b6258fc.core.instr.Instrumenter.instrument(Instrumenter.java:111)
	at org.jacoco.agent.rt.internal_b6258fc.CoverageTransformer.transform(CoverageTransformer.java:92)
	... 88 more
Caused by: java.lang.IllegalArgumentException: Unsupported class file major version 65
	at org.jacoco.agent.rt.internal_b6258fc.asm.ClassReader.<init>(ClassReader.java:199)
	at org.jacoco.agent.rt.internal_b6258fc.asm.ClassReader.<init>(ClassReader.java:180)
	at org.jacoco.agent.rt.internal_b6258fc.asm.ClassReader.<init>(ClassReader.java:166)
	at org.jacoco.agent.rt.internal_b6258fc.core.internal.instr.InstrSupport.classReaderFor(InstrSupport.java:280)
	at org.jacoco.agent.rt.internal_b6258fc.core.instr.Instrumenter.instrument(Instrumenter.java:77)
	at org.jacoco.agent.rt.internal_b6258fc.core.instr.Instrumenter.instrument(Instrumenter.java:109)
	... 89 more
java.lang.instrument.IllegalClassFormatException: Error while instrumenting javax/script/ScriptEngineManager with JaCoCo 0.8.8.202204050719/5dcf34a.
	at org.jacoco.agent.rt.internal_b6258fc.CoverageTransformer.transform(CoverageTransformer.java:94)
	at java.instrument/java.lang.instrument.ClassFileTransformer.transform(ClassFileTransformer.java:244)
	at java.instrument/sun.instrument.TransformerManager.transform(TransformerManager.java:188)
	at java.instrument/sun.instrument.InstrumentationImpl.transform(InstrumentationImpl.java:610)
	at java.base/java.lang.ClassLoader.defineClass2(Native Method)
	at java.base/java.lang.ClassLoader.defineClass(ClassLoader.java:1118)
	at java.base/java.security.SecureClassLoader.defineClass(SecureClassLoader.java:182)
	at java.base/jdk.internal.loader.BuiltinClassLoader.defineClass(BuiltinClassLoader.java:821)
	at java.base/jdk.internal.loader.BuiltinClassLoader.findClassInModuleOrNull(BuiltinClassLoader.java:741)
	at java.base/jdk.internal.loader.BuiltinClassLoader.loadClassOrNull(BuiltinClassLoader.java:665)
	at java.base/jdk.internal.loader.BuiltinClassLoader.loadClassOrNull(BuiltinClassLoader.java:700)
	at java.base/jdk.internal.loader.BuiltinClassLoader.loadClassOrNull(BuiltinClassLoader.java:669)
	at java.base/jdk.internal.loader.BuiltinClassLoader.loadClass(BuiltinClassLoader.java:639)
	at java.base/jdk.internal.loader.ClassLoaders$AppClassLoader.loadClass(ClassLoaders.java:188)
	at java.base/java.lang.ClassLoader.loadClass(ClassLoader.java:526)
	at org.apache.logging.log4j.core.script.ScriptManager.<init>(ScriptManager.java:70)
	at org.apache.logging.log4j.core.config.AbstractConfiguration.initialize(AbstractConfiguration.java:221)
	at org.apache.logging.log4j.core.config.AbstractConfiguration.start(AbstractConfiguration.java:289)
	at org.apache.logging.log4j.core.LoggerContext.setConfiguration(LoggerContext.java:626)
	at org.apache.logging.log4j.core.LoggerContext.reconfigure(LoggerContext.java:699)
	at org.apache.logging.log4j.core.LoggerContext.reconfigure(LoggerContext.java:716)
	at org.apache.logging.log4j.core.LoggerContext.start(LoggerContext.java:270)
	at org.apache.logging.log4j.core.impl.Log4jContextFactory.getContext(Log4jContextFactory.java:155)
	at org.apache.logging.log4j.core.impl.Log4jContextFactory.getContext(Log4jContextFactory.java:47)
	at org.apache.logging.log4j.LogManager.getContext(LogManager.java:196)
	at org.apache.logging.log4j.spi.AbstractLoggerAdapter.getContext(AbstractLoggerAdapter.java:137)
	at org.apache.logging.slf4j.Log4jLoggerFactory.getContext(Log4jLoggerFactory.java:55)
	at org.apache.logging.log4j.spi.AbstractLoggerAdapter.getLogger(AbstractLoggerAdapter.java:47)
	at org.apache.logging.slf4j.Log4jLoggerFactory.getLogger(Log4jLoggerFactory.java:33)
	at org.slf4j.LoggerFactory.getLogger(LoggerFactory.java:358)
	at org.slf4j.LoggerFactory.getLogger(LoggerFactory.java:383)
	at org.apache.hugegraph.store.core.StoreEngineTestBase.<clinit>(StoreEngineTestBase.java:45)
	at java.base/jdk.internal.misc.Unsafe.ensureClassInitialized0(Native Method)
	at java.base/jdk.internal.misc.Unsafe.ensureClassInitialized(Unsafe.java:1160)
	at java.base/jdk.internal.reflect.MethodHandleAccessorFactory.ensureClassInitialized(MethodHandleAccessorFactory.java:300)
	at java.base/jdk.internal.reflect.MethodHandleAccessorFactory.newMethodAccessor(MethodHandleAccessorFactory.java:71)
	at java.base/jdk.internal.reflect.ReflectionFactory.newMethodAccessor(ReflectionFactory.java:159)
	at java.base/java.lang.reflect.Method.acquireMethodAccessor(Method.java:726)
	at java.base/java.lang.reflect.Method.invoke(Method.java:577)
	at org.junit.runners.model.FrameworkMethod$1.runReflectiveCall(FrameworkMethod.java:59)
	at org.junit.internal.runners.model.ReflectiveCallable.run(ReflectiveCallable.java:12)
	at org.junit.runners.model.FrameworkMethod.invokeExplosively(FrameworkMethod.java:56)
	at org.junit.internal.runners.statements.RunBefores.invokeMethod(RunBefores.java:33)
	at org.junit.internal.runners.statements.RunBefores.evaluate(RunBefores.java:24)
	at org.junit.internal.runners.statements.RunAfters.evaluate(RunAfters.java:27)
	at org.junit.runners.ParentRunner$3.evaluate(ParentRunner.java:306)
	at org.junit.runners.ParentRunner.run(ParentRunner.java:413)
	at org.apache.maven.surefire.junit4.JUnit4Provider.execute(JUnit4Provider.java:365)
	at org.apache.maven.surefire.junit4.JUnit4Provider.executeWithRerun(JUnit4Provider.java:272)
	at org.apache.maven.surefire.junit4.JUnit4Provider.executeTestSet(JUnit4Provider.java:236)
	at org.apache.maven.surefire.junit4.JUnit4Provider.invoke(JUnit4Provider.java:159)
	at org.apache.maven.surefire.booter.ForkedBooter.invokeProviderInSameClassLoader(ForkedBooter.java:386)
	at org.apache.maven.surefire.booter.ForkedBooter.runSuitesInProcess(ForkedBooter.java:323)
	at org.apache.maven.surefire.booter.ForkedBooter.main(ForkedBooter.java:143)
Caused by: java.io.IOException: Error while instrumenting javax/script/ScriptEngineManager with JaCoCo 0.8.8.202204050719/5dcf34a.
	at org.jacoco.agent.rt.internal_b6258fc.core.instr.Instrumenter.instrumentError(Instrumenter.java:161)
	at org.jacoco.agent.rt.internal_b6258fc.core.instr.Instrumenter.instrument(Instrumenter.java:111)
	at org.jacoco.agent.rt.internal_b6258fc.CoverageTransformer.transform(CoverageTransformer.java:92)
	... 53 more
Caused by: java.lang.IllegalArgumentException: Unsupported class file major version 65
	at org.jacoco.agent.rt.internal_b6258fc.asm.ClassReader.<init>(ClassReader.java:199)
	at org.jacoco.agent.rt.internal_b6258fc.asm.ClassReader.<init>(ClassReader.java:180)
	at org.jacoco.agent.rt.internal_b6258fc.asm.ClassReader.<init>(ClassReader.java:166)
	at org.jacoco.agent.rt.internal_b6258fc.core.internal.instr.InstrSupport.classReaderFor(InstrSupport.java:280)
	at org.jacoco.agent.rt.internal_b6258fc.core.instr.Instrumenter.instrument(Instrumenter.java:77)
	at org.jacoco.agent.rt.internal_b6258fc.core.instr.Instrumenter.instrument(Instrumenter.java:109)
	... 54 more
java.lang.instrument.IllegalClassFormatException: Error while instrumenting javax/script/Bindings with JaCoCo 0.8.8.202204050719/5dcf34a.
	at org.jacoco.agent.rt.internal_b6258fc.CoverageTransformer.transform(CoverageTransformer.java:94)
	at java.instrument/java.lang.instrument.ClassFileTransformer.transform(ClassFileTransformer.java:244)
	at java.instrument/sun.instrument.TransformerManager.transform(TransformerManager.java:188)
	at java.instrument/sun.instrument.InstrumentationImpl.transform(InstrumentationImpl.java:610)
	at java.base/java.lang.ClassLoader.defineClass2(Native Method)
	at java.base/java.lang.ClassLoader.defineClass(ClassLoader.java:1118)
	at java.base/java.security.SecureClassLoader.defineClass(SecureClassLoader.java:182)
	at java.base/jdk.internal.loader.BuiltinClassLoader.defineClass(BuiltinClassLoader.java:821)
	at java.base/jdk.internal.loader.BuiltinClassLoader.findClassInModuleOrNull(BuiltinClassLoader.java:741)
	at java.base/jdk.internal.loader.BuiltinClassLoader.loadClassOrNull(BuiltinClassLoader.java:665)
	at java.base/jdk.internal.loader.BuiltinClassLoader.loadClass(BuiltinClassLoader.java:639)
	at java.base/java.lang.ClassLoader.loadClass(ClassLoader.java:526)
	at org.apache.logging.log4j.core.script.ScriptManager.<init>(ScriptManager.java:70)
	at org.apache.logging.log4j.core.config.AbstractConfiguration.initialize(AbstractConfiguration.java:221)
	at org.apache.logging.log4j.core.config.AbstractConfiguration.start(AbstractConfiguration.java:289)
	at org.apache.logging.log4j.core.LoggerContext.setConfiguration(LoggerContext.java:626)
	at org.apache.logging.log4j.core.LoggerContext.reconfigure(LoggerContext.java:699)
	at org.apache.logging.log4j.core.LoggerContext.reconfigure(LoggerContext.java:716)
	at org.apache.logging.log4j.core.LoggerContext.start(LoggerContext.java:270)
	at org.apache.logging.log4j.core.impl.Log4jContextFactory.getContext(Log4jContextFactory.java:155)
	at org.apache.logging.log4j.core.impl.Log4jContextFactory.getContext(Log4jContextFactory.java:47)
	at org.apache.logging.log4j.LogManager.getContext(LogManager.java:196)
	at org.apache.logging.log4j.spi.AbstractLoggerAdapter.getContext(AbstractLoggerAdapter.java:137)
	at org.apache.logging.slf4j.Log4jLoggerFactory.getContext(Log4jLoggerFactory.java:55)
	at org.apache.logging.log4j.spi.AbstractLoggerAdapter.getLogger(AbstractLoggerAdapter.java:47)
	at org.apache.logging.slf4j.Log4jLoggerFactory.getLogger(Log4jLoggerFactory.java:33)
	at org.slf4j.LoggerFactory.getLogger(LoggerFactory.java:358)
	at org.slf4j.LoggerFactory.getLogger(LoggerFactory.java:383)
	at org.apache.hugegraph.store.core.StoreEngineTestBase.<clinit>(StoreEngineTestBase.java:45)
	at java.base/jdk.internal.misc.Unsafe.ensureClassInitialized0(Native Method)
	at java.base/jdk.internal.misc.Unsafe.ensureClassInitialized(Unsafe.java:1160)
	at java.base/jdk.internal.reflect.MethodHandleAccessorFactory.ensureClassInitialized(MethodHandleAccessorFactory.java:300)
	at java.base/jdk.internal.reflect.MethodHandleAccessorFactory.newMethodAccessor(MethodHandleAccessorFactory.java:71)
	at java.base/jdk.internal.reflect.ReflectionFactory.newMethodAccessor(ReflectionFactory.java:159)
	at java.base/java.lang.reflect.Method.acquireMethodAccessor(Method.java:726)
	at java.base/java.lang.reflect.Method.invoke(Method.java:577)
	at org.junit.runners.model.FrameworkMethod$1.runReflectiveCall(FrameworkMethod.java:59)
	at org.junit.internal.runners.model.ReflectiveCallable.run(ReflectiveCallable.java:12)
	at org.junit.runners.model.FrameworkMethod.invokeExplosively(FrameworkMethod.java:56)
	at org.junit.internal.runners.statements.RunBefores.invokeMethod(RunBefores.java:33)
	at org.junit.internal.runners.statements.RunBefores.evaluate(RunBefores.java:24)
	at org.junit.internal.runners.statements.RunAfters.evaluate(RunAfters.java:27)
	at org.junit.runners.ParentRunner$3.evaluate(ParentRunner.java:306)
	at org.junit.runners.ParentRunner.run(ParentRunner.java:413)
	at org.apache.maven.surefire.junit4.JUnit4Provider.execute(JUnit4Provider.java:365)
	at org.apache.maven.surefire.junit4.JUnit4Provider.executeWithRerun(JUnit4Provider.java:272)
	at org.apache.maven.surefire.junit4.JUnit4Provider.executeTestSet(JUnit4Provider.java:236)
	at org.apache.maven.surefire.junit4.JUnit4Provider.invoke(JUnit4Provider.java:159)
	at org.apache.maven.surefire.booter.ForkedBooter.invokeProviderInSameClassLoader(ForkedBooter.java:386)
	at org.apache.maven.surefire.booter.ForkedBooter.runSuitesInProcess(ForkedBooter.java:323)
	at org.apache.maven.surefire.booter.ForkedBooter.main(ForkedBooter.java:143)
Caused by: java.io.IOException: Error while instrumenting javax/script/Bindings with JaCoCo 0.8.8.202204050719/5dcf34a.
	at org.jacoco.agent.rt.internal_b6258fc.core.instr.Instrumenter.instrumentError(Instrumenter.java:161)
	at org.jacoco.agent.rt.internal_b6258fc.core.instr.Instrumenter.instrument(Instrumenter.java:111)
	at org.jacoco.agent.rt.internal_b6258fc.CoverageTransformer.transform(CoverageTransformer.java:92)
	... 50 more
Caused by: java.lang.IllegalArgumentException: Unsupported class file major version 65
	at org.jacoco.agent.rt.internal_b6258fc.asm.ClassReader.<init>(ClassReader.java:199)
	at org.jacoco.agent.rt.internal_b6258fc.asm.ClassReader.<init>(ClassReader.java:180)
	at org.jacoco.agent.rt.internal_b6258fc.asm.ClassReader.<init>(ClassReader.java:166)
	at org.jacoco.agent.rt.internal_b6258fc.core.internal.instr.InstrSupport.classReaderFor(InstrSupport.java:280)
	at org.jacoco.agent.rt.internal_b6258fc.core.instr.Instrumenter.instrument(Instrumenter.java:77)
	at org.jacoco.agent.rt.internal_b6258fc.core.instr.Instrumenter.instrument(Instrumenter.java:109)
	... 51 more
java.lang.instrument.IllegalClassFormatException: Error while instrumenting javax/script/ScriptEngineFactory with JaCoCo 0.8.8.202204050719/5dcf34a.
	at org.jacoco.agent.rt.internal_b6258fc.CoverageTransformer.transform(CoverageTransformer.java:94)
	at java.instrument/java.lang.instrument.ClassFileTransformer.transform(ClassFileTransformer.java:244)
	at java.instrument/sun.instrument.TransformerManager.transform(TransformerManager.java:188)
	at java.instrument/sun.instrument.InstrumentationImpl.transform(InstrumentationImpl.java:610)
	at java.base/java.lang.ClassLoader.defineClass2(Native Method)
	at java.base/java.lang.ClassLoader.defineClass(ClassLoader.java:1118)
	at java.base/java.security.SecureClassLoader.defineClass(SecureClassLoader.java:182)
	at java.base/jdk.internal.loader.BuiltinClassLoader.defineClass(BuiltinClassLoader.java:821)
	at java.base/jdk.internal.loader.BuiltinClassLoader.findClassInModuleOrNull(BuiltinClassLoader.java:741)
	at java.base/jdk.internal.loader.BuiltinClassLoader.loadClassOrNull(BuiltinClassLoader.java:665)
	at java.base/jdk.internal.loader.BuiltinClassLoader.loadClass(BuiltinClassLoader.java:639)
	at java.base/java.lang.ClassLoader.loadClass(ClassLoader.java:526)
	at java.scripting/javax.script.ScriptEngineManager.<clinit>(ScriptEngineManager.java:315)
	at org.apache.logging.log4j.core.script.ScriptManager.<init>(ScriptManager.java:70)
	at org.apache.logging.log4j.core.config.AbstractConfiguration.initialize(AbstractConfiguration.java:221)
	at org.apache.logging.log4j.core.config.AbstractConfiguration.start(AbstractConfiguration.java:289)
	at org.apache.logging.log4j.core.LoggerContext.setConfiguration(LoggerContext.java:626)
	at org.apache.logging.log4j.core.LoggerContext.reconfigure(LoggerContext.java:699)
	at org.apache.logging.log4j.core.LoggerContext.reconfigure(LoggerContext.java:716)
	at org.apache.logging.log4j.core.LoggerContext.start(LoggerContext.java:270)
	at org.apache.logging.log4j.core.impl.Log4jContextFactory.getContext(Log4jContextFactory.java:155)
	at org.apache.logging.log4j.core.impl.Log4jContextFactory.getContext(Log4jContextFactory.java:47)
	at org.apache.logging.log4j.LogManager.getContext(LogManager.java:196)
	at org.apache.logging.log4j.spi.AbstractLoggerAdapter.getContext(AbstractLoggerAdapter.java:137)
	at org.apache.logging.slf4j.Log4jLoggerFactory.getContext(Log4jLoggerFactory.java:55)
	at org.apache.logging.log4j.spi.AbstractLoggerAdapter.getLogger(AbstractLoggerAdapter.java:47)
	at org.apache.logging.slf4j.Log4jLoggerFactory.getLogger(Log4jLoggerFactory.java:33)
	at org.slf4j.LoggerFactory.getLogger(LoggerFactory.java:358)
	at org.slf4j.LoggerFactory.getLogger(LoggerFactory.java:383)
	at org.apache.hugegraph.store.core.StoreEngineTestBase.<clinit>(StoreEngineTestBase.java:45)
	at java.base/jdk.internal.misc.Unsafe.ensureClassInitialized0(Native Method)
	at java.base/jdk.internal.misc.Unsafe.ensureClassInitialized(Unsafe.java:1160)
	at java.base/jdk.internal.reflect.MethodHandleAccessorFactory.ensureClassInitialized(MethodHandleAccessorFactory.java:300)
	at java.base/jdk.internal.reflect.MethodHandleAccessorFactory.newMethodAccessor(MethodHandleAccessorFactory.java:71)
	at java.base/jdk.internal.reflect.ReflectionFactory.newMethodAccessor(ReflectionFactory.java:159)
	at java.base/java.lang.reflect.Method.acquireMethodAccessor(Method.java:726)
	at java.base/java.lang.reflect.Method.invoke(Method.java:577)
	at org.junit.runners.model.FrameworkMethod$1.runReflectiveCall(FrameworkMethod.java:59)
	at org.junit.internal.runners.model.ReflectiveCallable.run(ReflectiveCallable.java:12)
	at org.junit.runners.model.FrameworkMethod.invokeExplosively(FrameworkMethod.java:56)
	at org.junit.internal.runners.statements.RunBefores.invokeMethod(RunBefores.java:33)
	at org.junit.internal.runners.statements.RunBefores.evaluate(RunBefores.java:24)
	at org.junit.internal.runners.statements.RunAfters.evaluate(RunAfters.java:27)
	at org.junit.runners.ParentRunner$3.evaluate(ParentRunner.java:306)
	at org.junit.runners.ParentRunner.run(ParentRunner.java:413)
	at org.apache.maven.surefire.junit4.JUnit4Provider.execute(JUnit4Provider.java:365)
	at org.apache.maven.surefire.junit4.JUnit4Provider.executeWithRerun(JUnit4Provider.java:272)
	at org.apache.maven.surefire.junit4.JUnit4Provider.executeTestSet(JUnit4Provider.java:236)
	at org.apache.maven.surefire.junit4.JUnit4Provider.invoke(JUnit4Provider.java:159)
	at org.apache.maven.surefire.booter.ForkedBooter.invokeProviderInSameClassLoader(ForkedBooter.java:386)
	at org.apache.maven.surefire.booter.ForkedBooter.runSuitesInProcess(ForkedBooter.java:323)
	at org.apache.maven.surefire.booter.ForkedBooter.main(ForkedBooter.java:143)
Caused by: java.io.IOException: Error while instrumenting javax/script/ScriptEngineFactory with JaCoCo 0.8.8.202204050719/5dcf34a.
	at org.jacoco.agent.rt.internal_b6258fc.core.instr.Instrumenter.instrumentError(Instrumenter.java:161)
	at org.jacoco.agent.rt.internal_b6258fc.core.instr.Instrumenter.instrument(Instrumenter.java:111)
	at org.jacoco.agent.rt.internal_b6258fc.CoverageTransformer.transform(CoverageTransformer.java:92)
	... 51 more
Caused by: java.lang.IllegalArgumentException: Unsupported class file major version 65
	at org.jacoco.agent.rt.internal_b6258fc.asm.ClassReader.<init>(ClassReader.java:199)
	at org.jacoco.agent.rt.internal_b6258fc.asm.ClassReader.<init>(ClassReader.java:180)
	at org.jacoco.agent.rt.internal_b6258fc.asm.ClassReader.<init>(ClassReader.java:166)
	at org.jacoco.agent.rt.internal_b6258fc.core.internal.instr.InstrSupport.classReaderFor(InstrSupport.java:280)
	at org.jacoco.agent.rt.internal_b6258fc.core.instr.Instrumenter.instrument(Instrumenter.java:77)
	at org.jacoco.agent.rt.internal_b6258fc.core.instr.Instrumenter.instrument(Instrumenter.java:109)
	... 52 more
java.lang.instrument.IllegalClassFormatException: Error while instrumenting javax/script/SimpleBindings with JaCoCo 0.8.8.202204050719/5dcf34a.
	at org.jacoco.agent.rt.internal_b6258fc.CoverageTransformer.transform(CoverageTransformer.java:94)
	at java.instrument/java.lang.instrument.ClassFileTransformer.transform(ClassFileTransformer.java:244)
	at java.instrument/sun.instrument.TransformerManager.transform(TransformerManager.java:188)
	at java.instrument/sun.instrument.InstrumentationImpl.transform(InstrumentationImpl.java:610)
	at java.base/java.lang.ClassLoader.defineClass2(Native Method)
	at java.base/java.lang.ClassLoader.defineClass(ClassLoader.java:1118)
	at java.base/java.security.SecureClassLoader.defineClass(SecureClassLoader.java:182)
	at java.base/jdk.internal.loader.BuiltinClassLoader.defineClass(BuiltinClassLoader.java:821)
	at java.base/jdk.internal.loader.BuiltinClassLoader.findClassInModuleOrNull(BuiltinClassLoader.java:741)
	at java.base/jdk.internal.loader.BuiltinClassLoader.loadClassOrNull(BuiltinClassLoader.java:665)
	at java.base/jdk.internal.loader.BuiltinClassLoader.loadClass(BuiltinClassLoader.java:639)
	at java.base/java.lang.ClassLoader.loadClass(ClassLoader.java:526)
	at java.scripting/javax.script.ScriptEngineManager.<init>(ScriptEngineManager.java:333)
	at java.scripting/javax.script.ScriptEngineManager.<init>(ScriptEngineManager.java:63)
	at org.apache.logging.log4j.core.script.ScriptManager.<init>(ScriptManager.java:70)
	at org.apache.logging.log4j.core.config.AbstractConfiguration.initialize(AbstractConfiguration.java:221)
	at org.apache.logging.log4j.core.config.AbstractConfiguration.start(AbstractConfiguration.java:289)
	at org.apache.logging.log4j.core.LoggerContext.setConfiguration(LoggerContext.java:626)
	at org.apache.logging.log4j.core.LoggerContext.reconfigure(LoggerContext.java:699)
	at org.apache.logging.log4j.core.LoggerContext.reconfigure(LoggerContext.java:716)
	at org.apache.logging.log4j.core.LoggerContext.start(LoggerContext.java:270)
	at org.apache.logging.log4j.core.impl.Log4jContextFactory.getContext(Log4jContextFactory.java:155)
	at org.apache.logging.log4j.core.impl.Log4jContextFactory.getContext(Log4jContextFactory.java:47)
	at org.apache.logging.log4j.LogManager.getContext(LogManager.java:196)
	at org.apache.logging.log4j.spi.AbstractLoggerAdapter.getContext(AbstractLoggerAdapter.java:137)
	at org.apache.logging.slf4j.Log4jLoggerFactory.getContext(Log4jLoggerFactory.java:55)
	at org.apache.logging.log4j.spi.AbstractLoggerAdapter.getLogger(AbstractLoggerAdapter.java:47)
	at org.apache.logging.slf4j.Log4jLoggerFactory.getLogger(Log4jLoggerFactory.java:33)
	at org.slf4j.LoggerFactory.getLogger(LoggerFactory.java:358)
	at org.slf4j.LoggerFactory.getLogger(LoggerFactory.java:383)
	at org.apache.hugegraph.store.core.StoreEngineTestBase.<clinit>(StoreEngineTestBase.java:45)
	at java.base/jdk.internal.misc.Unsafe.ensureClassInitialized0(Native Method)
	at java.base/jdk.internal.misc.Unsafe.ensureClassInitialized(Unsafe.java:1160)
	at java.base/jdk.internal.reflect.MethodHandleAccessorFactory.ensureClassInitialized(MethodHandleAccessorFactory.java:300)
	at java.base/jdk.internal.reflect.MethodHandleAccessorFactory.newMethodAccessor(MethodHandleAccessorFactory.java:71)
	at java.base/jdk.internal.reflect.ReflectionFactory.newMethodAccessor(ReflectionFactory.java:159)
	at java.base/java.lang.reflect.Method.acquireMethodAccessor(Method.java:726)
	at java.base/java.lang.reflect.Method.invoke(Method.java:577)
	at org.junit.runners.model.FrameworkMethod$1.runReflectiveCall(FrameworkMethod.java:59)
	at org.junit.internal.runners.model.ReflectiveCallable.run(ReflectiveCallable.java:12)
	at org.junit.runners.model.FrameworkMethod.invokeExplosively(FrameworkMethod.java:56)
	at org.junit.internal.runners.statements.RunBefores.invokeMethod(RunBefores.java:33)
	at org.junit.internal.runners.statements.RunBefores.evaluate(RunBefores.java:24)
	at org.junit.internal.runners.statements.RunAfters.evaluate(RunAfters.java:27)
	at org.junit.runners.ParentRunner$3.evaluate(ParentRunner.java:306)
	at org.junit.runners.ParentRunner.run(ParentRunner.java:413)
	at org.apache.maven.surefire.junit4.JUnit4Provider.execute(JUnit4Provider.java:365)
	at org.apache.maven.surefire.junit4.JUnit4Provider.executeWithRerun(JUnit4Provider.java:272)
	at org.apache.maven.surefire.junit4.JUnit4Provider.executeTestSet(JUnit4Provider.java:236)
	at org.apache.maven.surefire.junit4.JUnit4Provider.invoke(JUnit4Provider.java:159)
	at org.apache.maven.surefire.booter.ForkedBooter.invokeProviderInSameClassLoader(ForkedBooter.java:386)
	at org.apache.maven.surefire.booter.ForkedBooter.runSuitesInProcess(ForkedBooter.java:323)
	at org.apache.maven.surefire.booter.ForkedBooter.main(ForkedBooter.java:143)
Caused by: java.io.IOException: Error while instrumenting javax/script/SimpleBindings with JaCoCo 0.8.8.202204050719/5dcf34a.
	at org.jacoco.agent.rt.internal_b6258fc.core.instr.Instrumenter.instrumentError(Instrumenter.java:161)
	at org.jacoco.agent.rt.internal_b6258fc.core.instr.Instrumenter.instrument(Instrumenter.java:111)
	at org.jacoco.agent.rt.internal_b6258fc.CoverageTransformer.transform(CoverageTransformer.java:92)
	... 52 more
Caused by: java.lang.IllegalArgumentException: Unsupported class file major version 65
	at org.jacoco.agent.rt.internal_b6258fc.asm.ClassReader.<init>(ClassReader.java:199)
	at org.jacoco.agent.rt.internal_b6258fc.asm.ClassReader.<init>(ClassReader.java:180)
	at org.jacoco.agent.rt.internal_b6258fc.asm.ClassReader.<init>(ClassReader.java:166)
	at org.jacoco.agent.rt.internal_b6258fc.core.internal.instr.InstrSupport.classReaderFor(InstrSupport.java:280)
	at org.jacoco.agent.rt.internal_b6258fc.core.instr.Instrumenter.instrument(Instrumenter.java:77)
	at org.jacoco.agent.rt.internal_b6258fc.core.instr.Instrumenter.instrument(Instrumenter.java:109)
	... 53 more
java.lang.instrument.IllegalClassFormatException: Error while instrumenting javax/script/ScriptEngine with JaCoCo 0.8.8.202204050719/5dcf34a.
	at org.jacoco.agent.rt.internal_b6258fc.CoverageTransformer.transform(CoverageTransformer.java:94)
	at java.instrument/java.lang.instrument.ClassFileTransformer.transform(ClassFileTransformer.java:244)
	at java.instrument/sun.instrument.TransformerManager.transform(TransformerManager.java:188)
	at java.instrument/sun.instrument.InstrumentationImpl.transform(InstrumentationImpl.java:610)
	at java.base/java.lang.ClassLoader.defineClass2(Native Method)
	at java.base/java.lang.ClassLoader.defineClass(ClassLoader.java:1118)
	at java.base/java.security.SecureClassLoader.defineClass(SecureClassLoader.java:182)
	at java.base/jdk.internal.loader.BuiltinClassLoader.defineClass(BuiltinClassLoader.java:821)
	at java.base/jdk.internal.loader.BuiltinClassLoader.findClassInModuleOrNull(BuiltinClassLoader.java:741)
	at java.base/jdk.internal.loader.BuiltinClassLoader.loadClassOrNull(BuiltinClassLoader.java:665)
	at java.base/jdk.internal.loader.BuiltinClassLoader.loadClassOrNull(BuiltinClassLoader.java:700)
	at java.base/jdk.internal.loader.BuiltinClassLoader.loadClassOrNull(BuiltinClassLoader.java:669)
	at java.base/jdk.internal.loader.BuiltinClassLoader.loadClass(BuiltinClassLoader.java:639)
	at java.base/jdk.internal.loader.ClassLoaders$AppClassLoader.loadClass(ClassLoaders.java:188)
	at java.base/java.lang.ClassLoader.loadClass(ClassLoader.java:526)
	at java.base/java.lang.Class.getDeclaredConstructors0(Native Method)
	at java.base/java.lang.Class.privateGetDeclaredConstructors(Class.java:3551)
	at java.base/java.lang.Class.getConstructor0(Class.java:3756)
	at java.base/java.lang.Class.getConstructor(Class.java:2444)
	at java.base/java.util.ServiceLoader$1.run(ServiceLoader.java:666)
	at java.base/java.util.ServiceLoader$1.run(ServiceLoader.java:663)
	at java.base/java.security.AccessController.doPrivileged(AccessController.java:571)
	at java.base/java.util.ServiceLoader.getConstructor(ServiceLoader.java:674)
	at java.base/java.util.ServiceLoader$LazyClassPathLookupIterator.hasNextService(ServiceLoader.java:1240)
	at java.base/java.util.ServiceLoader$LazyClassPathLookupIterator.hasNext(ServiceLoader.java:1273)
	at java.base/java.util.ServiceLoader$2.hasNext(ServiceLoader.java:1309)
	at java.base/java.util.ServiceLoader$3.hasNext(ServiceLoader.java:1393)
	at java.scripting/javax.script.ScriptEngineManager.initEngines(ScriptEngineManager.java:103)
	at java.scripting/javax.script.ScriptEngineManager.<init>(ScriptEngineManager.java:76)
	at java.scripting/javax.script.ScriptEngineManager.<init>(ScriptEngineManager.java:63)
	at org.apache.logging.log4j.core.script.ScriptManager.<init>(ScriptManager.java:70)
	at org.apache.logging.log4j.core.config.AbstractConfiguration.initialize(AbstractConfiguration.java:221)
	at org.apache.logging.log4j.core.config.AbstractConfiguration.start(AbstractConfiguration.java:289)
	at org.apache.logging.log4j.core.LoggerContext.setConfiguration(LoggerContext.java:626)
	at org.apache.logging.log4j.core.LoggerContext.reconfigure(LoggerContext.java:699)
	at org.apache.logging.log4j.core.LoggerContext.reconfigure(LoggerContext.java:716)
	at org.apache.logging.log4j.core.LoggerContext.start(LoggerContext.java:270)
	at org.apache.logging.log4j.core.impl.Log4jContextFactory.getContext(Log4jContextFactory.java:155)
	at org.apache.logging.log4j.core.impl.Log4jContextFactory.getContext(Log4jContextFactory.java:47)
	at org.apache.logging.log4j.LogManager.getContext(LogManager.java:196)
	at org.apache.logging.log4j.spi.AbstractLoggerAdapter.getContext(AbstractLoggerAdapter.java:137)
	at org.apache.logging.slf4j.Log4jLoggerFactory.getContext(Log4jLoggerFactory.java:55)
	at org.apache.logging.log4j.spi.AbstractLoggerAdapter.getLogger(AbstractLoggerAdapter.java:47)
	at org.apache.logging.slf4j.Log4jLoggerFactory.getLogger(Log4jLoggerFactory.java:33)
	at org.slf4j.LoggerFactory.getLogger(LoggerFactory.java:358)
	at org.slf4j.LoggerFactory.getLogger(LoggerFactory.java:383)
	at org.apache.hugegraph.store.core.StoreEngineTestBase.<clinit>(StoreEngineTestBase.java:45)
	at java.base/jdk.internal.misc.Unsafe.ensureClassInitialized0(Native Method)
	at java.base/jdk.internal.misc.Unsafe.ensureClassInitialized(Unsafe.java:1160)
	at java.base/jdk.internal.reflect.MethodHandleAccessorFactory.ensureClassInitialized(MethodHandleAccessorFactory.java:300)
	at java.base/jdk.internal.reflect.MethodHandleAccessorFactory.newMethodAccessor(MethodHandleAccessorFactory.java:71)
	at java.base/jdk.internal.reflect.ReflectionFactory.newMethodAccessor(ReflectionFactory.java:159)
	at java.base/java.lang.reflect.Method.acquireMethodAccessor(Method.java:726)
	at java.base/java.lang.reflect.Method.invoke(Method.java:577)
	at org.junit.runners.model.FrameworkMethod$1.runReflectiveCall(FrameworkMethod.java:59)
	at org.junit.internal.runners.model.ReflectiveCallable.run(ReflectiveCallable.java:12)
	at org.junit.runners.model.FrameworkMethod.invokeExplosively(FrameworkMethod.java:56)
	at org.junit.internal.runners.statements.RunBefores.invokeMethod(RunBefores.java:33)
	at org.junit.internal.runners.statements.RunBefores.evaluate(RunBefores.java:24)
	at org.junit.internal.runners.statements.RunAfters.evaluate(RunAfters.java:27)
	at org.junit.runners.ParentRunner$3.evaluate(ParentRunner.java:306)
	at org.junit.runners.ParentRunner.run(ParentRunner.java:413)
	at org.apache.maven.surefire.junit4.JUnit4Provider.execute(JUnit4Provider.java:365)
	at org.apache.maven.surefire.junit4.JUnit4Provider.executeWithRerun(JUnit4Provider.java:272)
	at org.apache.maven.surefire.junit4.JUnit4Provider.executeTestSet(JUnit4Provider.java:236)
	at org.apache.maven.surefire.junit4.JUnit4Provider.invoke(JUnit4Provider.java:159)
	at org.apache.maven.surefire.booter.ForkedBooter.invokeProviderInSameClassLoader(ForkedBooter.java:386)
	at org.apache.maven.surefire.booter.ForkedBooter.runSuitesInProcess(ForkedBooter.java:323)
	at org.apache.maven.surefire.booter.ForkedBooter.main(ForkedBooter.java:143)
Caused by: java.io.IOException: Error while instrumenting javax/script/ScriptEngine with JaCoCo 0.8.8.202204050719/5dcf34a.
	at org.jacoco.agent.rt.internal_b6258fc.core.instr.Instrumenter.instrumentError(Instrumenter.java:161)
	at org.jacoco.agent.rt.internal_b6258fc.core.instr.Instrumenter.instrument(Instrumenter.java:111)
	at org.jacoco.agent.rt.internal_b6258fc.CoverageTransformer.transform(CoverageTransformer.java:92)
	... 68 more
Caused by: java.lang.IllegalArgumentException: Unsupported class file major version 65
	at org.jacoco.agent.rt.internal_b6258fc.asm.ClassReader.<init>(ClassReader.java:199)
	at org.jacoco.agent.rt.internal_b6258fc.asm.ClassReader.<init>(ClassReader.java:180)
	at org.jacoco.agent.rt.internal_b6258fc.asm.ClassReader.<init>(ClassReader.java:166)
	at org.jacoco.agent.rt.internal_b6258fc.core.internal.instr.InstrSupport.classReaderFor(InstrSupport.java:280)
	at org.jacoco.agent.rt.internal_b6258fc.core.instr.Instrumenter.instrument(Instrumenter.java:77)
	at org.jacoco.agent.rt.internal_b6258fc.core.instr.Instrumenter.instrument(Instrumenter.java:109)
	... 69 more
2026-09-13 18:04:25 [main] [INFO] o.a.h.s.o.RaftRocksdbOptions - RocksdbConfig -1
2026-09-13 18:04:25 [main] [WARN] o.a.h.c.OptionSpace - Already registered option holder: rocksdb (class org.apache.hugegraph.rocksdb.access.RocksDBOptions)
2026-09-13 18:04:25 [main] [WARN] o.a.h.c.HugeConfig - The config option 'rocksdb.write_cache' is redundant, please ensure it has been registered
2026-09-13 18:04:25 [main] [WARN] o.a.h.c.HugeConfig - The config option 'rocksdb.write_buffer_manager' is redundant, please ensure it has been registered
2026-09-13 18:04:25 [main] [WARN] o.a.h.c.HugeConfig - The config option 'rocksdb.env' is redundant, please ensure it has been registered
2026-09-13 18:04:25 [main] [WARN] o.a.h.c.HugeConfig - The config option 'rocksdb.block_table_config' is redundant, please ensure it has been registered
2026-09-13 18:04:25 [main] [WARN] o.a.h.c.HugeConfig - The config option 'rocksdb.block_cache' is redundant, please ensure it has been registered
2026-09-13 18:04:25 [main] [INFO] o.a.h.r.a.RocksDBFactory - create rocksdb for hgstore-metadata
2026-09-13 18:04:25 [main] [INFO] o.a.h.r.a.RocksDBSession - hgstore-metadata latest db path /tmp/junit/hgstore-metadata
2026-09-13 18:04:25 [main] [INFO] o.a.h.r.a.RocksDBSession - rocksdb use global WriteBufferManager
2026-09-13 18:04:25 [main] [INFO] c.a.s.j.u.JRaftServiceLoader - SPI service [com.alipay.sofa.jraft.util.timer.RaftTimerFactory - com.alipay.sofa.jraft.util.timer.DefaultRaftTimerFactory] loading.
2026-09-13 18:04:25 [main] [INFO] c.a.s.j.u.JRaftServiceLoader - SPI service [com.alipay.sofa.jraft.rpc.RaftRpcFactory - com.alipay.sofa.jraft.rpc.impl.BoltRaftRpcFactory] loading.
Sofa-Middleware-Log SLF4J : Actual binding is of type [ com.alipay.remoting Log4j2 ]
2026-09-13 18:04:25 [main] [INFO] c.a.s.c.log - Sofa-Middleware-Log SLF4J : Actual binding is of type [ com.alipay.remoting Log4j2 ]
2026-09-13 18:04:26 [hg-heartbeat] [INFO] o.a.h.s.p.FakePdServiceProvider - registerStore storeId:0, storeAddress:127.0.0.1:6511
2026-09-13 18:04:26 [main] [INFO] o.a.h.s.m.StoreMetadata - allocate db path using partition count: db count stats: {/tmp/junit=0}
2026-09-13 18:04:26 [main] [INFO] o.a.h.r.a.RocksDBFactory - create rocksdb for 00000
2026-09-13 18:04:26 [main] [INFO] o.a.h.r.a.RocksDBSession - 00000 latest db path /tmp/junit/db/00000
2026-09-13 18:04:26 [main] [INFO] o.a.h.r.a.RocksDBSession - rocksdb use global WriteBufferManager
2026-09-13 18:04:26 [hg-heartbeat] [INFO] o.a.h.s.HeartbeatService - Register Store id= -35791620 successfully. store = Store(version=1.7.0, id=-35791620, storeAddress=127.0.0.1:6511, pdAddress=null, raftAddress=127.0.0.1:6510, deployPath=/home/zy/code/hugegraph/hugegraph-store/hg-store-test/target/classes/, dataPath=/tmp/junit, dataVersion=1, partitionCount=0, startTime=0, usedSize=0, pdHeartbeatInterval=0, state=Unknown, labels=null, cores=16), clusterStats 
2026-09-13 18:04:26 [JRaft-Closure-Executor-0] [INFO] o.a.h.s.HgStoreEngine - stateChanged, oldState Unknown, newState Up
2026-09-13 18:04:26 [JRaft-Closure-Executor-0] [ERROR] o.a.h.s.m.PartitionManager - partition 0 Directory not exists,options /tmp/junit
2026-09-13 18:04:26 [main] [INFO] o.a.h.s.HgStoreEngine - createPartitionEngine 0, with shards: { id:-35791620,role:Leader }
2026-09-13 18:04:26 [main] [INFO] o.a.h.s.m.StoreMetadata - allocate db path using partition count: db count stats: {/tmp/junit=0}
2026-09-13 18:04:26 [main] [INFO] o.a.h.s.PartitionEngine - PartitionEngine starting: PartitionEngine{groupId =0, isLeader=false, options=PartitionEngineOptions(taskScheduleTime=60, splitPartitionTimeout=1800000, raftOptions=HgStoreEngineOptions.RaftOptions(rpcConnectTimeoutMs=1000, electionTimeoutMs=3000, rpcInstallSnapshotTimeout=3600000, waitLeaderTimeout=30, maxEntriesSize=256, maxBodySize=524288, overloadRateLimit=100, keepInMemorySegmentCount=2, preAllocateSegmentCount=1, splitPartitionLogIndexMargin=10, rpcDefaultTimeout=5000, snapshotIntervalSecs=3600, snapshotDownloadingThreads=4, snapshotLogIndexMargin=1024, metrics=true, disruptorBufferSize=4096, maxReplicatorInflightMsgs=256, maxLogSize=104857600, aveLogEntrySizeRatio=0.95, useRocksDBSegmentLogStorage=true, maxSegmentFileSize=67108864), raftDataPath=/tmp/junit/raft/00000, raftSnapShotPath=/tmp/junit/raft/00000, groupId=0, raftAddress=127.0.0.1:6510, peerList=[127.0.0.1:6510::100], conf=null, taskHandler=null)}
2026-09-13 18:04:26 [main] [INFO] c.a.s.j.u.JRaftServiceLoader - SPI service [com.alipay.sofa.jraft.JRaftServiceFactory - com.alipay.sofa.jraft.core.DefaultJRaftServiceFactory] loading.
2026-09-13 18:04:26 [main] [INFO] c.a.s.j.u.JRaftServiceLoader - SPI service [com.alipay.sofa.jraft.util.JRaftSignalHandler - com.alipay.sofa.jraft.NodeDescribeSignalHandler] loading.
2026-09-13 18:04:26 [main] [INFO] c.a.s.j.u.JRaftServiceLoader - SPI service [com.alipay.sofa.jraft.util.JRaftSignalHandler - com.alipay.sofa.jraft.NodeMetricsSignalHandler] loading.
2026-09-13 18:04:26 [main] [INFO] c.a.s.j.u.JRaftServiceLoader - SPI service [com.alipay.sofa.jraft.util.JRaftSignalHandler - com.alipay.sofa.jraft.ThreadPoolMetricsSignalHandler] loading.
2026-09-13 18:04:26 [main] [INFO] c.a.s.j.c.NodeImpl - The number of active nodes increment to 1.
2026-09-13 18:04:26 [main] [INFO] c.a.s.j.s.l.RocksDBSegmentLogStorage - RocksDBSegmentLogStorage Loaded 0 segment files and  0 blank segment files from path /tmp/junit/raft/00000/log/segments.
2026-09-13 18:04:26 [main] [INFO] c.a.s.j.s.l.RocksDBSegmentLogStorage - RocksDBSegmentLogStorage segments: 
[
]
2026-09-13 18:04:26 [main] [INFO] c.a.s.j.s.l.RocksDBSegmentLogStorage - RocksDBSegmentLogStorage started checkpoint task.
2026-09-13 18:04:26 [main] [INFO] c.a.s.j.s.l.SegmentFile - Created a new segment file /tmp/junit/raft/00000/log/segments/0000000000000000000.s cost 6 ms, wrotePosition=18, bufferPosition=18, mappedSize=1073741824.
2026-09-13 18:04:26 [main] [INFO] c.a.s.j.s.l.RocksDBSegmentLogStorage - Create a new segment file /tmp/junit/raft/00000/log/segments/0000000000000000000.s.
2026-09-13 18:04:26 [main] [INFO] c.a.s.j.s.l.RocksDBSegmentLogStorage - RocksDBSegmentLogStorage init and load cost 15 ms.
2026-09-13 18:04:26 [SegmentAllocator] [INFO] c.a.s.j.s.l.RocksDBSegmentLogStorage - SegmentAllocator is started.
2026-09-13 18:04:26 [SegmentAllocator] [INFO] c.a.s.j.s.l.SegmentFile - Created a new segment file /tmp/junit/raft/00000/log/segments/0000000000000000001.s cost 5 ms, wrotePosition=18, bufferPosition=18, mappedSize=1073741824.
2026-09-13 18:04:26 [SegmentAllocator] [INFO] c.a.s.j.s.l.RocksDBSegmentLogStorage - Create a new segment file /tmp/junit/raft/00000/log/segments/0000000000000000001.s.
2026-09-13 18:04:26 [main] [INFO] c.a.s.j.c.FSMCallerImpl - Starts FSMCaller successfully.
2026-09-13 18:04:26 [main] [WARN] c.a.s.j.s.s.l.LocalSnapshotStorage - No data for snapshot reader /tmp/junit/raft/00000/snapshot.
2026-09-13 18:04:26 [main] [INFO] c.a.s.j.c.NodeImpl - Node <hg_0/127.0.0.1:6510> init, term=0, lastLogId=LogId [index=0, term=0], conf=127.0.0.1:6510::100, oldConf=.
2026-09-13 18:04:26 [main] [INFO] c.a.s.j.c.NodeImpl - Node <hg_0/127.0.0.1:6510> start vote and grant vote self, term=0.
2026-09-13 18:04:26 [main] [INFO] c.a.s.j.s.i.LocalRaftMetaStorage - Save raft meta, path=/tmp/junit/raft/00000/meta, term=1, votedFor=127.0.0.1:6510, cost time=14 ms
2026-09-13 18:04:26 [main] [INFO] c.a.s.j.c.NodeImpl - Node <hg_0/127.0.0.1:6510> become leader of group, term=1, conf=127.0.0.1:6510::100, oldConf=.
2026-09-13 18:04:26 [main] [INFO] c.a.s.j.u.Recyclers - -Djraft.recyclers.maxCapacityPerThread: 4096.
2026-09-13 18:04:26 [main] [WARN] c.a.s.j.RaftGroupService - RPC server is not started in RaftGroupService.
2026-09-13 18:04:26 [main] [INFO] c.a.s.j.RaftGroupService - Start the RaftGroupService successfully.
2026-09-13 18:04:26 [main] [INFO] o.a.h.s.PartitionEngine - PartitionEngine start successfully: id = 0, peers list = [127.0.0.1:6510::100]
2026-09-13 18:04:26 [JRaft-FSMCaller-Disruptor-0] [INFO] c.a.s.j.c.StateMachineAdapter - onLeaderStart: term=1.
2026-09-13 18:04:26 [JRaft-FSMCaller-Disruptor-0] [INFO] o.a.h.s.r.PartitionStateMachine - Raft 0 becomes leader 
2026-09-13 18:04:26 [JRaft-Closure-Executor-3] [INFO] o.a.h.s.PartitionEngine - Raft 0 onLeaderStart newTerm is 1
2026-09-13 18:04:26 [JRaft-Closure-Executor-3] [INFO] o.a.h.s.PartitionEngine - Raft 0 onConfigurationCommitted, conf is 127.0.0.1:6510::100
2026-09-13 18:04:26 [JRaft-Closure-Executor-3] [INFO] o.a.h.s.PartitionEngine - Raft 0 onConfigurationCommitted, shardGroup [store_id: 18446744073673759996
role: Leader
]
2026-09-13 18:04:26 [main] [INFO] o.a.h.s.m.GraphIdManager - partition: 0, Graph ID 0 is allocated for graph LoadSnapshot-graph1, stack: [java.base/java.lang.Thread.getStackTrace(Thread.java:2451), org.apache.hugegraph.store.meta.GraphIdManager.getGraphIdOrCreate(GraphIdManager.java:98), org.apache.hugegraph.store.business.InnerKeyCreator.getGraphIdOrCreate(InnerKeyCreator.java:64), org.apache.hugegraph.store.business.InnerKeyCreator.getKeyOrCreate(InnerKeyCreator.java:90), org.apache.hugegraph.store.business.BusinessHandlerImpl.doPut(BusinessHandlerImpl.java:281), org.apache.hugegraph.store.core.HgBusinessImplTest.testLoadSnapshot(HgBusinessImplTest.java:113), java.base/jdk.internal.reflect.DirectMethodHandleAccessor.invoke(DirectMethodHandleAccessor.java:103), java.base/java.lang.reflect.Method.invoke(Method.java:580), org.junit.runners.model.FrameworkMethod$1.runReflectiveCall(FrameworkMethod.java:59), org.junit.internal.runners.model.ReflectiveCallable.run(ReflectiveCallable.java:12), org.junit.runners.model.FrameworkMethod.invokeExplosively(FrameworkMethod.java:56), org.junit.internal.runners.statements.InvokeMethod.evaluate(InvokeMethod.java:17), org.junit.runners.ParentRunner$3.evaluate(ParentRunner.java:306), org.junit.runners.BlockJUnit4ClassRunner$1.evaluate(BlockJUnit4ClassRunner.java:100), org.junit.runners.ParentRunner.runLeaf(ParentRunner.java:366), org.junit.runners.BlockJUnit4ClassRunner.runChild(BlockJUnit4ClassRunner.java:103), org.junit.runners.BlockJUnit4ClassRunner.runChild(BlockJUnit4ClassRunner.java:63), org.junit.runners.ParentRunner$4.run(ParentRunner.java:331), org.junit.runners.ParentRunner$1.schedule(ParentRunner.java:79), org.junit.runners.ParentRunner.runChildren(ParentRunner.java:329), org.junit.runners.ParentRunner.access$100(ParentRunner.java:66), org.junit.runners.ParentRunner$2.evaluate(ParentRunner.java:293), org.junit.internal.runners.statements.RunBefores.evaluate(RunBefores.java:26), org.junit.internal.runners.statements.RunAfters.evaluate(RunAfters.java:27), org.junit.runners.ParentRunner$3.evaluate(ParentRunner.java:306), org.junit.runners.ParentRunner.run(ParentRunner.java:413), org.apache.maven.surefire.junit4.JUnit4Provider.execute(JUnit4Provider.java:365), org.apache.maven.surefire.junit4.JUnit4Provider.executeWithRerun(JUnit4Provider.java:272), org.apache.maven.surefire.junit4.JUnit4Provider.executeTestSet(JUnit4Provider.java:236), org.apache.maven.surefire.junit4.JUnit4Provider.invoke(JUnit4Provider.java:159), org.apache.maven.surefire.booter.ForkedBooter.invokeProviderInSameClassLoader(ForkedBooter.java:386), org.apache.maven.surefire.booter.ForkedBooter.runSuitesInProcess(ForkedBooter.java:323), org.apache.maven.surefire.booter.ForkedBooter.main(ForkedBooter.java:143)]
255
2026-09-13 18:04:26 [main] [WARN] o.a.h.s.b.BusinessHandlerImpl - close all db!!! 
2026-09-13 18:04:26 [main] [INFO] o.a.h.r.a.RocksDBFactory - close 00000 's  rocksdb.
2026-09-13 18:04:26 [main] [INFO] o.a.h.r.a.RocksDBSession - shutdown db 00000, path is /tmp/junit/db/00000 
2026-09-13 18:04:26 [main] [INFO] o.a.h.r.a.RocksDBFactory - close hgstore-metadata 's  rocksdb.
2026-09-13 18:04:26 [main] [INFO] o.a.h.r.a.RocksDBSession - shutdown db hgstore-metadata, path is /tmp/junit/hgstore-metadata 
start loadSnapshot
2026-09-13 18:04:26 [main] [INFO] o.a.h.r.a.RocksDBFactory - create rocksdb for hgstore-metadata
2026-09-13 18:04:26 [main] [INFO] o.a.h.r.a.RocksDBSession - hgstore-metadata latest db path /tmp/junit/hgstore-metadata
2026-09-13 18:04:26 [main] [INFO] o.a.h.r.a.RocksDBSession - rocksdb use global WriteBufferManager
2026-09-13 18:04:26 [main] [INFO] o.a.h.r.a.RocksDBFactory - create rocksdb for 00000
2026-09-13 18:04:26 [main] [INFO] o.a.h.r.a.RocksDBSession - 00000 latest db path /tmp/junit/db/00000
2026-09-13 18:04:26 [main] [INFO] o.a.h.r.a.RocksDBSession - rocksdb use global WriteBufferManager
2026-09-13 18:04:26 [main] [INFO] o.a.h.r.a.RocksDBSession - begin load snapshot from /tmp/junit/db/00000
2026-09-13 18:04:26 [main] [INFO] o.a.h.r.a.RocksDBSession - verifySnapshot /tmp/junit/db/00000_10_temp_ Ok
2026-09-13 18:04:26 [main] [INFO] o.a.h.r.a.RocksDBSession - loaded snapshot from /tmp/junit/db/00000, time cost 3 ms
2026-09-13 18:04:26 [main] [INFO] o.a.h.r.a.RocksDBFactory - destroy 00000 's  rocksdb.
2026-09-13 18:04:26 [main] [INFO] o.a.h.r.a.RocksDBFactory - close 00000 's  rocksdb.
2026-09-13 18:04:26 [main] [INFO] o.a.h.r.a.RocksDBSession - shutdown db 00000, path is /tmp/junit/db/00000 
2026-09-13 18:04:26 [main] [INFO] o.a.h.r.a.RocksDBFactory - create rocksdb for 00000
2026-09-13 18:04:26 [main] [INFO] o.a.h.r.a.RocksDBSession - 00000 latest db path /tmp/junit/db/00000_10
2026-09-13 18:04:26 [main] [INFO] o.a.h.r.a.RocksDBSession - rocksdb use global WriteBufferManager
/tmp/junit/db/00000_10
2026-09-13 18:04:27 [main] [INFO] o.a.h.s.m.GraphIdManager - partition: 0, Graph ID 1 is allocated for graph testPut-graph1, stack: [java.base/java.lang.Thread.getStackTrace(Thread.java:2451), org.apache.hugegraph.store.meta.GraphIdManager.getGraphIdOrCreate(GraphIdManager.java:98), org.apache.hugegraph.store.business.InnerKeyCreator.getGraphIdOrCreate(InnerKeyCreator.java:64), org.apache.hugegraph.store.business.InnerKeyCreator.getKeyOrCreate(InnerKeyCreator.java:90), org.apache.hugegraph.store.business.BusinessHandlerImpl.doPut(BusinessHandlerImpl.java:281), org.apache.hugegraph.store.core.HgBusinessImplTest.testPut(HgBusinessImplTest.java:53), java.base/jdk.internal.reflect.DirectMethodHandleAccessor.invoke(DirectMethodHandleAccessor.java:103), java.base/java.lang.reflect.Method.invoke(Method.java:580), org.junit.runners.model.FrameworkMethod$1.runReflectiveCall(FrameworkMethod.java:59), org.junit.internal.runners.model.ReflectiveCallable.run(ReflectiveCallable.java:12), org.junit.runners.model.FrameworkMethod.invokeExplosively(FrameworkMethod.java:56), org.junit.internal.runners.statements.InvokeMethod.evaluate(InvokeMethod.java:17), org.junit.runners.ParentRunner$3.evaluate(ParentRunner.java:306), org.junit.runners.BlockJUnit4ClassRunner$1.evaluate(BlockJUnit4ClassRunner.java:100), org.junit.runners.ParentRunner.runLeaf(ParentRunner.java:366), org.junit.runners.BlockJUnit4ClassRunner.runChild(BlockJUnit4ClassRunner.java:103), org.junit.runners.BlockJUnit4ClassRunner.runChild(BlockJUnit4ClassRunner.java:63), org.junit.runners.ParentRunner$4.run(ParentRunner.java:331), org.junit.runners.ParentRunner$1.schedule(ParentRunner.java:79), org.junit.runners.ParentRunner.runChildren(ParentRunner.java:329), org.junit.runners.ParentRunner.access$100(ParentRunner.java:66), org.junit.runners.ParentRunner$2.evaluate(ParentRunner.java:293), org.junit.internal.runners.statements.RunBefores.evaluate(RunBefores.java:26), org.junit.internal.runners.statements.RunAfters.evaluate(RunAfters.java:27), org.junit.runners.ParentRunner$3.evaluate(ParentRunner.java:306), org.junit.runners.ParentRunner.run(ParentRunner.java:413), org.apache.maven.surefire.junit4.JUnit4Provider.execute(JUnit4Provider.java:365), org.apache.maven.surefire.junit4.JUnit4Provider.executeWithRerun(JUnit4Provider.java:272), org.apache.maven.surefire.junit4.JUnit4Provider.executeTestSet(JUnit4Provider.java:236), org.apache.maven.surefire.junit4.JUnit4Provider.invoke(JUnit4Provider.java:159), org.apache.maven.surefire.booter.ForkedBooter.invokeProviderInSameClassLoader(ForkedBooter.java:386), org.apache.maven.surefire.booter.ForkedBooter.runSuitesInProcess(ForkedBooter.java:323), org.apache.maven.surefire.booter.ForkedBooter.main(ForkedBooter.java:143)]
2026-09-13 18:04:27 [JRaft-FSMCaller-Disruptor-0] [INFO] o.a.h.s.PartitionEngine - receive sync partition graph_name: "testPut-graph1"
end_key: 65535
version: 1
state: PState_Normal

2026-09-13 18:04:27 [JRaft-FSMCaller-Disruptor-0] [INFO] o.a.h.s.HgStoreEngine - Partition testPut-graph1-0-PState_Normal sync partition status is Status[OK]
2026-09-13 18:04:27 [SegmentAllocator] [INFO] c.a.s.j.s.l.SegmentFile - Created a new segment file /tmp/junit/raft/00000/log/segments/0000000000000000002.s cost 12 ms, wrotePosition=18, bufferPosition=18, mappedSize=1073741824.
2026-09-13 18:04:27 [SegmentAllocator] [INFO] c.a.s.j.s.l.RocksDBSegmentLogStorage - Create a new segment file /tmp/junit/raft/00000/log/segments/0000000000000000002.s.
2026-09-13 18:04:27 [JRaft-FSMCaller-Disruptor-0] [INFO] o.a.h.s.PartitionEngine - receive sync partition graph_name: "testPut-graph2"
end_key: 65535
version: 1
state: PState_Normal

2026-09-13 18:04:27 [JRaft-FSMCaller-Disruptor-0] [INFO] o.a.h.s.HgStoreEngine - Partition testPut-graph2-0-PState_Normal sync partition status is Status[OK]
2026-09-13 18:04:27 [main] [INFO] o.a.h.s.m.GraphIdManager - partition: 0, Graph ID 2 is allocated for graph testPut-graph2, stack: [java.base/java.lang.Thread.getStackTrace(Thread.java:2451), org.apache.hugegraph.store.meta.GraphIdManager.getGraphIdOrCreate(GraphIdManager.java:98), org.apache.hugegraph.store.business.InnerKeyCreator.getGraphIdOrCreate(InnerKeyCreator.java:64), org.apache.hugegraph.store.business.InnerKeyCreator.getKeyOrCreate(InnerKeyCreator.java:90), org.apache.hugegraph.store.business.BusinessHandlerImpl.doPut(BusinessHandlerImpl.java:281), org.apache.hugegraph.store.core.HgBusinessImplTest.testPut(HgBusinessImplTest.java:58), java.base/jdk.internal.reflect.DirectMethodHandleAccessor.invoke(DirectMethodHandleAccessor.java:103), java.base/java.lang.reflect.Method.invoke(Method.java:580), org.junit.runners.model.FrameworkMethod$1.runReflectiveCall(FrameworkMethod.java:59), org.junit.internal.runners.model.ReflectiveCallable.run(ReflectiveCallable.java:12), org.junit.runners.model.FrameworkMethod.invokeExplosively(FrameworkMethod.java:56), org.junit.internal.runners.statements.InvokeMethod.evaluate(InvokeMethod.java:17), org.junit.runners.ParentRunner$3.evaluate(ParentRunner.java:306), org.junit.runners.BlockJUnit4ClassRunner$1.evaluate(BlockJUnit4ClassRunner.java:100), org.junit.runners.ParentRunner.runLeaf(ParentRunner.java:366), org.junit.runners.BlockJUnit4ClassRunner.runChild(BlockJUnit4ClassRunner.java:103), org.junit.runners.BlockJUnit4ClassRunner.runChild(BlockJUnit4ClassRunner.java:63), org.junit.runners.ParentRunner$4.run(ParentRunner.java:331), org.junit.runners.ParentRunner$1.schedule(ParentRunner.java:79), org.junit.runners.ParentRunner.runChildren(ParentRunner.java:329), org.junit.runners.ParentRunner.access$100(ParentRunner.java:66), org.junit.runners.ParentRunner$2.evaluate(ParentRunner.java:293), org.junit.internal.runners.statements.RunBefores.evaluate(RunBefores.java:26), org.junit.internal.runners.statements.RunAfters.evaluate(RunAfters.java:27), org.junit.runners.ParentRunner$3.evaluate(ParentRunner.java:306), org.junit.runners.ParentRunner.run(ParentRunner.java:413), org.apache.maven.surefire.junit4.JUnit4Provider.execute(JUnit4Provider.java:365), org.apache.maven.surefire.junit4.JUnit4Provider.executeWithRerun(JUnit4Provider.java:272), org.apache.maven.surefire.junit4.JUnit4Provider.executeTestSet(JUnit4Provider.java:236), org.apache.maven.surefire.junit4.JUnit4Provider.invoke(JUnit4Provider.java:159), org.apache.maven.surefire.booter.ForkedBooter.invokeProviderInSameClassLoader(ForkedBooter.java:386), org.apache.maven.surefire.booter.ForkedBooter.runSuitesInProcess(ForkedBooter.java:323), org.apache.maven.surefire.booter.ForkedBooter.main(ForkedBooter.java:143)]
--------------------dump all -------
testPut-graph1-0-default--------
HUGEGRAPH/CID/@GRAPH_ID@ -- 4855474547524150482f4349442f4047524150485f494440
HUGEGRAPH/CID_SLOT/@GRAPH_ID@/                                                                 -- 4855474547524150482f4349445f534c4f542f4047524150485f4944402f00000000000000000000000000000000000000000000000000000000000000000000000000000000000000000000000000000000000000000000000000000000
HUGEGRAPH/CID_SLOT/@GRAPH_ID@/                                                                -- 4855474547524150482f4349445f534c4f542f4047524150485f4944402f00000000000000010000000000000000000000000000000000000000000000000000000000000000000000000000000000000000000000000000000000000000
HUGEGRAPH/CID_SLOT/@GRAPH_ID@/                                                                -- 4855474547524150482f4349445f534c4f542f4047524150485f4944402f00000000000000020000000000000000000000000000000000000000000000000000000000000000000000000000000000000000000000000000000000000000
HUGEGRAPH/GRAPH_ID/LoadSnapshot-graph1 -- 4855474547524150482f47524150485f49442f4c6f6164536e617073686f742d677261706831
HUGEGRAPH/GRAPH_ID/testPut-graph1 -- 4855474547524150482f47524150485f49442f746573745075742d677261706831
HUGEGRAPH/GRAPH_ID/testPut-graph2 -- 4855474547524150482f47524150485f49442f746573745075742d677261706832
HUGEGRAPH/PARTITION/LoadSnapshot-graph1/0 -- 4855474547524150482f504152544954494f4e2f4c6f6164536e617073686f742d6772617068312f30
HUGEGRAPH/PARTITION/testPut-graph1/0 -- 4855474547524150482f504152544954494f4e2f746573745075742d6772617068312f30
HUGEGRAPH/PARTITION/testPut-graph2/0 -- 4855474547524150482f504152544954494f4e2f746573745075742d6772617068322f30
HUGEGRAPH/SHARDGROUP/0 -- 4855474547524150482f534841524447524f55502f30
testPut-graph1-0-unknown--------
  key0   -- 00006b6579300000
  key1  -- 00006b6579310001
  key10 
 -- 00006b65793130000a
  key100 d -- 00006b65793130300064
  key101 e -- 00006b65793130310065
  key102 f -- 00006b65793130320066
  key103 g -- 00006b65793130330067
  key104 h -- 00006b65793130340068
  key105 i -- 00006b65793130350069
  key106 j -- 00006b6579313036006a
  key107 k -- 00006b6579313037006b
  key108 l -- 00006b6579313038006c
  key109 m -- 00006b6579313039006d
  key11  -- 00006b65793131000b
  key110 n -- 00006b6579313130006e
  key111 o -- 00006b6579313131006f
  key112 p -- 00006b65793131320070
  key113 q -- 00006b65793131330071
  key114 r -- 00006b65793131340072
  key115 s -- 00006b65793131350073
  key116 t -- 00006b65793131360074
  key117 u -- 00006b65793131370075
  key118 v -- 00006b65793131380076
  key119 w -- 00006b65793131390077
  key12  -- 00006b65793132000c
  key120 x -- 00006b65793132300078
  key121 y -- 00006b65793132310079
  key122 z -- 00006b6579313232007a
  key123 { -- 00006b6579313233007b
  key124 | -- 00006b6579313234007c
  key125 } -- 00006b6579313235007d
  key126 ~ -- 00006b6579313236007e
  key127  -- 00006b6579313237007f
  key128 � -- 00006b65793132380080
  key129 � -- 00006b65793132390081
  key13  -- 00006b65793133000d
  key130 � -- 00006b65793133300082
  key131 � -- 00006b65793133310083
  key132 � -- 00006b65793133320084
  key133 � -- 00006b65793133330085
  key134 � -- 00006b65793133340086
  key135 � -- 00006b65793133350087
  key136 � -- 00006b65793133360088
  key137 � -- 00006b65793133370089
  key138 � -- 00006b6579313338008a
  key139 � -- 00006b6579313339008b
  key14  -- 00006b65793134000e
  key140 � -- 00006b6579313430008c
  key141 � -- 00006b6579313431008d
  key142 � -- 00006b6579313432008e
  key143 � -- 00006b6579313433008f
  key144 � -- 00006b65793134340090
  key145 � -- 00006b65793134350091
  key146 � -- 00006b65793134360092
  key147 � -- 00006b65793134370093
  key148 � -- 00006b65793134380094
  key149 � -- 00006b65793134390095
  key15  -- 00006b65793135000f
  key150 � -- 00006b65793135300096
  key151 � -- 00006b65793135310097
  key152 � -- 00006b65793135320098
  key153 � -- 00006b65793135330099
  key154 � -- 00006b6579313534009a
  key155 � -- 00006b6579313535009b
  key156 � -- 00006b6579313536009c
  key157 � -- 00006b6579313537009d
  key158 � -- 00006b6579313538009e
  key159 � -- 00006b6579313539009f
  key16  -- 00006b657931360010
  key160 � -- 00006b657931363000a0
  key161 � -- 00006b657931363100a1
  key162 � -- 00006b657931363200a2
  key163 � -- 00006b657931363300a3
  key164 � -- 00006b657931363400a4
  key165 � -- 00006b657931363500a5
  key166 � -- 00006b657931363600a6
  key167 � -- 00006b657931363700a7
  key168 � -- 00006b657931363800a8
  key169 � -- 00006b657931363900a9
  key17  -- 00006b657931370011
  key170 � -- 00006b657931373000aa
  key171 � -- 00006b657931373100ab
  key172 � -- 00006b657931373200ac
  key173 � -- 00006b657931373300ad
  key174 � -- 00006b657931373400ae
  key175 � -- 00006b657931373500af
  key176 � -- 00006b657931373600b0
  key177 � -- 00006b657931373700b1
  key178 � -- 00006b657931373800b2
  key179 � -- 00006b657931373900b3
  key18  -- 00006b657931380012
  key180 � -- 00006b657931383000b4
  key181 � -- 00006b657931383100b5
  key182 � -- 00006b657931383200b6
  key183 � -- 00006b657931383300b7
  key184 � -- 00006b657931383400b8
  key185 � -- 00006b657931383500b9
  key186 � -- 00006b657931383600ba
  key187 � -- 00006b657931383700bb
  key188 � -- 00006b657931383800bc
  key189 � -- 00006b657931383900bd
  key19  -- 00006b657931390013
  key190 � -- 00006b657931393000be
  key191 � -- 00006b657931393100bf
  key192 � -- 00006b657931393200c0
  key193 � -- 00006b657931393300c1
  key194 � -- 00006b657931393400c2
  key195 � -- 00006b657931393500c3
  key196 � -- 00006b657931393600c4
  key197 � -- 00006b657931393700c5
  key198 � -- 00006b657931393800c6
  key199 � -- 00006b657931393900c7
  key2  -- 00006b6579320002
  key20  -- 00006b657932300014
  key200 � -- 00006b657932303000c8
  key201 � -- 00006b657932303100c9
  key202 � -- 00006b657932303200ca
  key203 � -- 00006b657932303300cb
  key204 � -- 00006b657932303400cc
  key205 � -- 00006b657932303500cd
  key206 � -- 00006b657932303600ce
  key207 � -- 00006b657932303700cf
  key208 � -- 00006b657932303800d0
  key209 � -- 00006b657932303900d1
  key21  -- 00006b657932310015
  key210 � -- 00006b657932313000d2
  key211 � -- 00006b657932313100d3
  key212 � -- 00006b657932313200d4
  key213 � -- 00006b657932313300d5
  key214 � -- 00006b657932313400d6
  key215 � -- 00006b657932313500d7
  key216 � -- 00006b657932313600d8
  key217 � -- 00006b657932313700d9
  key218 � -- 00006b657932313800da
  key219 � -- 00006b657932313900db
  key22  -- 00006b657932320016
  key220 � -- 00006b657932323000dc
  key221 � -- 00006b657932323100dd
  key222 � -- 00006b657932323200de
  key223 � -- 00006b657932323300df
  key224 � -- 00006b657932323400e0
  key225 � -- 00006b657932323500e1
  key226 � -- 00006b657932323600e2
  key227 � -- 00006b657932323700e3
  key228 � -- 00006b657932323800e4
  key229 � -- 00006b657932323900e5
  key23  -- 00006b657932330017
  key230 � -- 00006b657932333000e6
  key231 � -- 00006b657932333100e7
  key232 � -- 00006b657932333200e8
  key233 � -- 00006b657932333300e9
  key234 � -- 00006b657932333400ea
  key235 � -- 00006b657932333500eb
  key236 � -- 00006b657932333600ec
  key237 � -- 00006b657932333700ed
  key238 � -- 00006b657932333800ee
  key239 � -- 00006b657932333900ef
  key24  -- 00006b657932340018
  key240 � -- 00006b657932343000f0
  key241 � -- 00006b657932343100f1
  key242 � -- 00006b657932343200f2
  key243 � -- 00006b657932343300f3
  key244 � -- 00006b657932343400f4
  key245 � -- 00006b657932343500f5
  key246 � -- 00006b657932343600f6
  key247 � -- 00006b657932343700f7
  key248 � -- 00006b657932343800f8
  key249 � -- 00006b657932343900f9
  key25  -- 00006b657932350019
  key250 � -- 00006b657932353000fa
  key251 � -- 00006b657932353100fb
  key252 � -- 00006b657932353200fc
  key253 � -- 00006b657932353300fd
  key254 � -- 00006b657932353400fe
  key255 � -- 00006b657932353500ff
  key26  -- 00006b65793236001a
  key27  -- 00006b65793237001b
  key28  -- 00006b65793238001c
  key29  -- 00006b65793239001d
  key3  -- 00006b6579330003
  key30  -- 00006b65793330001e
  key31  -- 00006b65793331001f
  key32   -- 00006b657933320020
  key33 ! -- 00006b657933330021
  key34 " -- 00006b657933340022
  key35 # -- 00006b657933350023
  key36 $ -- 00006b657933360024
  key37 % -- 00006b657933370025
  key38 & -- 00006b657933380026
  key39 ' -- 00006b657933390027
  key4  -- 00006b6579340004
  key40 ( -- 00006b657934300028
  key41 ) -- 00006b657934310029
  key42 * -- 00006b65793432002a
  key43 + -- 00006b65793433002b
  key44 , -- 00006b65793434002c
  key45 - -- 00006b65793435002d
  key46 . -- 00006b65793436002e
  key47 / -- 00006b65793437002f
  key48 0 -- 00006b657934380030
  key49 1 -- 00006b657934390031
  key5  -- 00006b6579350005
  key50 2 -- 00006b657935300032
  key51 3 -- 00006b657935310033
  key52 4 -- 00006b657935320034
  key53 5 -- 00006b657935330035
  key54 6 -- 00006b657935340036
  key55 7 -- 00006b657935350037
  key56 8 -- 00006b657935360038
  key57 9 -- 00006b657935370039
  key58 : -- 00006b65793538003a
  key59 ; -- 00006b65793539003b
  key6  -- 00006b6579360006
  key60 < -- 00006b65793630003c
  key61 = -- 00006b65793631003d
  key62 > -- 00006b65793632003e
  key63 ? -- 00006b65793633003f
  key64 @ -- 00006b657936340040
  key65 A -- 00006b657936350041
  key66 B -- 00006b657936360042
  key67 C -- 00006b657936370043
  key68 D -- 00006b657936380044
  key69 E -- 00006b657936390045
  key7  -- 00006b6579370007
  key70 F -- 00006b657937300046
  key71 G -- 00006b657937310047
  key72 H -- 00006b657937320048
  key73 I -- 00006b657937330049
  key74 J -- 00006b65793734004a
  key75 K -- 00006b65793735004b
  key76 L -- 00006b65793736004c
  key77 M -- 00006b65793737004d
  key78 N -- 00006b65793738004e
  key79 O -- 00006b65793739004f
  key8  -- 00006b6579380008
  key80 P -- 00006b657938300050
  key81 Q -- 00006b657938310051
  key82 R -- 00006b657938320052
  key83 S -- 00006b657938330053
  key84 T -- 00006b657938340054
  key85 U -- 00006b657938350055
  key86 V -- 00006b657938360056
  key87 W -- 00006b657938370057
  key88 X -- 00006b657938380058
  key89 Y -- 00006b657938390059
  key9 	 -- 00006b6579390009
  key90 Z -- 00006b65793930005a
  key91 [ -- 00006b65793931005b
  key92 \ -- 00006b65793932005c
  key93 ] -- 00006b65793933005d
  key94 ^ -- 00006b65793934005e
  key95 _ -- 00006b65793935005f
  key96 ` -- 00006b657939360060
  key97 a -- 00006b657939370061
  key98 b -- 00006b657939380062
  key99 c -- 00006b657939390063
 key1   -- 00016b6579310000
 key2  -- 00016b657932000f
 key3 � -- 00016b65793300ff
 key4� -- 00016b6579340fff
 key21   -- 00026b657932310000
 key22  -- 00026b65793232000f
 key23 � -- 00026b6579323300ff
 key24� -- 00026b657932340fff
--------------------dump scan 0 0xff -------
key1   -- 6b6579310000
key2  -- 6b657932000f
--------------------dump scan prefix -------
key1 -- 6b657931
key2 -- 6b657932
key3 -- 6b657933
key4 -- 6b657934
--------------------dump scan range key1 key4 -------
key1 -- 6b657931
key2 -- 6b657932
key3 -- 6b657933
2026-09-13 18:04:27 [main] [INFO] o.a.h.s.b.BusinessHandlerImpl - cleanPartition: graph testPut-graph1, part id: 0, 0 -> 65536, cleanType:CLEAN_TYPE_KEEP_RANGE
2026-09-13 18:04:27 [JRaft-Closure-Executor-6] [INFO] o.a.h.s.b.BusinessHandlerImpl - Partition testPut-graph1-0 cleanPartition begin... graph_name: "testPut-graph1"
end_key: 65536
version: 1
state: PState_Normal

2026-09-13 18:04:27 [JRaft-Closure-Executor-6] [INFO] o.a.h.s.b.BusinessHandlerImpl - partition testPut-graph1-0, table:default, delete keys 0, total:0
2026-09-13 18:04:27 [JRaft-Closure-Executor-6] [INFO] o.a.h.s.b.BusinessHandlerImpl - partition testPut-graph1-0, table:unknown, delete keys 0, total:4
2026-09-13 18:04:27 [JRaft-FSMCaller-Disruptor-0] [INFO] o.a.h.s.PartitionEngine - receive sync partition graph_name: "testPut-graph1"
end_key: 65536
version: 1
state: PState_Normal

2026-09-13 18:04:27 [JRaft-FSMCaller-Disruptor-0] [INFO] o.a.h.s.HgStoreEngine - Partition testPut-graph1-0-PState_Normal sync partition status is Status[OK]
2026-09-13 18:04:27 [JRaft-Closure-Executor-6] [INFO] o.a.h.s.b.BusinessHandlerImpl - Partition testPut-graph1-0 cleanPartition end
2026-09-13 18:04:29 [main] [WARN] o.a.h.s.b.BusinessHandlerImpl - close all db!!! 
2026-09-13 18:04:29 [main] [INFO] o.a.h.r.a.RocksDBFactory - close 00000 's  rocksdb.
2026-09-13 18:04:29 [main] [INFO] o.a.h.r.a.RocksDBSession - shutdown db 00000, path is /tmp/junit/db/00000_10 
2026-09-13 18:04:29 [main] [INFO] o.a.h.r.a.RocksDBFactory - close hgstore-metadata 's  rocksdb.
2026-09-13 18:04:29 [main] [INFO] o.a.h.r.a.RocksDBSession - shutdown db hgstore-metadata, path is /tmp/junit/hgstore-metadata 
2026-09-13 18:04:29 [main] [INFO] o.a.h.s.HeartbeatService - HeartbeatService shutdown
2026-09-13 18:04:29 [main] [INFO] c.a.s.j.c.NodeImpl - Node <hg_0/127.0.0.1:6510> starts to transfer leadership to any peer.
2026-09-13 18:04:29 [main] [WARN] o.a.h.s.HgStoreEngine - transfer leader error: Status[UNKNOWN<-1>: Candidate not found for any peer]
2026-09-13 18:04:29 [main] [INFO] c.a.s.j.c.NodeImpl - Node <hg_0/127.0.0.1:6510> shutdown, currTerm=1 state=STATE_LEADER.
2026-09-13 18:04:29 [main] [INFO] c.a.s.j.c.ReplicatorGroupImpl - Fail to find the next candidate.
2026-09-13 18:04:29 [JRaft-FSMCaller-Disruptor-0] [INFO] c.a.s.j.c.StateMachineAdapter - onLeaderStop: status=Status[ESHUTDOWN<1007>: Raft node is going to quit.].
2026-09-13 18:04:29 [JRaft-FSMCaller-Disruptor-0] [INFO] o.a.h.s.r.PartitionStateMachine - Raft 0 lost leader 
2026-09-13 18:04:29 [main] [INFO] c.a.s.j.s.i.LocalRaftMetaStorage - Save raft meta, path=/tmp/junit/raft/00000/meta, term=1, votedFor=127.0.0.1:6510, cost time=10 ms
2026-09-13 18:04:29 [main] [INFO] c.a.s.j.c.FSMCallerImpl - Shutting down FSMCaller...
2026-09-13 18:04:29 [main] [INFO] c.a.s.j.c.StateMachineAdapter - onShutdown.
2026-09-13 18:04:29 [main] [INFO] c.a.s.j.u.LogThreadPoolExecutor - ThreadPool is terminated: JRaft-RPC-Processor, com.alipay.sofa.jraft.util.MetricThreadPoolExecutor@27e656e6[Shutting down, pool size = 0, active threads = 0, queued tasks = 0, completed tasks = 0].
2026-09-13 18:04:29 [main] [INFO] c.a.s.j.u.LogScheduledThreadPoolExecutor - ThreadPool is terminated: JRaft-Node-ScheduleThreadPool, com.alipay.sofa.jraft.util.MetricScheduledThreadPoolExecutor@35198da3[Shutting down, pool size = 0, active threads = 0, queued tasks = 0, completed tasks = 0].
2026-09-13 18:04:29 [JRaft-NodeImpl-Disruptor-0] [INFO] c.a.s.j.c.NodeImpl - The number of active nodes decrement to 0.
2026-09-13 18:04:29 [JRaft-Global-ElectionTimer1] [INFO] c.a.s.j.u.LogScheduledThreadPoolExecutor - ThreadPool is terminated: JRaft-Global-ElectionTimer, com.alipay.sofa.jraft.util.MetricScheduledThreadPoolExecutor@59263f7b[Shutting down, pool size = 0, active threads = 0, queued tasks = 0, completed tasks = 0].
2026-09-13 18:04:29 [main] [INFO] c.a.s.j.u.RepeatedTimer - Destroy timer: RepeatedTimer{timeout=null, stopped=true, running=false, destroyed=true, invoking=false, timeoutMs=3000, name='JRaft-ElectionTimer-<hg_0/127.0.0.1:6510>'}.
2026-09-13 18:04:29 [JRaft-Global-VoteTimer0] [INFO] c.a.s.j.u.LogScheduledThreadPoolExecutor - ThreadPool is terminated: JRaft-Global-VoteTimer, com.alipay.sofa.jraft.util.MetricScheduledThreadPoolExecutor@7bc4ac3e[Shutting down, pool size = 0, active threads = 0, queued tasks = 0, completed tasks = 1].
2026-09-13 18:04:29 [main] [INFO] c.a.s.j.u.RepeatedTimer - Destroy timer: RepeatedTimer{timeout=null, stopped=true, running=false, destroyed=true, invoking=false, timeoutMs=3000, name='JRaft-VoteTimer-<hg_0/127.0.0.1:6510>'}.
2026-09-13 18:04:29 [JRaft-Global-StepDownTimer0] [INFO] c.a.s.j.u.LogScheduledThreadPoolExecutor - ThreadPool is terminated: JRaft-Global-StepDownTimer, com.alipay.sofa.jraft.util.MetricScheduledThreadPoolExecutor@7cab8d52[Shutting down, pool size = 0, active threads = 0, queued tasks = 0, completed tasks = 2].
2026-09-13 18:04:29 [main] [INFO] c.a.s.j.u.RepeatedTimer - Destroy timer: RepeatedTimer{timeout=null, stopped=true, running=false, destroyed=true, invoking=false, timeoutMs=1500, name='JRaft-StepDownTimer-<hg_0/127.0.0.1:6510>'}.
2026-09-13 18:04:29 [JRaft-Global-SnapshotTimer0] [INFO] c.a.s.j.u.LogScheduledThreadPoolExecutor - ThreadPool is terminated: JRaft-Global-SnapshotTimer, com.alipay.sofa.jraft.util.MetricScheduledThreadPoolExecutor@6b04689e[Shutting down, pool size = 0, active threads = 0, queued tasks = 0, completed tasks = 0].
2026-09-13 18:04:29 [main] [INFO] c.a.s.j.u.RepeatedTimer - Destroy timer: RepeatedTimer{timeout=null, stopped=true, running=false, destroyed=true, invoking=false, timeoutMs=3600000, name='JRaft-SnapshotTimer-<hg_0/127.0.0.1:6510>'}.
2026-09-13 18:04:29 [main] [INFO] c.a.s.j.RaftGroupService - Stop the RaftGroupService successfully.
2026-09-13 18:04:29 [JRaft-Closure-Executor-13] [INFO] c.a.s.j.s.l.RocksDBSegmentLogStorage - RocksDBSegmentLogStorage stopped checkpoint task.
2026-09-13 18:04:29 [SegmentAllocator] [INFO] c.a.s.j.s.l.RocksDBSegmentLogStorage - SegmentAllocator exit.
2026-09-13 18:04:29 [JRaft-Closure-Executor-13] [INFO] c.a.s.j.s.l.SegmentFile - Unloaded segment file /tmp/junit/raft/00000/log/segments/0000000000000000000.s, current status: SegmentFile [firstLogIndex=2, lastLogIndex=4, size=1073741824, path=/tmp/junit/raft/00000/log/segments/0000000000000000000.s, wrotePos=18, committedPos=18].
2026-09-13 18:04:29 [JRaft-Closure-Executor-13] [INFO] c.a.s.j.s.l.SegmentFile - Unloaded segment file /tmp/junit/raft/00000/log/segments/0000000000000000001.s, current status: SegmentFile [firstLogIndex=-99, lastLogIndex=9223372036854775807, size=1073741824, path=/tmp/junit/raft/00000/log/segments/0000000000000000001.s, wrotePos=18, committedPos=18].
2026-09-13 18:04:29 [JRaft-Closure-Executor-13] [INFO] c.a.s.j.s.l.SegmentFile - Unloaded segment file /tmp/junit/raft/00000/log/segments/0000000000000000002.s, current status: SegmentFile [firstLogIndex=-99, lastLogIndex=9223372036854775807, size=1073741824, path=/tmp/junit/raft/00000/log/segments/0000000000000000002.s, wrotePos=18, committedPos=18].
2026-09-13 18:04:29 [JRaft-Closure-Executor-13] [INFO] c.a.s.j.u.LogThreadPoolExecutor - ThreadPool is terminated: RocksDBSegmentLogStorage-write-pool, com.alipay.sofa.jraft.util.MetricThreadPoolExecutor@12b66c89[Shutting down, pool size = 0, active threads = 0, queued tasks = 0, completed tasks = 0].
2026-09-13 18:04:29 [JRaft-Closure-Executor-13] [INFO] c.a.s.j.s.i.RocksDBLogStorage - DB destroyed, the db path is: /tmp/junit/raft/00000/log.
2026-09-13 18:04:29 [main] [INFO] o.a.h.s.PartitionEngine - PartitionEngine shutdown successfully: PartitionEngine{groupId =0, isLeader=false, options=PartitionEngineOptions(taskScheduleTime=60, splitPartitionTimeout=1800000, raftOptions=HgStoreEngineOptions.RaftOptions(rpcConnectTimeoutMs=1000, electionTimeoutMs=3000, rpcInstallSnapshotTimeout=3600000, waitLeaderTimeout=30, maxEntriesSize=256, maxBodySize=524288, overloadRateLimit=100, keepInMemorySegmentCount=2, preAllocateSegmentCount=1, splitPartitionLogIndexMargin=10, rpcDefaultTimeout=5000, snapshotIntervalSecs=3600, snapshotDownloadingThreads=4, snapshotLogIndexMargin=1024, metrics=true, disruptorBufferSize=4096, maxReplicatorInflightMsgs=256, maxLogSize=104857600, aveLogEntrySizeRatio=0.95, useRocksDBSegmentLogStorage=true, maxSegmentFileSize=67108864), raftDataPath=/tmp/junit/raft/00000, raftSnapShotPath=/tmp/junit/raft/00000, groupId=0, raftAddress=127.0.0.1:6510, peerList=[127.0.0.1:6510::100], conf=null, taskHandler=null)}.
2026-09-13 18:04:29 [main] [INFO] o.a.h.r.a.RocksDBFactory - close 00000 's  rocksdb.
2026-09-13 18:04:29 [main] [INFO] o.a.h.r.a.RocksDBFactory - closing all rocksdb....
[[1;34mINFO[m] [1;32mTests run: [0;1;32m2[m, Failures: 0, Errors: 0, Skipped: 0, Time elapsed: 5.431 s - in org.apache.hugegraph.store.core.[1mHgBusinessImplTest[m
[[1;34mINFO[m] 
[[1;34mINFO[m] Results:
[[1;34mINFO[m] 
[[1;34mINFO[m] [1;32mTests run: 2, Failures: 0, Errors: 0, Skipped: 0[m
[[1;34mINFO[m] 
[[1;34mINFO[m] 
[[1;34mINFO[m] [1m--- [0;32mmaven-surefire-plugin:2.20:test[m [1m(store-rocksdb-test)[m @ [36mhg-store-test[0;1m ---[m
[[1;34mINFO[m] 
[[1;34mINFO[m] -------------------------------------------------------
[[1;34mINFO[m]  T E S T S
[[1;34mINFO[m] -------------------------------------------------------
[[1;34mINFO[m] Running org.apache.hugegraph.store.core.[1mHgBusinessImplTest[m
java.lang.instrument.IllegalClassFormatException: Error while instrumenting sun/util/resources/cldr/provider/CLDRLocaleDataMetaInfo with JaCoCo 0.8.8.202204050719/5dcf34a.
	at org.jacoco.agent.rt.internal_b6258fc.CoverageTransformer.transform(CoverageTransformer.java:94)
	at java.instrument/java.lang.instrument.ClassFileTransformer.transform(ClassFileTransformer.java:244)
	at java.instrument/sun.instrument.TransformerManager.transform(TransformerManager.java:188)
	at java.instrument/sun.instrument.InstrumentationImpl.transform(InstrumentationImpl.java:610)
	at java.base/java.lang.ClassLoader.defineClass2(Native Method)
	at java.base/java.lang.ClassLoader.defineClass(ClassLoader.java:1118)
	at java.base/java.security.SecureClassLoader.defineClass(SecureClassLoader.java:182)
	at java.base/jdk.internal.loader.BuiltinClassLoader.defineClass(BuiltinClassLoader.java:821)
	at java.base/jdk.internal.loader.BuiltinClassLoader.findClassInModuleOrNull(BuiltinClassLoader.java:741)
	at java.base/jdk.internal.loader.BuiltinClassLoader.findClass(BuiltinClassLoader.java:621)
	at java.base/java.lang.ClassLoader.loadClass(ClassLoader.java:638)
	at java.base/java.lang.Class.forName(Class.java:627)
	at java.base/java.lang.Class.forName(Class.java:602)
	at java.base/java.util.ServiceLoader.loadProvider(ServiceLoader.java:859)
	at java.base/java.util.ServiceLoader$ModuleServicesLookupIterator.hasNext(ServiceLoader.java:1084)
	at java.base/java.util.ServiceLoader$2.hasNext(ServiceLoader.java:1309)
	at java.base/java.util.ServiceLoader$3.hasNext(ServiceLoader.java:1393)
	at java.base/sun.util.cldr.CLDRLocaleProviderAdapter.lambda$new$0(CLDRLocaleProviderAdapter.java:84)
	at java.base/java.security.AccessController.doPrivileged(AccessController.java:571)
	at java.base/sun.util.cldr.CLDRLocaleProviderAdapter.<init>(CLDRLocaleProviderAdapter.java:83)
	at java.base/jdk.internal.reflect.DirectConstructorHandleAccessor.newInstance(DirectConstructorHandleAccessor.java:62)
	at java.base/java.lang.reflect.Constructor.newInstanceWithCaller(Constructor.java:502)
	at java.base/java.lang.reflect.Constructor.newInstance(Constructor.java:486)
	at java.base/sun.util.locale.provider.LocaleProviderAdapter.forType(LocaleProviderAdapter.java:194)
	at java.base/sun.util.locale.provider.LocaleProviderAdapter.findAdapter(LocaleProviderAdapter.java:293)
	at java.base/sun.util.locale.provider.LocaleProviderAdapter.getAdapter(LocaleProviderAdapter.java:264)
	at java.base/java.util.Calendar.createCalendar(Calendar.java:1696)
	at java.base/java.util.Calendar.getInstance(Calendar.java:1645)
	at org.apache.logging.log4j.core.util.datetime.FixedDateFormat.calcMidnightMillis(FixedDateFormat.java:547)
	at org.apache.logging.log4j.core.util.datetime.FixedDateFormat.updateMidnightMillis(FixedDateFormat.java:538)
	at org.apache.logging.log4j.core.util.datetime.FixedDateFormat.millisSinceMidnight(FixedDateFormat.java:529)
	at org.apache.logging.log4j.core.util.datetime.FixedDateFormat.format(FixedDateFormat.java:616)
	at org.apache.logging.log4j.core.util.datetime.FixedDateFormat.formatInstant(FixedDateFormat.java:590)
	at org.apache.logging.log4j.core.util.datetime.FixedDateFormat.formatInstant(FixedDateFormat.java:584)
	at org.apache.logging.log4j.core.pattern.DatePatternConverter$FixedFormatter.format(DatePatternConverter.java:100)
	at org.apache.logging.log4j.core.pattern.DatePatternConverter$CachedTime.<init>(DatePatternConverter.java:155)
	at org.apache.logging.log4j.core.pattern.DatePatternConverter.fromEpochMillis(DatePatternConverter.java:190)
	at org.apache.logging.log4j.core.pattern.DatePatternConverter.<init>(DatePatternConverter.java:184)
	at org.apache.logging.log4j.core.pattern.DatePatternConverter.newInstance(DatePatternConverter.java:208)
	at java.base/jdk.internal.reflect.DirectMethodHandleAccessor.invoke(DirectMethodHandleAccessor.java:103)
	at java.base/java.lang.reflect.Method.invoke(Method.java:580)
	at org.apache.logging.log4j.core.pattern.PatternParser.createConverter(PatternParser.java:590)
	at org.apache.logging.log4j.core.pattern.PatternParser.finalizeConverter(PatternParser.java:657)
	at org.apache.logging.log4j.core.pattern.PatternParser.parse(PatternParser.java:420)
	at org.apache.logging.log4j.core.pattern.PatternParser.parse(PatternParser.java:177)
	at org.apache.logging.log4j.core.layout.PatternLayout$SerializerBuilder.build(PatternLayout.java:474)
	at org.apache.logging.log4j.core.layout.PatternLayout.<init>(PatternLayout.java:140)
	at org.apache.logging.log4j.core.layout.PatternLayout.<init>(PatternLayout.java:61)
	at org.apache.logging.log4j.core.layout.PatternLayout$Builder.build(PatternLayout.java:770)
	at org.apache.logging.log4j.core.config.AbstractConfiguration.setToDefault(AbstractConfiguration.java:715)
	at org.apache.logging.log4j.core.config.DefaultConfiguration.<init>(DefaultConfiguration.java:47)
	at org.apache.logging.log4j.core.LoggerContext.<init>(LoggerContext.java:95)
	at org.apache.logging.log4j.core.selector.ClassLoaderContextSelector.createContext(ClassLoaderContextSelector.java:254)
	at org.apache.logging.log4j.core.selector.ClassLoaderContextSelector.locateContext(ClassLoaderContextSelector.java:218)
	at org.apache.logging.log4j.core.selector.ClassLoaderContextSelector.getContext(ClassLoaderContextSelector.java:136)
	at org.apache.logging.log4j.core.selector.ClassLoaderContextSelector.getContext(ClassLoaderContextSelector.java:123)
	at org.apache.logging.log4j.core.selector.ClassLoaderContextSelector.getContext(ClassLoaderContextSelector.java:117)
	at org.apache.logging.log4j.core.impl.Log4jContextFactory.getContext(Log4jContextFactory.java:150)
	at org.apache.logging.log4j.core.impl.Log4jContextFactory.getContext(Log4jContextFactory.java:47)
	at org.apache.logging.log4j.LogManager.getContext(LogManager.java:196)
	at org.apache.logging.log4j.spi.AbstractLoggerAdapter.getContext(AbstractLoggerAdapter.java:137)
	at org.apache.logging.slf4j.Log4jLoggerFactory.getContext(Log4jLoggerFactory.java:55)
	at org.apache.logging.log4j.spi.AbstractLoggerAdapter.getLogger(AbstractLoggerAdapter.java:47)
	at org.apache.logging.slf4j.Log4jLoggerFactory.getLogger(Log4jLoggerFactory.java:33)
	at org.slf4j.LoggerFactory.getLogger(LoggerFactory.java:358)
	at org.slf4j.LoggerFactory.getLogger(LoggerFactory.java:383)
	at org.apache.hugegraph.store.core.StoreEngineTestBase.<clinit>(StoreEngineTestBase.java:45)
	at java.base/jdk.internal.misc.Unsafe.ensureClassInitialized0(Native Method)
	at java.base/jdk.internal.misc.Unsafe.ensureClassInitialized(Unsafe.java:1160)
	at java.base/jdk.internal.reflect.MethodHandleAccessorFactory.ensureClassInitialized(MethodHandleAccessorFactory.java:300)
	at java.base/jdk.internal.reflect.MethodHandleAccessorFactory.newMethodAccessor(MethodHandleAccessorFactory.java:71)
	at java.base/jdk.internal.reflect.ReflectionFactory.newMethodAccessor(ReflectionFactory.java:159)
	at java.base/java.lang.reflect.Method.acquireMethodAccessor(Method.java:726)
	at java.base/java.lang.reflect.Method.invoke(Method.java:577)
	at org.junit.runners.model.FrameworkMethod$1.runReflectiveCall(FrameworkMethod.java:59)
	at org.junit.internal.runners.model.ReflectiveCallable.run(ReflectiveCallable.java:12)
	at org.junit.runners.model.FrameworkMethod.invokeExplosively(FrameworkMethod.java:56)
	at org.junit.internal.runners.statements.RunBefores.invokeMethod(RunBefores.java:33)
	at org.junit.internal.runners.statements.RunBefores.evaluate(RunBefores.java:24)
	at org.junit.internal.runners.statements.RunAfters.evaluate(RunAfters.java:27)
	at org.junit.runners.ParentRunner$3.evaluate(ParentRunner.java:306)
	at org.junit.runners.ParentRunner.run(ParentRunner.java:413)
	at org.apache.maven.surefire.junit4.JUnit4Provider.execute(JUnit4Provider.java:365)
	at org.apache.maven.surefire.junit4.JUnit4Provider.executeWithRerun(JUnit4Provider.java:272)
	at org.apache.maven.surefire.junit4.JUnit4Provider.executeTestSet(JUnit4Provider.java:236)
	at org.apache.maven.surefire.junit4.JUnit4Provider.invoke(JUnit4Provider.java:159)
	at org.apache.maven.surefire.booter.ForkedBooter.invokeProviderInSameClassLoader(ForkedBooter.java:386)
	at org.apache.maven.surefire.booter.ForkedBooter.runSuitesInProcess(ForkedBooter.java:323)
	at org.apache.maven.surefire.booter.ForkedBooter.main(ForkedBooter.java:143)
Caused by: java.io.IOException: Error while instrumenting sun/util/resources/cldr/provider/CLDRLocaleDataMetaInfo with JaCoCo 0.8.8.202204050719/5dcf34a.
	at org.jacoco.agent.rt.internal_b6258fc.core.instr.Instrumenter.instrumentError(Instrumenter.java:161)
	at org.jacoco.agent.rt.internal_b6258fc.core.instr.Instrumenter.instrument(Instrumenter.java:111)
	at org.jacoco.agent.rt.internal_b6258fc.CoverageTransformer.transform(CoverageTransformer.java:92)
	... 88 more
Caused by: java.lang.IllegalArgumentException: Unsupported class file major version 65
	at org.jacoco.agent.rt.internal_b6258fc.asm.ClassReader.<init>(ClassReader.java:199)
	at org.jacoco.agent.rt.internal_b6258fc.asm.ClassReader.<init>(ClassReader.java:180)
	at org.jacoco.agent.rt.internal_b6258fc.asm.ClassReader.<init>(ClassReader.java:166)
	at org.jacoco.agent.rt.internal_b6258fc.core.internal.instr.InstrSupport.classReaderFor(InstrSupport.java:280)
	at org.jacoco.agent.rt.internal_b6258fc.core.instr.Instrumenter.instrument(Instrumenter.java:77)
	at org.jacoco.agent.rt.internal_b6258fc.core.instr.Instrumenter.instrument(Instrumenter.java:109)
	... 89 more
java.lang.instrument.IllegalClassFormatException: Error while instrumenting javax/script/ScriptEngineManager with JaCoCo 0.8.8.202204050719/5dcf34a.
	at org.jacoco.agent.rt.internal_b6258fc.CoverageTransformer.transform(CoverageTransformer.java:94)
	at java.instrument/java.lang.instrument.ClassFileTransformer.transform(ClassFileTransformer.java:244)
	at java.instrument/sun.instrument.TransformerManager.transform(TransformerManager.java:188)
	at java.instrument/sun.instrument.InstrumentationImpl.transform(InstrumentationImpl.java:610)
	at java.base/java.lang.ClassLoader.defineClass2(Native Method)
	at java.base/java.lang.ClassLoader.defineClass(ClassLoader.java:1118)
	at java.base/java.security.SecureClassLoader.defineClass(SecureClassLoader.java:182)
	at java.base/jdk.internal.loader.BuiltinClassLoader.defineClass(BuiltinClassLoader.java:821)
	at java.base/jdk.internal.loader.BuiltinClassLoader.findClassInModuleOrNull(BuiltinClassLoader.java:741)
	at java.base/jdk.internal.loader.BuiltinClassLoader.loadClassOrNull(BuiltinClassLoader.java:665)
	at java.base/jdk.internal.loader.BuiltinClassLoader.loadClassOrNull(BuiltinClassLoader.java:700)
	at java.base/jdk.internal.loader.BuiltinClassLoader.loadClassOrNull(BuiltinClassLoader.java:669)
	at java.base/jdk.internal.loader.BuiltinClassLoader.loadClass(BuiltinClassLoader.java:639)
	at java.base/jdk.internal.loader.ClassLoaders$AppClassLoader.loadClass(ClassLoaders.java:188)
	at java.base/java.lang.ClassLoader.loadClass(ClassLoader.java:526)
	at org.apache.logging.log4j.core.script.ScriptManager.<init>(ScriptManager.java:70)
	at org.apache.logging.log4j.core.config.AbstractConfiguration.initialize(AbstractConfiguration.java:221)
	at org.apache.logging.log4j.core.config.AbstractConfiguration.start(AbstractConfiguration.java:289)
	at org.apache.logging.log4j.core.LoggerContext.setConfiguration(LoggerContext.java:626)
	at org.apache.logging.log4j.core.LoggerContext.reconfigure(LoggerContext.java:699)
	at org.apache.logging.log4j.core.LoggerContext.reconfigure(LoggerContext.java:716)
	at org.apache.logging.log4j.core.LoggerContext.start(LoggerContext.java:270)
	at org.apache.logging.log4j.core.impl.Log4jContextFactory.getContext(Log4jContextFactory.java:155)
	at org.apache.logging.log4j.core.impl.Log4jContextFactory.getContext(Log4jContextFactory.java:47)
	at org.apache.logging.log4j.LogManager.getContext(LogManager.java:196)
	at org.apache.logging.log4j.spi.AbstractLoggerAdapter.getContext(AbstractLoggerAdapter.java:137)
	at org.apache.logging.slf4j.Log4jLoggerFactory.getContext(Log4jLoggerFactory.java:55)
	at org.apache.logging.log4j.spi.AbstractLoggerAdapter.getLogger(AbstractLoggerAdapter.java:47)
	at org.apache.logging.slf4j.Log4jLoggerFactory.getLogger(Log4jLoggerFactory.java:33)
	at org.slf4j.LoggerFactory.getLogger(LoggerFactory.java:358)
	at org.slf4j.LoggerFactory.getLogger(LoggerFactory.java:383)
	at org.apache.hugegraph.store.core.StoreEngineTestBase.<clinit>(StoreEngineTestBase.java:45)
	at java.base/jdk.internal.misc.Unsafe.ensureClassInitialized0(Native Method)
	at java.base/jdk.internal.misc.Unsafe.ensureClassInitialized(Unsafe.java:1160)
	at java.base/jdk.internal.reflect.MethodHandleAccessorFactory.ensureClassInitialized(MethodHandleAccessorFactory.java:300)
	at java.base/jdk.internal.reflect.MethodHandleAccessorFactory.newMethodAccessor(MethodHandleAccessorFactory.java:71)
	at java.base/jdk.internal.reflect.ReflectionFactory.newMethodAccessor(ReflectionFactory.java:159)
	at java.base/java.lang.reflect.Method.acquireMethodAccessor(Method.java:726)
	at java.base/java.lang.reflect.Method.invoke(Method.java:577)
	at org.junit.runners.model.FrameworkMethod$1.runReflectiveCall(FrameworkMethod.java:59)
	at org.junit.internal.runners.model.ReflectiveCallable.run(ReflectiveCallable.java:12)
	at org.junit.runners.model.FrameworkMethod.invokeExplosively(FrameworkMethod.java:56)
	at org.junit.internal.runners.statements.RunBefores.invokeMethod(RunBefores.java:33)
	at org.junit.internal.runners.statements.RunBefores.evaluate(RunBefores.java:24)
	at org.junit.internal.runners.statements.RunAfters.evaluate(RunAfters.java:27)
	at org.junit.runners.ParentRunner$3.evaluate(ParentRunner.java:306)
	at org.junit.runners.ParentRunner.run(ParentRunner.java:413)
	at org.apache.maven.surefire.junit4.JUnit4Provider.execute(JUnit4Provider.java:365)
	at org.apache.maven.surefire.junit4.JUnit4Provider.executeWithRerun(JUnit4Provider.java:272)
	at org.apache.maven.surefire.junit4.JUnit4Provider.executeTestSet(JUnit4Provider.java:236)
	at org.apache.maven.surefire.junit4.JUnit4Provider.invoke(JUnit4Provider.java:159)
	at org.apache.maven.surefire.booter.ForkedBooter.invokeProviderInSameClassLoader(ForkedBooter.java:386)
	at org.apache.maven.surefire.booter.ForkedBooter.runSuitesInProcess(ForkedBooter.java:323)
	at org.apache.maven.surefire.booter.ForkedBooter.main(ForkedBooter.java:143)
Caused by: java.io.IOException: Error while instrumenting javax/script/ScriptEngineManager with JaCoCo 0.8.8.202204050719/5dcf34a.
	at org.jacoco.agent.rt.internal_b6258fc.core.instr.Instrumenter.instrumentError(Instrumenter.java:161)
	at org.jacoco.agent.rt.internal_b6258fc.core.instr.Instrumenter.instrument(Instrumenter.java:111)
	at org.jacoco.agent.rt.internal_b6258fc.CoverageTransformer.transform(CoverageTransformer.java:92)
	... 53 more
Caused by: java.lang.IllegalArgumentException: Unsupported class file major version 65
	at org.jacoco.agent.rt.internal_b6258fc.asm.ClassReader.<init>(ClassReader.java:199)
	at org.jacoco.agent.rt.internal_b6258fc.asm.ClassReader.<init>(ClassReader.java:180)
	at org.jacoco.agent.rt.internal_b6258fc.asm.ClassReader.<init>(ClassReader.java:166)
	at org.jacoco.agent.rt.internal_b6258fc.core.internal.instr.InstrSupport.classReaderFor(InstrSupport.java:280)
	at org.jacoco.agent.rt.internal_b6258fc.core.instr.Instrumenter.instrument(Instrumenter.java:77)
	at org.jacoco.agent.rt.internal_b6258fc.core.instr.Instrumenter.instrument(Instrumenter.java:109)
	... 54 more
java.lang.instrument.IllegalClassFormatException: Error while instrumenting javax/script/Bindings with JaCoCo 0.8.8.202204050719/5dcf34a.
	at org.jacoco.agent.rt.internal_b6258fc.CoverageTransformer.transform(CoverageTransformer.java:94)
	at java.instrument/java.lang.instrument.ClassFileTransformer.transform(ClassFileTransformer.java:244)
	at java.instrument/sun.instrument.TransformerManager.transform(TransformerManager.java:188)
	at java.instrument/sun.instrument.InstrumentationImpl.transform(InstrumentationImpl.java:610)
	at java.base/java.lang.ClassLoader.defineClass2(Native Method)
	at java.base/java.lang.ClassLoader.defineClass(ClassLoader.java:1118)
	at java.base/java.security.SecureClassLoader.defineClass(SecureClassLoader.java:182)
	at java.base/jdk.internal.loader.BuiltinClassLoader.defineClass(BuiltinClassLoader.java:821)
	at java.base/jdk.internal.loader.BuiltinClassLoader.findClassInModuleOrNull(BuiltinClassLoader.java:741)
	at java.base/jdk.internal.loader.BuiltinClassLoader.loadClassOrNull(BuiltinClassLoader.java:665)
	at java.base/jdk.internal.loader.BuiltinClassLoader.loadClass(BuiltinClassLoader.java:639)
	at java.base/java.lang.ClassLoader.loadClass(ClassLoader.java:526)
	at org.apache.logging.log4j.core.script.ScriptManager.<init>(ScriptManager.java:70)
	at org.apache.logging.log4j.core.config.AbstractConfiguration.initialize(AbstractConfiguration.java:221)
	at org.apache.logging.log4j.core.config.AbstractConfiguration.start(AbstractConfiguration.java:289)
	at org.apache.logging.log4j.core.LoggerContext.setConfiguration(LoggerContext.java:626)
	at org.apache.logging.log4j.core.LoggerContext.reconfigure(LoggerContext.java:699)
	at org.apache.logging.log4j.core.LoggerContext.reconfigure(LoggerContext.java:716)
	at org.apache.logging.log4j.core.LoggerContext.start(LoggerContext.java:270)
	at org.apache.logging.log4j.core.impl.Log4jContextFactory.getContext(Log4jContextFactory.java:155)
	at org.apache.logging.log4j.core.impl.Log4jContextFactory.getContext(Log4jContextFactory.java:47)
	at org.apache.logging.log4j.LogManager.getContext(LogManager.java:196)
	at org.apache.logging.log4j.spi.AbstractLoggerAdapter.getContext(AbstractLoggerAdapter.java:137)
	at org.apache.logging.slf4j.Log4jLoggerFactory.getContext(Log4jLoggerFactory.java:55)
	at org.apache.logging.log4j.spi.AbstractLoggerAdapter.getLogger(AbstractLoggerAdapter.java:47)
	at org.apache.logging.slf4j.Log4jLoggerFactory.getLogger(Log4jLoggerFactory.java:33)
	at org.slf4j.LoggerFactory.getLogger(LoggerFactory.java:358)
	at org.slf4j.LoggerFactory.getLogger(LoggerFactory.java:383)
	at org.apache.hugegraph.store.core.StoreEngineTestBase.<clinit>(StoreEngineTestBase.java:45)
	at java.base/jdk.internal.misc.Unsafe.ensureClassInitialized0(Native Method)
	at java.base/jdk.internal.misc.Unsafe.ensureClassInitialized(Unsafe.java:1160)
	at java.base/jdk.internal.reflect.MethodHandleAccessorFactory.ensureClassInitialized(MethodHandleAccessorFactory.java:300)
	at java.base/jdk.internal.reflect.MethodHandleAccessorFactory.newMethodAccessor(MethodHandleAccessorFactory.java:71)
	at java.base/jdk.internal.reflect.ReflectionFactory.newMethodAccessor(ReflectionFactory.java:159)
	at java.base/java.lang.reflect.Method.acquireMethodAccessor(Method.java:726)
	at java.base/java.lang.reflect.Method.invoke(Method.java:577)
	at org.junit.runners.model.FrameworkMethod$1.runReflectiveCall(FrameworkMethod.java:59)
	at org.junit.internal.runners.model.ReflectiveCallable.run(ReflectiveCallable.java:12)
	at org.junit.runners.model.FrameworkMethod.invokeExplosively(FrameworkMethod.java:56)
	at org.junit.internal.runners.statements.RunBefores.invokeMethod(RunBefores.java:33)
	at org.junit.internal.runners.statements.RunBefores.evaluate(RunBefores.java:24)
	at org.junit.internal.runners.statements.RunAfters.evaluate(RunAfters.java:27)
	at org.junit.runners.ParentRunner$3.evaluate(ParentRunner.java:306)
	at org.junit.runners.ParentRunner.run(ParentRunner.java:413)
	at org.apache.maven.surefire.junit4.JUnit4Provider.execute(JUnit4Provider.java:365)
	at org.apache.maven.surefire.junit4.JUnit4Provider.executeWithRerun(JUnit4Provider.java:272)
	at org.apache.maven.surefire.junit4.JUnit4Provider.executeTestSet(JUnit4Provider.java:236)
	at org.apache.maven.surefire.junit4.JUnit4Provider.invoke(JUnit4Provider.java:159)
	at org.apache.maven.surefire.booter.ForkedBooter.invokeProviderInSameClassLoader(ForkedBooter.java:386)
	at org.apache.maven.surefire.booter.ForkedBooter.runSuitesInProcess(ForkedBooter.java:323)
	at org.apache.maven.surefire.booter.ForkedBooter.main(ForkedBooter.java:143)
Caused by: java.io.IOException: Error while instrumenting javax/script/Bindings with JaCoCo 0.8.8.202204050719/5dcf34a.
	at org.jacoco.agent.rt.internal_b6258fc.core.instr.Instrumenter.instrumentError(Instrumenter.java:161)
	at org.jacoco.agent.rt.internal_b6258fc.core.instr.Instrumenter.instrument(Instrumenter.java:111)
	at org.jacoco.agent.rt.internal_b6258fc.CoverageTransformer.transform(CoverageTransformer.java:92)
	... 50 more
Caused by: java.lang.IllegalArgumentException: Unsupported class file major version 65
	at org.jacoco.agent.rt.internal_b6258fc.asm.ClassReader.<init>(ClassReader.java:199)
	at org.jacoco.agent.rt.internal_b6258fc.asm.ClassReader.<init>(ClassReader.java:180)
	at org.jacoco.agent.rt.internal_b6258fc.asm.ClassReader.<init>(ClassReader.java:166)
	at org.jacoco.agent.rt.internal_b6258fc.core.internal.instr.InstrSupport.classReaderFor(InstrSupport.java:280)
	at org.jacoco.agent.rt.internal_b6258fc.core.instr.Instrumenter.instrument(Instrumenter.java:77)
	at org.jacoco.agent.rt.internal_b6258fc.core.instr.Instrumenter.instrument(Instrumenter.java:109)
	... 51 more
java.lang.instrument.IllegalClassFormatException: Error while instrumenting javax/script/ScriptEngineFactory with JaCoCo 0.8.8.202204050719/5dcf34a.
	at org.jacoco.agent.rt.internal_b6258fc.CoverageTransformer.transform(CoverageTransformer.java:94)
	at java.instrument/java.lang.instrument.ClassFileTransformer.transform(ClassFileTransformer.java:244)
	at java.instrument/sun.instrument.TransformerManager.transform(TransformerManager.java:188)
	at java.instrument/sun.instrument.InstrumentationImpl.transform(InstrumentationImpl.java:610)
	at java.base/java.lang.ClassLoader.defineClass2(Native Method)
	at java.base/java.lang.ClassLoader.defineClass(ClassLoader.java:1118)
	at java.base/java.security.SecureClassLoader.defineClass(SecureClassLoader.java:182)
	at java.base/jdk.internal.loader.BuiltinClassLoader.defineClass(BuiltinClassLoader.java:821)
	at java.base/jdk.internal.loader.BuiltinClassLoader.findClassInModuleOrNull(BuiltinClassLoader.java:741)
	at java.base/jdk.internal.loader.BuiltinClassLoader.loadClassOrNull(BuiltinClassLoader.java:665)
	at java.base/jdk.internal.loader.BuiltinClassLoader.loadClass(BuiltinClassLoader.java:639)
	at java.base/java.lang.ClassLoader.loadClass(ClassLoader.java:526)
	at java.scripting/javax.script.ScriptEngineManager.<clinit>(ScriptEngineManager.java:315)
	at org.apache.logging.log4j.core.script.ScriptManager.<init>(ScriptManager.java:70)
	at org.apache.logging.log4j.core.config.AbstractConfiguration.initialize(AbstractConfiguration.java:221)
	at org.apache.logging.log4j.core.config.AbstractConfiguration.start(AbstractConfiguration.java:289)
	at org.apache.logging.log4j.core.LoggerContext.setConfiguration(LoggerContext.java:626)
	at org.apache.logging.log4j.core.LoggerContext.reconfigure(LoggerContext.java:699)
	at org.apache.logging.log4j.core.LoggerContext.reconfigure(LoggerContext.java:716)
	at org.apache.logging.log4j.core.LoggerContext.start(LoggerContext.java:270)
	at org.apache.logging.log4j.core.impl.Log4jContextFactory.getContext(Log4jContextFactory.java:155)
	at org.apache.logging.log4j.core.impl.Log4jContextFactory.getContext(Log4jContextFactory.java:47)
	at org.apache.logging.log4j.LogManager.getContext(LogManager.java:196)
	at org.apache.logging.log4j.spi.AbstractLoggerAdapter.getContext(AbstractLoggerAdapter.java:137)
	at org.apache.logging.slf4j.Log4jLoggerFactory.getContext(Log4jLoggerFactory.java:55)
	at org.apache.logging.log4j.spi.AbstractLoggerAdapter.getLogger(AbstractLoggerAdapter.java:47)
	at org.apache.logging.slf4j.Log4jLoggerFactory.getLogger(Log4jLoggerFactory.java:33)
	at org.slf4j.LoggerFactory.getLogger(LoggerFactory.java:358)
	at org.slf4j.LoggerFactory.getLogger(LoggerFactory.java:383)
	at org.apache.hugegraph.store.core.StoreEngineTestBase.<clinit>(StoreEngineTestBase.java:45)
	at java.base/jdk.internal.misc.Unsafe.ensureClassInitialized0(Native Method)
	at java.base/jdk.internal.misc.Unsafe.ensureClassInitialized(Unsafe.java:1160)
	at java.base/jdk.internal.reflect.MethodHandleAccessorFactory.ensureClassInitialized(MethodHandleAccessorFactory.java:300)
	at java.base/jdk.internal.reflect.MethodHandleAccessorFactory.newMethodAccessor(MethodHandleAccessorFactory.java:71)
	at java.base/jdk.internal.reflect.ReflectionFactory.newMethodAccessor(ReflectionFactory.java:159)
	at java.base/java.lang.reflect.Method.acquireMethodAccessor(Method.java:726)
	at java.base/java.lang.reflect.Method.invoke(Method.java:577)
	at org.junit.runners.model.FrameworkMethod$1.runReflectiveCall(FrameworkMethod.java:59)
	at org.junit.internal.runners.model.ReflectiveCallable.run(ReflectiveCallable.java:12)
	at org.junit.runners.model.FrameworkMethod.invokeExplosively(FrameworkMethod.java:56)
	at org.junit.internal.runners.statements.RunBefores.invokeMethod(RunBefores.java:33)
	at org.junit.internal.runners.statements.RunBefores.evaluate(RunBefores.java:24)
	at org.junit.internal.runners.statements.RunAfters.evaluate(RunAfters.java:27)
	at org.junit.runners.ParentRunner$3.evaluate(ParentRunner.java:306)
	at org.junit.runners.ParentRunner.run(ParentRunner.java:413)
	at org.apache.maven.surefire.junit4.JUnit4Provider.execute(JUnit4Provider.java:365)
	at org.apache.maven.surefire.junit4.JUnit4Provider.executeWithRerun(JUnit4Provider.java:272)
	at org.apache.maven.surefire.junit4.JUnit4Provider.executeTestSet(JUnit4Provider.java:236)
	at org.apache.maven.surefire.junit4.JUnit4Provider.invoke(JUnit4Provider.java:159)
	at org.apache.maven.surefire.booter.ForkedBooter.invokeProviderInSameClassLoader(ForkedBooter.java:386)
	at org.apache.maven.surefire.booter.ForkedBooter.runSuitesInProcess(ForkedBooter.java:323)
	at org.apache.maven.surefire.booter.ForkedBooter.main(ForkedBooter.java:143)
Caused by: java.io.IOException: Error while instrumenting javax/script/ScriptEngineFactory with JaCoCo 0.8.8.202204050719/5dcf34a.
	at org.jacoco.agent.rt.internal_b6258fc.core.instr.Instrumenter.instrumentError(Instrumenter.java:161)
	at org.jacoco.agent.rt.internal_b6258fc.core.instr.Instrumenter.instrument(Instrumenter.java:111)
	at org.jacoco.agent.rt.internal_b6258fc.CoverageTransformer.transform(CoverageTransformer.java:92)
	... 51 more
Caused by: java.lang.IllegalArgumentException: Unsupported class file major version 65
	at org.jacoco.agent.rt.internal_b6258fc.asm.ClassReader.<init>(ClassReader.java:199)
	at org.jacoco.agent.rt.internal_b6258fc.asm.ClassReader.<init>(ClassReader.java:180)
	at org.jacoco.agent.rt.internal_b6258fc.asm.ClassReader.<init>(ClassReader.java:166)
	at org.jacoco.agent.rt.internal_b6258fc.core.internal.instr.InstrSupport.classReaderFor(InstrSupport.java:280)
	at org.jacoco.agent.rt.internal_b6258fc.core.instr.Instrumenter.instrument(Instrumenter.java:77)
	at org.jacoco.agent.rt.internal_b6258fc.core.instr.Instrumenter.instrument(Instrumenter.java:109)
	... 52 more
java.lang.instrument.IllegalClassFormatException: Error while instrumenting javax/script/SimpleBindings with JaCoCo 0.8.8.202204050719/5dcf34a.
	at org.jacoco.agent.rt.internal_b6258fc.CoverageTransformer.transform(CoverageTransformer.java:94)
	at java.instrument/java.lang.instrument.ClassFileTransformer.transform(ClassFileTransformer.java:244)
	at java.instrument/sun.instrument.TransformerManager.transform(TransformerManager.java:188)
	at java.instrument/sun.instrument.InstrumentationImpl.transform(InstrumentationImpl.java:610)
	at java.base/java.lang.ClassLoader.defineClass2(Native Method)
	at java.base/java.lang.ClassLoader.defineClass(ClassLoader.java:1118)
	at java.base/java.security.SecureClassLoader.defineClass(SecureClassLoader.java:182)
	at java.base/jdk.internal.loader.BuiltinClassLoader.defineClass(BuiltinClassLoader.java:821)
	at java.base/jdk.internal.loader.BuiltinClassLoader.findClassInModuleOrNull(BuiltinClassLoader.java:741)
	at java.base/jdk.internal.loader.BuiltinClassLoader.loadClassOrNull(BuiltinClassLoader.java:665)
	at java.base/jdk.internal.loader.BuiltinClassLoader.loadClass(BuiltinClassLoader.java:639)
	at java.base/java.lang.ClassLoader.loadClass(ClassLoader.java:526)
	at java.scripting/javax.script.ScriptEngineManager.<init>(ScriptEngineManager.java:333)
	at java.scripting/javax.script.ScriptEngineManager.<init>(ScriptEngineManager.java:63)
	at org.apache.logging.log4j.core.script.ScriptManager.<init>(ScriptManager.java:70)
	at org.apache.logging.log4j.core.config.AbstractConfiguration.initialize(AbstractConfiguration.java:221)
	at org.apache.logging.log4j.core.config.AbstractConfiguration.start(AbstractConfiguration.java:289)
	at org.apache.logging.log4j.core.LoggerContext.setConfiguration(LoggerContext.java:626)
	at org.apache.logging.log4j.core.LoggerContext.reconfigure(LoggerContext.java:699)
	at org.apache.logging.log4j.core.LoggerContext.reconfigure(LoggerContext.java:716)
	at org.apache.logging.log4j.core.LoggerContext.start(LoggerContext.java:270)
	at org.apache.logging.log4j.core.impl.Log4jContextFactory.getContext(Log4jContextFactory.java:155)
	at org.apache.logging.log4j.core.impl.Log4jContextFactory.getContext(Log4jContextFactory.java:47)
	at org.apache.logging.log4j.LogManager.getContext(LogManager.java:196)
	at org.apache.logging.log4j.spi.AbstractLoggerAdapter.getContext(AbstractLoggerAdapter.java:137)
	at org.apache.logging.slf4j.Log4jLoggerFactory.getContext(Log4jLoggerFactory.java:55)
	at org.apache.logging.log4j.spi.AbstractLoggerAdapter.getLogger(AbstractLoggerAdapter.java:47)
	at org.apache.logging.slf4j.Log4jLoggerFactory.getLogger(Log4jLoggerFactory.java:33)
	at org.slf4j.LoggerFactory.getLogger(LoggerFactory.java:358)
	at org.slf4j.LoggerFactory.getLogger(LoggerFactory.java:383)
	at org.apache.hugegraph.store.core.StoreEngineTestBase.<clinit>(StoreEngineTestBase.java:45)
	at java.base/jdk.internal.misc.Unsafe.ensureClassInitialized0(Native Method)
	at java.base/jdk.internal.misc.Unsafe.ensureClassInitialized(Unsafe.java:1160)
	at java.base/jdk.internal.reflect.MethodHandleAccessorFactory.ensureClassInitialized(MethodHandleAccessorFactory.java:300)
	at java.base/jdk.internal.reflect.MethodHandleAccessorFactory.newMethodAccessor(MethodHandleAccessorFactory.java:71)
	at java.base/jdk.internal.reflect.ReflectionFactory.newMethodAccessor(ReflectionFactory.java:159)
	at java.base/java.lang.reflect.Method.acquireMethodAccessor(Method.java:726)
	at java.base/java.lang.reflect.Method.invoke(Method.java:577)
	at org.junit.runners.model.FrameworkMethod$1.runReflectiveCall(FrameworkMethod.java:59)
	at org.junit.internal.runners.model.ReflectiveCallable.run(ReflectiveCallable.java:12)
	at org.junit.runners.model.FrameworkMethod.invokeExplosively(FrameworkMethod.java:56)
	at org.junit.internal.runners.statements.RunBefores.invokeMethod(RunBefores.java:33)
	at org.junit.internal.runners.statements.RunBefores.evaluate(RunBefores.java:24)
	at org.junit.internal.runners.statements.RunAfters.evaluate(RunAfters.java:27)
	at org.junit.runners.ParentRunner$3.evaluate(ParentRunner.java:306)
	at org.junit.runners.ParentRunner.run(ParentRunner.java:413)
	at org.apache.maven.surefire.junit4.JUnit4Provider.execute(JUnit4Provider.java:365)
	at org.apache.maven.surefire.junit4.JUnit4Provider.executeWithRerun(JUnit4Provider.java:272)
	at org.apache.maven.surefire.junit4.JUnit4Provider.executeTestSet(JUnit4Provider.java:236)
	at org.apache.maven.surefire.junit4.JUnit4Provider.invoke(JUnit4Provider.java:159)
	at org.apache.maven.surefire.booter.ForkedBooter.invokeProviderInSameClassLoader(ForkedBooter.java:386)
	at org.apache.maven.surefire.booter.ForkedBooter.runSuitesInProcess(ForkedBooter.java:323)
	at org.apache.maven.surefire.booter.ForkedBooter.main(ForkedBooter.java:143)
Caused by: java.io.IOException: Error while instrumenting javax/script/SimpleBindings with JaCoCo 0.8.8.202204050719/5dcf34a.
	at org.jacoco.agent.rt.internal_b6258fc.core.instr.Instrumenter.instrumentError(Instrumenter.java:161)
	at org.jacoco.agent.rt.internal_b6258fc.core.instr.Instrumenter.instrument(Instrumenter.java:111)
	at org.jacoco.agent.rt.internal_b6258fc.CoverageTransformer.transform(CoverageTransformer.java:92)
	... 52 more
Caused by: java.lang.IllegalArgumentException: Unsupported class file major version 65
	at org.jacoco.agent.rt.internal_b6258fc.asm.ClassReader.<init>(ClassReader.java:199)
	at org.jacoco.agent.rt.internal_b6258fc.asm.ClassReader.<init>(ClassReader.java:180)
	at org.jacoco.agent.rt.internal_b6258fc.asm.ClassReader.<init>(ClassReader.java:166)
	at org.jacoco.agent.rt.internal_b6258fc.core.internal.instr.InstrSupport.classReaderFor(InstrSupport.java:280)
	at org.jacoco.agent.rt.internal_b6258fc.core.instr.Instrumenter.instrument(Instrumenter.java:77)
	at org.jacoco.agent.rt.internal_b6258fc.core.instr.Instrumenter.instrument(Instrumenter.java:109)
	... 53 more
java.lang.instrument.IllegalClassFormatException: Error while instrumenting javax/script/ScriptEngine with JaCoCo 0.8.8.202204050719/5dcf34a.
	at org.jacoco.agent.rt.internal_b6258fc.CoverageTransformer.transform(CoverageTransformer.java:94)
	at java.instrument/java.lang.instrument.ClassFileTransformer.transform(ClassFileTransformer.java:244)
	at java.instrument/sun.instrument.TransformerManager.transform(TransformerManager.java:188)
	at java.instrument/sun.instrument.InstrumentationImpl.transform(InstrumentationImpl.java:610)
	at java.base/java.lang.ClassLoader.defineClass2(Native Method)
	at java.base/java.lang.ClassLoader.defineClass(ClassLoader.java:1118)
	at java.base/java.security.SecureClassLoader.defineClass(SecureClassLoader.java:182)
	at java.base/jdk.internal.loader.BuiltinClassLoader.defineClass(BuiltinClassLoader.java:821)
	at java.base/jdk.internal.loader.BuiltinClassLoader.findClassInModuleOrNull(BuiltinClassLoader.java:741)
	at java.base/jdk.internal.loader.BuiltinClassLoader.loadClassOrNull(BuiltinClassLoader.java:665)
	at java.base/jdk.internal.loader.BuiltinClassLoader.loadClassOrNull(BuiltinClassLoader.java:700)
	at java.base/jdk.internal.loader.BuiltinClassLoader.loadClassOrNull(BuiltinClassLoader.java:669)
	at java.base/jdk.internal.loader.BuiltinClassLoader.loadClass(BuiltinClassLoader.java:639)
	at java.base/jdk.internal.loader.ClassLoaders$AppClassLoader.loadClass(ClassLoaders.java:188)
	at java.base/java.lang.ClassLoader.loadClass(ClassLoader.java:526)
	at java.base/java.lang.Class.getDeclaredConstructors0(Native Method)
	at java.base/java.lang.Class.privateGetDeclaredConstructors(Class.java:3551)
	at java.base/java.lang.Class.getConstructor0(Class.java:3756)
	at java.base/java.lang.Class.getConstructor(Class.java:2444)
	at java.base/java.util.ServiceLoader$1.run(ServiceLoader.java:666)
	at java.base/java.util.ServiceLoader$1.run(ServiceLoader.java:663)
	at java.base/java.security.AccessController.doPrivileged(AccessController.java:571)
	at java.base/java.util.ServiceLoader.getConstructor(ServiceLoader.java:674)
	at java.base/java.util.ServiceLoader$LazyClassPathLookupIterator.hasNextService(ServiceLoader.java:1240)
	at java.base/java.util.ServiceLoader$LazyClassPathLookupIterator.hasNext(ServiceLoader.java:1273)
	at java.base/java.util.ServiceLoader$2.hasNext(ServiceLoader.java:1309)
	at java.base/java.util.ServiceLoader$3.hasNext(ServiceLoader.java:1393)
	at java.scripting/javax.script.ScriptEngineManager.initEngines(ScriptEngineManager.java:103)
	at java.scripting/javax.script.ScriptEngineManager.<init>(ScriptEngineManager.java:76)
	at java.scripting/javax.script.ScriptEngineManager.<init>(ScriptEngineManager.java:63)
	at org.apache.logging.log4j.core.script.ScriptManager.<init>(ScriptManager.java:70)
	at org.apache.logging.log4j.core.config.AbstractConfiguration.initialize(AbstractConfiguration.java:221)
	at org.apache.logging.log4j.core.config.AbstractConfiguration.start(AbstractConfiguration.java:289)
	at org.apache.logging.log4j.core.LoggerContext.setConfiguration(LoggerContext.java:626)
	at org.apache.logging.log4j.core.LoggerContext.reconfigure(LoggerContext.java:699)
	at org.apache.logging.log4j.core.LoggerContext.reconfigure(LoggerContext.java:716)
	at org.apache.logging.log4j.core.LoggerContext.start(LoggerContext.java:270)
	at org.apache.logging.log4j.core.impl.Log4jContextFactory.getContext(Log4jContextFactory.java:155)
	at org.apache.logging.log4j.core.impl.Log4jContextFactory.getContext(Log4jContextFactory.java:47)
	at org.apache.logging.log4j.LogManager.getContext(LogManager.java:196)
	at org.apache.logging.log4j.spi.AbstractLoggerAdapter.getContext(AbstractLoggerAdapter.java:137)
	at org.apache.logging.slf4j.Log4jLoggerFactory.getContext(Log4jLoggerFactory.java:55)
	at org.apache.logging.log4j.spi.AbstractLoggerAdapter.getLogger(AbstractLoggerAdapter.java:47)
	at org.apache.logging.slf4j.Log4jLoggerFactory.getLogger(Log4jLoggerFactory.java:33)
	at org.slf4j.LoggerFactory.getLogger(LoggerFactory.java:358)
	at org.slf4j.LoggerFactory.getLogger(LoggerFactory.java:383)
	at org.apache.hugegraph.store.core.StoreEngineTestBase.<clinit>(StoreEngineTestBase.java:45)
	at java.base/jdk.internal.misc.Unsafe.ensureClassInitialized0(Native Method)
	at java.base/jdk.internal.misc.Unsafe.ensureClassInitialized(Unsafe.java:1160)
	at java.base/jdk.internal.reflect.MethodHandleAccessorFactory.ensureClassInitialized(MethodHandleAccessorFactory.java:300)
	at java.base/jdk.internal.reflect.MethodHandleAccessorFactory.newMethodAccessor(MethodHandleAccessorFactory.java:71)
	at java.base/jdk.internal.reflect.ReflectionFactory.newMethodAccessor(ReflectionFactory.java:159)
	at java.base/java.lang.reflect.Method.acquireMethodAccessor(Method.java:726)
	at java.base/java.lang.reflect.Method.invoke(Method.java:577)
	at org.junit.runners.model.FrameworkMethod$1.runReflectiveCall(FrameworkMethod.java:59)
	at org.junit.internal.runners.model.ReflectiveCallable.run(ReflectiveCallable.java:12)
	at org.junit.runners.model.FrameworkMethod.invokeExplosively(FrameworkMethod.java:56)
	at org.junit.internal.runners.statements.RunBefores.invokeMethod(RunBefores.java:33)
	at org.junit.internal.runners.statements.RunBefores.evaluate(RunBefores.java:24)
	at org.junit.internal.runners.statements.RunAfters.evaluate(RunAfters.java:27)
	at org.junit.runners.ParentRunner$3.evaluate(ParentRunner.java:306)
	at org.junit.runners.ParentRunner.run(ParentRunner.java:413)
	at org.apache.maven.surefire.junit4.JUnit4Provider.execute(JUnit4Provider.java:365)
	at org.apache.maven.surefire.junit4.JUnit4Provider.executeWithRerun(JUnit4Provider.java:272)
	at org.apache.maven.surefire.junit4.JUnit4Provider.executeTestSet(JUnit4Provider.java:236)
	at org.apache.maven.surefire.junit4.JUnit4Provider.invoke(JUnit4Provider.java:159)
	at org.apache.maven.surefire.booter.ForkedBooter.invokeProviderInSameClassLoader(ForkedBooter.java:386)
	at org.apache.maven.surefire.booter.ForkedBooter.runSuitesInProcess(ForkedBooter.java:323)
	at org.apache.maven.surefire.booter.ForkedBooter.main(ForkedBooter.java:143)
Caused by: java.io.IOException: Error while instrumenting javax/script/ScriptEngine with JaCoCo 0.8.8.202204050719/5dcf34a.
	at org.jacoco.agent.rt.internal_b6258fc.core.instr.Instrumenter.instrumentError(Instrumenter.java:161)
	at org.jacoco.agent.rt.internal_b6258fc.core.instr.Instrumenter.instrument(Instrumenter.java:111)
	at org.jacoco.agent.rt.internal_b6258fc.CoverageTransformer.transform(CoverageTransformer.java:92)
	... 68 more
Caused by: java.lang.IllegalArgumentException: Unsupported class file major version 65
	at org.jacoco.agent.rt.internal_b6258fc.asm.ClassReader.<init>(ClassReader.java:199)
	at org.jacoco.agent.rt.internal_b6258fc.asm.ClassReader.<init>(ClassReader.java:180)
	at org.jacoco.agent.rt.internal_b6258fc.asm.ClassReader.<init>(ClassReader.java:166)
	at org.jacoco.agent.rt.internal_b6258fc.core.internal.instr.InstrSupport.classReaderFor(InstrSupport.java:280)
	at org.jacoco.agent.rt.internal_b6258fc.core.instr.Instrumenter.instrument(Instrumenter.java:77)
	at org.jacoco.agent.rt.internal_b6258fc.core.instr.Instrumenter.instrument(Instrumenter.java:109)
	... 69 more
2026-09-13 18:04:31 [main] [INFO] o.a.h.s.o.RaftRocksdbOptions - RocksdbConfig -1
2026-09-13 18:04:31 [main] [WARN] o.a.h.c.OptionSpace - Already registered option holder: rocksdb (class org.apache.hugegraph.rocksdb.access.RocksDBOptions)
2026-09-13 18:04:31 [main] [WARN] o.a.h.c.HugeConfig - The config option 'rocksdb.write_cache' is redundant, please ensure it has been registered
2026-09-13 18:04:31 [main] [WARN] o.a.h.c.HugeConfig - The config option 'rocksdb.write_buffer_manager' is redundant, please ensure it has been registered
2026-09-13 18:04:31 [main] [WARN] o.a.h.c.HugeConfig - The config option 'rocksdb.env' is redundant, please ensure it has been registered
2026-09-13 18:04:31 [main] [WARN] o.a.h.c.HugeConfig - The config option 'rocksdb.block_table_config' is redundant, please ensure it has been registered
2026-09-13 18:04:31 [main] [WARN] o.a.h.c.HugeConfig - The config option 'rocksdb.block_cache' is redundant, please ensure it has been registered
2026-09-13 18:04:31 [main] [INFO] o.a.h.r.a.RocksDBFactory - create rocksdb for hgstore-metadata
2026-09-13 18:04:31 [main] [INFO] o.a.h.r.a.RocksDBSession - hgstore-metadata latest db path /tmp/junit/hgstore-metadata
2026-09-13 18:04:31 [main] [INFO] o.a.h.r.a.RocksDBSession - rocksdb use global WriteBufferManager
2026-09-13 18:04:31 [main] [INFO] c.a.s.j.u.JRaftServiceLoader - SPI service [com.alipay.sofa.jraft.util.timer.RaftTimerFactory - com.alipay.sofa.jraft.util.timer.DefaultRaftTimerFactory] loading.
2026-09-13 18:04:31 [main] [INFO] c.a.s.j.u.JRaftServiceLoader - SPI service [com.alipay.sofa.jraft.rpc.RaftRpcFactory - com.alipay.sofa.jraft.rpc.impl.BoltRaftRpcFactory] loading.
Sofa-Middleware-Log SLF4J : Actual binding is of type [ com.alipay.remoting Log4j2 ]
2026-09-13 18:04:32 [main] [INFO] c.a.s.c.log - Sofa-Middleware-Log SLF4J : Actual binding is of type [ com.alipay.remoting Log4j2 ]
2026-09-13 18:04:32 [hg-heartbeat] [INFO] o.a.h.s.p.FakePdServiceProvider - registerStore storeId:0, storeAddress:127.0.0.1:6511
2026-09-13 18:04:32 [main] [INFO] o.a.h.s.m.StoreMetadata - allocate db path using partition count: db count stats: {/tmp/junit=0}
2026-09-13 18:04:32 [main] [INFO] o.a.h.r.a.RocksDBFactory - create rocksdb for 00000
2026-09-13 18:04:32 [main] [INFO] o.a.h.r.a.RocksDBSession - 00000 latest db path /tmp/junit/db/00000
2026-09-13 18:04:32 [main] [INFO] o.a.h.r.a.RocksDBSession - rocksdb use global WriteBufferManager
2026-09-13 18:04:32 [hg-heartbeat] [INFO] o.a.h.s.HeartbeatService - Register Store id= -35791620 successfully. store = Store(version=1.7.0, id=-35791620, storeAddress=127.0.0.1:6511, pdAddress=null, raftAddress=127.0.0.1:6510, deployPath=/home/zy/code/hugegraph/hugegraph-store/hg-store-test/target/classes/, dataPath=/tmp/junit, dataVersion=1, partitionCount=0, startTime=0, usedSize=0, pdHeartbeatInterval=0, state=Unknown, labels=null, cores=16), clusterStats 
2026-09-13 18:04:32 [JRaft-Closure-Executor-0] [INFO] o.a.h.s.HgStoreEngine - stateChanged, oldState Unknown, newState Up
2026-09-13 18:04:32 [JRaft-Closure-Executor-0] [ERROR] o.a.h.s.m.PartitionManager - partition 0 Directory not exists,options /tmp/junit
2026-09-13 18:04:32 [main] [INFO] o.a.h.s.HgStoreEngine - createPartitionEngine 0, with shards: { id:-35791620,role:Leader }
2026-09-13 18:04:32 [main] [INFO] o.a.h.s.m.StoreMetadata - allocate db path using partition count: db count stats: {/tmp/junit=0}
2026-09-13 18:04:32 [main] [INFO] o.a.h.s.PartitionEngine - PartitionEngine starting: PartitionEngine{groupId =0, isLeader=false, options=PartitionEngineOptions(taskScheduleTime=60, splitPartitionTimeout=1800000, raftOptions=HgStoreEngineOptions.RaftOptions(rpcConnectTimeoutMs=1000, electionTimeoutMs=3000, rpcInstallSnapshotTimeout=3600000, waitLeaderTimeout=30, maxEntriesSize=256, maxBodySize=524288, overloadRateLimit=100, keepInMemorySegmentCount=2, preAllocateSegmentCount=1, splitPartitionLogIndexMargin=10, rpcDefaultTimeout=5000, snapshotIntervalSecs=3600, snapshotDownloadingThreads=4, snapshotLogIndexMargin=1024, metrics=true, disruptorBufferSize=4096, maxReplicatorInflightMsgs=256, maxLogSize=104857600, aveLogEntrySizeRatio=0.95, useRocksDBSegmentLogStorage=true, maxSegmentFileSize=67108864), raftDataPath=/tmp/junit/raft/00000, raftSnapShotPath=/tmp/junit/raft/00000, groupId=0, raftAddress=127.0.0.1:6510, peerList=[127.0.0.1:6510::100], conf=null, taskHandler=null)}
2026-09-13 18:04:32 [main] [INFO] c.a.s.j.u.JRaftServiceLoader - SPI service [com.alipay.sofa.jraft.JRaftServiceFactory - com.alipay.sofa.jraft.core.DefaultJRaftServiceFactory] loading.
2026-09-13 18:04:32 [main] [INFO] c.a.s.j.u.JRaftServiceLoader - SPI service [com.alipay.sofa.jraft.util.JRaftSignalHandler - com.alipay.sofa.jraft.NodeDescribeSignalHandler] loading.
2026-09-13 18:04:32 [main] [INFO] c.a.s.j.u.JRaftServiceLoader - SPI service [com.alipay.sofa.jraft.util.JRaftSignalHandler - com.alipay.sofa.jraft.NodeMetricsSignalHandler] loading.
2026-09-13 18:04:32 [main] [INFO] c.a.s.j.u.JRaftServiceLoader - SPI service [com.alipay.sofa.jraft.util.JRaftSignalHandler - com.alipay.sofa.jraft.ThreadPoolMetricsSignalHandler] loading.
2026-09-13 18:04:32 [main] [INFO] c.a.s.j.c.NodeImpl - The number of active nodes increment to 1.
2026-09-13 18:04:32 [main] [INFO] c.a.s.j.s.l.RocksDBSegmentLogStorage - RocksDBSegmentLogStorage Loaded 0 segment files and  0 blank segment files from path /tmp/junit/raft/00000/log/segments.
2026-09-13 18:04:32 [main] [INFO] c.a.s.j.s.l.RocksDBSegmentLogStorage - RocksDBSegmentLogStorage segments: 
[
]
2026-09-13 18:04:32 [main] [INFO] c.a.s.j.s.l.RocksDBSegmentLogStorage - RocksDBSegmentLogStorage started checkpoint task.
2026-09-13 18:04:32 [main] [INFO] c.a.s.j.s.l.SegmentFile - Created a new segment file /tmp/junit/raft/00000/log/segments/0000000000000000000.s cost 9 ms, wrotePosition=18, bufferPosition=18, mappedSize=1073741824.
2026-09-13 18:04:32 [main] [INFO] c.a.s.j.s.l.RocksDBSegmentLogStorage - Create a new segment file /tmp/junit/raft/00000/log/segments/0000000000000000000.s.
2026-09-13 18:04:32 [main] [INFO] c.a.s.j.s.l.RocksDBSegmentLogStorage - RocksDBSegmentLogStorage init and load cost 17 ms.
2026-09-13 18:04:32 [SegmentAllocator] [INFO] c.a.s.j.s.l.RocksDBSegmentLogStorage - SegmentAllocator is started.
2026-09-13 18:04:32 [SegmentAllocator] [INFO] c.a.s.j.s.l.SegmentFile - Created a new segment file /tmp/junit/raft/00000/log/segments/0000000000000000001.s cost 5 ms, wrotePosition=18, bufferPosition=18, mappedSize=1073741824.
2026-09-13 18:04:32 [SegmentAllocator] [INFO] c.a.s.j.s.l.RocksDBSegmentLogStorage - Create a new segment file /tmp/junit/raft/00000/log/segments/0000000000000000001.s.
2026-09-13 18:04:32 [main] [INFO] c.a.s.j.c.FSMCallerImpl - Starts FSMCaller successfully.
2026-09-13 18:04:32 [main] [WARN] c.a.s.j.s.s.l.LocalSnapshotStorage - No data for snapshot reader /tmp/junit/raft/00000/snapshot.
2026-09-13 18:04:32 [main] [INFO] c.a.s.j.c.NodeImpl - Node <hg_0/127.0.0.1:6510> init, term=0, lastLogId=LogId [index=0, term=0], conf=127.0.0.1:6510::100, oldConf=.
2026-09-13 18:04:32 [main] [INFO] c.a.s.j.c.NodeImpl - Node <hg_0/127.0.0.1:6510> start vote and grant vote self, term=0.
2026-09-13 18:04:32 [main] [INFO] c.a.s.j.s.i.LocalRaftMetaStorage - Save raft meta, path=/tmp/junit/raft/00000/meta, term=1, votedFor=127.0.0.1:6510, cost time=17 ms
2026-09-13 18:04:32 [main] [INFO] c.a.s.j.c.NodeImpl - Node <hg_0/127.0.0.1:6510> become leader of group, term=1, conf=127.0.0.1:6510::100, oldConf=.
2026-09-13 18:04:32 [main] [INFO] c.a.s.j.u.Recyclers - -Djraft.recyclers.maxCapacityPerThread: 4096.
2026-09-13 18:04:32 [main] [WARN] c.a.s.j.RaftGroupService - RPC server is not started in RaftGroupService.
2026-09-13 18:04:32 [main] [INFO] c.a.s.j.RaftGroupService - Start the RaftGroupService successfully.
2026-09-13 18:04:32 [main] [INFO] o.a.h.s.PartitionEngine - PartitionEngine start successfully: id = 0, peers list = [127.0.0.1:6510::100]
2026-09-13 18:04:32 [JRaft-FSMCaller-Disruptor-0] [INFO] c.a.s.j.c.StateMachineAdapter - onLeaderStart: term=1.
2026-09-13 18:04:32 [JRaft-FSMCaller-Disruptor-0] [INFO] o.a.h.s.r.PartitionStateMachine - Raft 0 becomes leader 
2026-09-13 18:04:32 [JRaft-Closure-Executor-3] [INFO] o.a.h.s.PartitionEngine - Raft 0 onLeaderStart newTerm is 1
2026-09-13 18:04:32 [JRaft-Closure-Executor-3] [INFO] o.a.h.s.PartitionEngine - Raft 0 onConfigurationCommitted, conf is 127.0.0.1:6510::100
2026-09-13 18:04:32 [JRaft-Closure-Executor-3] [INFO] o.a.h.s.PartitionEngine - Raft 0 onConfigurationCommitted, shardGroup [store_id: 18446744073673759996
role: Leader
]
2026-09-13 18:04:32 [main] [INFO] o.a.h.s.m.GraphIdManager - partition: 0, Graph ID 0 is allocated for graph LoadSnapshot-graph1, stack: [java.base/java.lang.Thread.getStackTrace(Thread.java:2451), org.apache.hugegraph.store.meta.GraphIdManager.getGraphIdOrCreate(GraphIdManager.java:98), org.apache.hugegraph.store.business.InnerKeyCreator.getGraphIdOrCreate(InnerKeyCreator.java:64), org.apache.hugegraph.store.business.InnerKeyCreator.getKeyOrCreate(InnerKeyCreator.java:90), org.apache.hugegraph.store.business.BusinessHandlerImpl.doPut(BusinessHandlerImpl.java:281), org.apache.hugegraph.store.core.HgBusinessImplTest.testLoadSnapshot(HgBusinessImplTest.java:113), java.base/jdk.internal.reflect.DirectMethodHandleAccessor.invoke(DirectMethodHandleAccessor.java:103), java.base/java.lang.reflect.Method.invoke(Method.java:580), org.junit.runners.model.FrameworkMethod$1.runReflectiveCall(FrameworkMethod.java:59), org.junit.internal.runners.model.ReflectiveCallable.run(ReflectiveCallable.java:12), org.junit.runners.model.FrameworkMethod.invokeExplosively(FrameworkMethod.java:56), org.junit.internal.runners.statements.InvokeMethod.evaluate(InvokeMethod.java:17), org.junit.runners.ParentRunner$3.evaluate(ParentRunner.java:306), org.junit.runners.BlockJUnit4ClassRunner$1.evaluate(BlockJUnit4ClassRunner.java:100), org.junit.runners.ParentRunner.runLeaf(ParentRunner.java:366), org.junit.runners.BlockJUnit4ClassRunner.runChild(BlockJUnit4ClassRunner.java:103), org.junit.runners.BlockJUnit4ClassRunner.runChild(BlockJUnit4ClassRunner.java:63), org.junit.runners.ParentRunner$4.run(ParentRunner.java:331), org.junit.runners.ParentRunner$1.schedule(ParentRunner.java:79), org.junit.runners.ParentRunner.runChildren(ParentRunner.java:329), org.junit.runners.ParentRunner.access$100(ParentRunner.java:66), org.junit.runners.ParentRunner$2.evaluate(ParentRunner.java:293), org.junit.internal.runners.statements.RunBefores.evaluate(RunBefores.java:26), org.junit.internal.runners.statements.RunAfters.evaluate(RunAfters.java:27), org.junit.runners.ParentRunner$3.evaluate(ParentRunner.java:306), org.junit.runners.ParentRunner.run(ParentRunner.java:413), org.apache.maven.surefire.junit4.JUnit4Provider.execute(JUnit4Provider.java:365), org.apache.maven.surefire.junit4.JUnit4Provider.executeWithRerun(JUnit4Provider.java:272), org.apache.maven.surefire.junit4.JUnit4Provider.executeTestSet(JUnit4Provider.java:236), org.apache.maven.surefire.junit4.JUnit4Provider.invoke(JUnit4Provider.java:159), org.apache.maven.surefire.booter.ForkedBooter.invokeProviderInSameClassLoader(ForkedBooter.java:386), org.apache.maven.surefire.booter.ForkedBooter.runSuitesInProcess(ForkedBooter.java:323), org.apache.maven.surefire.booter.ForkedBooter.main(ForkedBooter.java:143)]
255
2026-09-13 18:04:32 [main] [WARN] o.a.h.s.b.BusinessHandlerImpl - close all db!!! 
2026-09-13 18:04:32 [main] [INFO] o.a.h.r.a.RocksDBFactory - close 00000 's  rocksdb.
2026-09-13 18:04:32 [main] [INFO] o.a.h.r.a.RocksDBSession - shutdown db 00000, path is /tmp/junit/db/00000 
2026-09-13 18:04:32 [main] [INFO] o.a.h.r.a.RocksDBFactory - close hgstore-metadata 's  rocksdb.
2026-09-13 18:04:32 [main] [INFO] o.a.h.r.a.RocksDBSession - shutdown db hgstore-metadata, path is /tmp/junit/hgstore-metadata 
start loadSnapshot
2026-09-13 18:04:32 [main] [INFO] o.a.h.r.a.RocksDBFactory - create rocksdb for hgstore-metadata
2026-09-13 18:04:32 [main] [INFO] o.a.h.r.a.RocksDBSession - hgstore-metadata latest db path /tmp/junit/hgstore-metadata
2026-09-13 18:04:32 [main] [INFO] o.a.h.r.a.RocksDBSession - rocksdb use global WriteBufferManager
2026-09-13 18:04:32 [main] [INFO] o.a.h.r.a.RocksDBFactory - create rocksdb for 00000
2026-09-13 18:04:32 [main] [INFO] o.a.h.r.a.RocksDBSession - 00000 latest db path /tmp/junit/db/00000
2026-09-13 18:04:32 [main] [INFO] o.a.h.r.a.RocksDBSession - rocksdb use global WriteBufferManager
2026-09-13 18:04:32 [main] [INFO] o.a.h.r.a.RocksDBSession - begin load snapshot from /tmp/junit/db/00000
2026-09-13 18:04:32 [main] [INFO] o.a.h.r.a.RocksDBSession - verifySnapshot /tmp/junit/db/00000_10_temp_ Ok
2026-09-13 18:04:32 [main] [INFO] o.a.h.r.a.RocksDBSession - loaded snapshot from /tmp/junit/db/00000, time cost 3 ms
2026-09-13 18:04:32 [main] [INFO] o.a.h.r.a.RocksDBFactory - destroy 00000 's  rocksdb.
2026-09-13 18:04:32 [main] [INFO] o.a.h.r.a.RocksDBFactory - close 00000 's  rocksdb.
2026-09-13 18:04:32 [main] [INFO] o.a.h.r.a.RocksDBSession - shutdown db 00000, path is /tmp/junit/db/00000 
2026-09-13 18:04:32 [main] [INFO] o.a.h.r.a.RocksDBFactory - create rocksdb for 00000
2026-09-13 18:04:32 [main] [INFO] o.a.h.r.a.RocksDBSession - 00000 latest db path /tmp/junit/db/00000_10
2026-09-13 18:04:32 [main] [INFO] o.a.h.r.a.RocksDBSession - rocksdb use global WriteBufferManager
/tmp/junit/db/00000_10
2026-09-13 18:04:33 [main] [INFO] o.a.h.s.m.GraphIdManager - partition: 0, Graph ID 1 is allocated for graph testPut-graph1, stack: [java.base/java.lang.Thread.getStackTrace(Thread.java:2451), org.apache.hugegraph.store.meta.GraphIdManager.getGraphIdOrCreate(GraphIdManager.java:98), org.apache.hugegraph.store.business.InnerKeyCreator.getGraphIdOrCreate(InnerKeyCreator.java:64), org.apache.hugegraph.store.business.InnerKeyCreator.getKeyOrCreate(InnerKeyCreator.java:90), org.apache.hugegraph.store.business.BusinessHandlerImpl.doPut(BusinessHandlerImpl.java:281), org.apache.hugegraph.store.core.HgBusinessImplTest.testPut(HgBusinessImplTest.java:53), java.base/jdk.internal.reflect.DirectMethodHandleAccessor.invoke(DirectMethodHandleAccessor.java:103), java.base/java.lang.reflect.Method.invoke(Method.java:580), org.junit.runners.model.FrameworkMethod$1.runReflectiveCall(FrameworkMethod.java:59), org.junit.internal.runners.model.ReflectiveCallable.run(ReflectiveCallable.java:12), org.junit.runners.model.FrameworkMethod.invokeExplosively(FrameworkMethod.java:56), org.junit.internal.runners.statements.InvokeMethod.evaluate(InvokeMethod.java:17), org.junit.runners.ParentRunner$3.evaluate(ParentRunner.java:306), org.junit.runners.BlockJUnit4ClassRunner$1.evaluate(BlockJUnit4ClassRunner.java:100), org.junit.runners.ParentRunner.runLeaf(ParentRunner.java:366), org.junit.runners.BlockJUnit4ClassRunner.runChild(BlockJUnit4ClassRunner.java:103), org.junit.runners.BlockJUnit4ClassRunner.runChild(BlockJUnit4ClassRunner.java:63), org.junit.runners.ParentRunner$4.run(ParentRunner.java:331), org.junit.runners.ParentRunner$1.schedule(ParentRunner.java:79), org.junit.runners.ParentRunner.runChildren(ParentRunner.java:329), org.junit.runners.ParentRunner.access$100(ParentRunner.java:66), org.junit.runners.ParentRunner$2.evaluate(ParentRunner.java:293), org.junit.internal.runners.statements.RunBefores.evaluate(RunBefores.java:26), org.junit.internal.runners.statements.RunAfters.evaluate(RunAfters.java:27), org.junit.runners.ParentRunner$3.evaluate(ParentRunner.java:306), org.junit.runners.ParentRunner.run(ParentRunner.java:413), org.apache.maven.surefire.junit4.JUnit4Provider.execute(JUnit4Provider.java:365), org.apache.maven.surefire.junit4.JUnit4Provider.executeWithRerun(JUnit4Provider.java:272), org.apache.maven.surefire.junit4.JUnit4Provider.executeTestSet(JUnit4Provider.java:236), org.apache.maven.surefire.junit4.JUnit4Provider.invoke(JUnit4Provider.java:159), org.apache.maven.surefire.booter.ForkedBooter.invokeProviderInSameClassLoader(ForkedBooter.java:386), org.apache.maven.surefire.booter.ForkedBooter.runSuitesInProcess(ForkedBooter.java:323), org.apache.maven.surefire.booter.ForkedBooter.main(ForkedBooter.java:143)]
2026-09-13 18:04:33 [SegmentAllocator] [INFO] c.a.s.j.s.l.SegmentFile - Created a new segment file /tmp/junit/raft/00000/log/segments/0000000000000000002.s cost 7 ms, wrotePosition=18, bufferPosition=18, mappedSize=1073741824.
2026-09-13 18:04:33 [SegmentAllocator] [INFO] c.a.s.j.s.l.RocksDBSegmentLogStorage - Create a new segment file /tmp/junit/raft/00000/log/segments/0000000000000000002.s.
2026-09-13 18:04:33 [JRaft-FSMCaller-Disruptor-0] [INFO] o.a.h.s.PartitionEngine - receive sync partition graph_name: "testPut-graph1"
end_key: 65535
version: 1
state: PState_Normal

2026-09-13 18:04:33 [JRaft-FSMCaller-Disruptor-0] [INFO] o.a.h.s.HgStoreEngine - Partition testPut-graph1-0-PState_Normal sync partition status is Status[OK]
2026-09-13 18:04:33 [JRaft-FSMCaller-Disruptor-0] [INFO] o.a.h.s.PartitionEngine - receive sync partition graph_name: "testPut-graph2"
end_key: 65535
version: 1
state: PState_Normal

2026-09-13 18:04:33 [JRaft-FSMCaller-Disruptor-0] [INFO] o.a.h.s.HgStoreEngine - Partition testPut-graph2-0-PState_Normal sync partition status is Status[OK]
2026-09-13 18:04:33 [main] [INFO] o.a.h.s.m.GraphIdManager - partition: 0, Graph ID 2 is allocated for graph testPut-graph2, stack: [java.base/java.lang.Thread.getStackTrace(Thread.java:2451), org.apache.hugegraph.store.meta.GraphIdManager.getGraphIdOrCreate(GraphIdManager.java:98), org.apache.hugegraph.store.business.InnerKeyCreator.getGraphIdOrCreate(InnerKeyCreator.java:64), org.apache.hugegraph.store.business.InnerKeyCreator.getKeyOrCreate(InnerKeyCreator.java:90), org.apache.hugegraph.store.business.BusinessHandlerImpl.doPut(BusinessHandlerImpl.java:281), org.apache.hugegraph.store.core.HgBusinessImplTest.testPut(HgBusinessImplTest.java:58), java.base/jdk.internal.reflect.DirectMethodHandleAccessor.invoke(DirectMethodHandleAccessor.java:103), java.base/java.lang.reflect.Method.invoke(Method.java:580), org.junit.runners.model.FrameworkMethod$1.runReflectiveCall(FrameworkMethod.java:59), org.junit.internal.runners.model.ReflectiveCallable.run(ReflectiveCallable.java:12), org.junit.runners.model.FrameworkMethod.invokeExplosively(FrameworkMethod.java:56), org.junit.internal.runners.statements.InvokeMethod.evaluate(InvokeMethod.java:17), org.junit.runners.ParentRunner$3.evaluate(ParentRunner.java:306), org.junit.runners.BlockJUnit4ClassRunner$1.evaluate(BlockJUnit4ClassRunner.java:100), org.junit.runners.ParentRunner.runLeaf(ParentRunner.java:366), org.junit.runners.BlockJUnit4ClassRunner.runChild(BlockJUnit4ClassRunner.java:103), org.junit.runners.BlockJUnit4ClassRunner.runChild(BlockJUnit4ClassRunner.java:63), org.junit.runners.ParentRunner$4.run(ParentRunner.java:331), org.junit.runners.ParentRunner$1.schedule(ParentRunner.java:79), org.junit.runners.ParentRunner.runChildren(ParentRunner.java:329), org.junit.runners.ParentRunner.access$100(ParentRunner.java:66), org.junit.runners.ParentRunner$2.evaluate(ParentRunner.java:293), org.junit.internal.runners.statements.RunBefores.evaluate(RunBefores.java:26), org.junit.internal.runners.statements.RunAfters.evaluate(RunAfters.java:27), org.junit.runners.ParentRunner$3.evaluate(ParentRunner.java:306), org.junit.runners.ParentRunner.run(ParentRunner.java:413), org.apache.maven.surefire.junit4.JUnit4Provider.execute(JUnit4Provider.java:365), org.apache.maven.surefire.junit4.JUnit4Provider.executeWithRerun(JUnit4Provider.java:272), org.apache.maven.surefire.junit4.JUnit4Provider.executeTestSet(JUnit4Provider.java:236), org.apache.maven.surefire.junit4.JUnit4Provider.invoke(JUnit4Provider.java:159), org.apache.maven.surefire.booter.ForkedBooter.invokeProviderInSameClassLoader(ForkedBooter.java:386), org.apache.maven.surefire.booter.ForkedBooter.runSuitesInProcess(ForkedBooter.java:323), org.apache.maven.surefire.booter.ForkedBooter.main(ForkedBooter.java:143)]
--------------------dump all -------
testPut-graph1-0-default--------
HUGEGRAPH/CID/@GRAPH_ID@ -- 4855474547524150482f4349442f4047524150485f494440
HUGEGRAPH/CID_SLOT/@GRAPH_ID@/                                                                 -- 4855474547524150482f4349445f534c4f542f4047524150485f4944402f00000000000000000000000000000000000000000000000000000000000000000000000000000000000000000000000000000000000000000000000000000000
HUGEGRAPH/CID_SLOT/@GRAPH_ID@/                                                                -- 4855474547524150482f4349445f534c4f542f4047524150485f4944402f00000000000000010000000000000000000000000000000000000000000000000000000000000000000000000000000000000000000000000000000000000000
HUGEGRAPH/CID_SLOT/@GRAPH_ID@/                                                                -- 4855474547524150482f4349445f534c4f542f4047524150485f4944402f00000000000000020000000000000000000000000000000000000000000000000000000000000000000000000000000000000000000000000000000000000000
HUGEGRAPH/GRAPH_ID/LoadSnapshot-graph1 -- 4855474547524150482f47524150485f49442f4c6f6164536e617073686f742d677261706831
HUGEGRAPH/GRAPH_ID/testPut-graph1 -- 4855474547524150482f47524150485f49442f746573745075742d677261706831
HUGEGRAPH/GRAPH_ID/testPut-graph2 -- 4855474547524150482f47524150485f49442f746573745075742d677261706832
HUGEGRAPH/PARTITION/LoadSnapshot-graph1/0 -- 4855474547524150482f504152544954494f4e2f4c6f6164536e617073686f742d6772617068312f30
HUGEGRAPH/PARTITION/testPut-graph1/0 -- 4855474547524150482f504152544954494f4e2f746573745075742d6772617068312f30
HUGEGRAPH/PARTITION/testPut-graph2/0 -- 4855474547524150482f504152544954494f4e2f746573745075742d6772617068322f30
HUGEGRAPH/SHARDGROUP/0 -- 4855474547524150482f534841524447524f55502f30
testPut-graph1-0-unknown--------
  key0   -- 00006b6579300000
  key1  -- 00006b6579310001
  key10 
 -- 00006b65793130000a
  key100 d -- 00006b65793130300064
  key101 e -- 00006b65793130310065
  key102 f -- 00006b65793130320066
  key103 g -- 00006b65793130330067
  key104 h -- 00006b65793130340068
  key105 i -- 00006b65793130350069
  key106 j -- 00006b6579313036006a
  key107 k -- 00006b6579313037006b
  key108 l -- 00006b6579313038006c
  key109 m -- 00006b6579313039006d
  key11  -- 00006b65793131000b
  key110 n -- 00006b6579313130006e
  key111 o -- 00006b6579313131006f
  key112 p -- 00006b65793131320070
  key113 q -- 00006b65793131330071
  key114 r -- 00006b65793131340072
  key115 s -- 00006b65793131350073
  key116 t -- 00006b65793131360074
  key117 u -- 00006b65793131370075
  key118 v -- 00006b65793131380076
  key119 w -- 00006b65793131390077
  key12  -- 00006b65793132000c
  key120 x -- 00006b65793132300078
  key121 y -- 00006b65793132310079
  key122 z -- 00006b6579313232007a
  key123 { -- 00006b6579313233007b
  key124 | -- 00006b6579313234007c
  key125 } -- 00006b6579313235007d
  key126 ~ -- 00006b6579313236007e
  key127  -- 00006b6579313237007f
  key128 � -- 00006b65793132380080
  key129 � -- 00006b65793132390081
  key13  -- 00006b65793133000d
  key130 � -- 00006b65793133300082
  key131 � -- 00006b65793133310083
  key132 � -- 00006b65793133320084
  key133 � -- 00006b65793133330085
  key134 � -- 00006b65793133340086
  key135 � -- 00006b65793133350087
  key136 � -- 00006b65793133360088
  key137 � -- 00006b65793133370089
  key138 � -- 00006b6579313338008a
  key139 � -- 00006b6579313339008b
  key14  -- 00006b65793134000e
  key140 � -- 00006b6579313430008c
  key141 � -- 00006b6579313431008d
  key142 � -- 00006b6579313432008e
  key143 � -- 00006b6579313433008f
  key144 � -- 00006b65793134340090
  key145 � -- 00006b65793134350091
  key146 � -- 00006b65793134360092
  key147 � -- 00006b65793134370093
  key148 � -- 00006b65793134380094
  key149 � -- 00006b65793134390095
  key15  -- 00006b65793135000f
  key150 � -- 00006b65793135300096
  key151 � -- 00006b65793135310097
  key152 � -- 00006b65793135320098
  key153 � -- 00006b65793135330099
  key154 � -- 00006b6579313534009a
  key155 � -- 00006b6579313535009b
  key156 � -- 00006b6579313536009c
  key157 � -- 00006b6579313537009d
  key158 � -- 00006b6579313538009e
  key159 � -- 00006b6579313539009f
  key16  -- 00006b657931360010
  key160 � -- 00006b657931363000a0
  key161 � -- 00006b657931363100a1
  key162 � -- 00006b657931363200a2
  key163 � -- 00006b657931363300a3
  key164 � -- 00006b657931363400a4
  key165 � -- 00006b657931363500a5
  key166 � -- 00006b657931363600a6
  key167 � -- 00006b657931363700a7
  key168 � -- 00006b657931363800a8
  key169 � -- 00006b657931363900a9
  key17  -- 00006b657931370011
  key170 � -- 00006b657931373000aa
  key171 � -- 00006b657931373100ab
  key172 � -- 00006b657931373200ac
  key173 � -- 00006b657931373300ad
  key174 � -- 00006b657931373400ae
  key175 � -- 00006b657931373500af
  key176 � -- 00006b657931373600b0
  key177 � -- 00006b657931373700b1
  key178 � -- 00006b657931373800b2
  key179 � -- 00006b657931373900b3
  key18  -- 00006b657931380012
  key180 � -- 00006b657931383000b4
  key181 � -- 00006b657931383100b5
  key182 � -- 00006b657931383200b6
  key183 � -- 00006b657931383300b7
  key184 � -- 00006b657931383400b8
  key185 � -- 00006b657931383500b9
  key186 � -- 00006b657931383600ba
  key187 � -- 00006b657931383700bb
  key188 � -- 00006b657931383800bc
  key189 � -- 00006b657931383900bd
  key19  -- 00006b657931390013
  key190 � -- 00006b657931393000be
  key191 � -- 00006b657931393100bf
  key192 � -- 00006b657931393200c0
  key193 � -- 00006b657931393300c1
  key194 � -- 00006b657931393400c2
  key195 � -- 00006b657931393500c3
  key196 � -- 00006b657931393600c4
  key197 � -- 00006b657931393700c5
  key198 � -- 00006b657931393800c6
  key199 � -- 00006b657931393900c7
  key2  -- 00006b6579320002
  key20  -- 00006b657932300014
  key200 � -- 00006b657932303000c8
  key201 � -- 00006b657932303100c9
  key202 � -- 00006b657932303200ca
  key203 � -- 00006b657932303300cb
  key204 � -- 00006b657932303400cc
  key205 � -- 00006b657932303500cd
  key206 � -- 00006b657932303600ce
  key207 � -- 00006b657932303700cf
  key208 � -- 00006b657932303800d0
  key209 � -- 00006b657932303900d1
  key21  -- 00006b657932310015
  key210 � -- 00006b657932313000d2
  key211 � -- 00006b657932313100d3
  key212 � -- 00006b657932313200d4
  key213 � -- 00006b657932313300d5
  key214 � -- 00006b657932313400d6
  key215 � -- 00006b657932313500d7
  key216 � -- 00006b657932313600d8
  key217 � -- 00006b657932313700d9
  key218 � -- 00006b657932313800da
  key219 � -- 00006b657932313900db
  key22  -- 00006b657932320016
  key220 � -- 00006b657932323000dc
  key221 � -- 00006b657932323100dd
  key222 � -- 00006b657932323200de
  key223 � -- 00006b657932323300df
  key224 � -- 00006b657932323400e0
  key225 � -- 00006b657932323500e1
  key226 � -- 00006b657932323600e2
  key227 � -- 00006b657932323700e3
  key228 � -- 00006b657932323800e4
  key229 � -- 00006b657932323900e5
  key23  -- 00006b657932330017
  key230 � -- 00006b657932333000e6
  key231 � -- 00006b657932333100e7
  key232 � -- 00006b657932333200e8
  key233 � -- 00006b657932333300e9
  key234 � -- 00006b657932333400ea
  key235 � -- 00006b657932333500eb
  key236 � -- 00006b657932333600ec
  key237 � -- 00006b657932333700ed
  key238 � -- 00006b657932333800ee
  key239 � -- 00006b657932333900ef
  key24  -- 00006b657932340018
  key240 � -- 00006b657932343000f0
  key241 � -- 00006b657932343100f1
  key242 � -- 00006b657932343200f2
  key243 � -- 00006b657932343300f3
  key244 � -- 00006b657932343400f4
  key245 � -- 00006b657932343500f5
  key246 � -- 00006b657932343600f6
  key247 � -- 00006b657932343700f7
  key248 � -- 00006b657932343800f8
  key249 � -- 00006b657932343900f9
  key25  -- 00006b657932350019
  key250 � -- 00006b657932353000fa
  key251 � -- 00006b657932353100fb
  key252 � -- 00006b657932353200fc
  key253 � -- 00006b657932353300fd
  key254 � -- 00006b657932353400fe
  key255 � -- 00006b657932353500ff
  key26  -- 00006b65793236001a
  key27  -- 00006b65793237001b
  key28  -- 00006b65793238001c
  key29  -- 00006b65793239001d
  key3  -- 00006b6579330003
  key30  -- 00006b65793330001e
  key31  -- 00006b65793331001f
  key32   -- 00006b657933320020
  key33 ! -- 00006b657933330021
  key34 " -- 00006b657933340022
  key35 # -- 00006b657933350023
  key36 $ -- 00006b657933360024
  key37 % -- 00006b657933370025
  key38 & -- 00006b657933380026
  key39 ' -- 00006b657933390027
  key4  -- 00006b6579340004
  key40 ( -- 00006b657934300028
  key41 ) -- 00006b657934310029
  key42 * -- 00006b65793432002a
  key43 + -- 00006b65793433002b
  key44 , -- 00006b65793434002c
  key45 - -- 00006b65793435002d
  key46 . -- 00006b65793436002e
  key47 / -- 00006b65793437002f
  key48 0 -- 00006b657934380030
  key49 1 -- 00006b657934390031
  key5  -- 00006b6579350005
  key50 2 -- 00006b657935300032
  key51 3 -- 00006b657935310033
  key52 4 -- 00006b657935320034
  key53 5 -- 00006b657935330035
  key54 6 -- 00006b657935340036
  key55 7 -- 00006b657935350037
  key56 8 -- 00006b657935360038
  key57 9 -- 00006b657935370039
  key58 : -- 00006b65793538003a
  key59 ; -- 00006b65793539003b
  key6  -- 00006b6579360006
  key60 < -- 00006b65793630003c
  key61 = -- 00006b65793631003d
  key62 > -- 00006b65793632003e
  key63 ? -- 00006b65793633003f
  key64 @ -- 00006b657936340040
  key65 A -- 00006b657936350041
  key66 B -- 00006b657936360042
  key67 C -- 00006b657936370043
  key68 D -- 00006b657936380044
  key69 E -- 00006b657936390045
  key7  -- 00006b6579370007
  key70 F -- 00006b657937300046
  key71 G -- 00006b657937310047
  key72 H -- 00006b657937320048
  key73 I -- 00006b657937330049
  key74 J -- 00006b65793734004a
  key75 K -- 00006b65793735004b
  key76 L -- 00006b65793736004c
  key77 M -- 00006b65793737004d
  key78 N -- 00006b65793738004e
  key79 O -- 00006b65793739004f
  key8  -- 00006b6579380008
  key80 P -- 00006b657938300050
  key81 Q -- 00006b657938310051
  key82 R -- 00006b657938320052
  key83 S -- 00006b657938330053
  key84 T -- 00006b657938340054
  key85 U -- 00006b657938350055
  key86 V -- 00006b657938360056
  key87 W -- 00006b657938370057
  key88 X -- 00006b657938380058
  key89 Y -- 00006b657938390059
  key9 	 -- 00006b6579390009
  key90 Z -- 00006b65793930005a
  key91 [ -- 00006b65793931005b
  key92 \ -- 00006b65793932005c
  key93 ] -- 00006b65793933005d
  key94 ^ -- 00006b65793934005e
  key95 _ -- 00006b65793935005f
  key96 ` -- 00006b657939360060
  key97 a -- 00006b657939370061
  key98 b -- 00006b657939380062
  key99 c -- 00006b657939390063
 key1   -- 00016b6579310000
 key2  -- 00016b657932000f
 key3 � -- 00016b65793300ff
 key4� -- 00016b6579340fff
 key21   -- 00026b657932310000
 key22  -- 00026b65793232000f
 key23 � -- 00026b6579323300ff
 key24� -- 00026b657932340fff
--------------------dump scan 0 0xff -------
key1   -- 6b6579310000
key2  -- 6b657932000f
--------------------dump scan prefix -------
key1 -- 6b657931
key2 -- 6b657932
key3 -- 6b657933
key4 -- 6b657934
--------------------dump scan range key1 key4 -------
key1 -- 6b657931
key2 -- 6b657932
key3 -- 6b657933
2026-09-13 18:04:33 [main] [INFO] o.a.h.s.b.BusinessHandlerImpl - cleanPartition: graph testPut-graph1, part id: 0, 0 -> 65536, cleanType:CLEAN_TYPE_KEEP_RANGE
2026-09-13 18:04:33 [JRaft-Closure-Executor-6] [INFO] o.a.h.s.b.BusinessHandlerImpl - Partition testPut-graph1-0 cleanPartition begin... graph_name: "testPut-graph1"
end_key: 65536
version: 1
state: PState_Normal

2026-09-13 18:04:33 [JRaft-FSMCaller-Disruptor-0] [INFO] o.a.h.s.PartitionEngine - receive sync partition graph_name: "testPut-graph1"
end_key: 65536
version: 1
state: PState_Normal

2026-09-13 18:04:33 [JRaft-FSMCaller-Disruptor-0] [INFO] o.a.h.s.HgStoreEngine - Partition testPut-graph1-0-PState_Normal sync partition status is Status[OK]
2026-09-13 18:04:33 [JRaft-Closure-Executor-6] [INFO] o.a.h.s.b.BusinessHandlerImpl - partition testPut-graph1-0, table:default, delete keys 0, total:0
2026-09-13 18:04:33 [JRaft-Closure-Executor-6] [INFO] o.a.h.s.b.BusinessHandlerImpl - partition testPut-graph1-0, table:unknown, delete keys 0, total:4
2026-09-13 18:04:34 [JRaft-Closure-Executor-6] [INFO] o.a.h.s.b.BusinessHandlerImpl - Partition testPut-graph1-0 cleanPartition end
2026-09-13 18:04:35 [main] [WARN] o.a.h.s.b.BusinessHandlerImpl - close all db!!! 
2026-09-13 18:04:35 [main] [INFO] o.a.h.r.a.RocksDBFactory - close 00000 's  rocksdb.
2026-09-13 18:04:35 [main] [INFO] o.a.h.r.a.RocksDBSession - shutdown db 00000, path is /tmp/junit/db/00000_10 
2026-09-13 18:04:36 [main] [INFO] o.a.h.r.a.RocksDBFactory - close hgstore-metadata 's  rocksdb.
2026-09-13 18:04:36 [main] [INFO] o.a.h.r.a.RocksDBSession - shutdown db hgstore-metadata, path is /tmp/junit/hgstore-metadata 
2026-09-13 18:04:36 [main] [INFO] o.a.h.s.HeartbeatService - HeartbeatService shutdown
2026-09-13 18:04:36 [main] [INFO] c.a.s.j.c.NodeImpl - Node <hg_0/127.0.0.1:6510> starts to transfer leadership to any peer.
2026-09-13 18:04:36 [main] [WARN] o.a.h.s.HgStoreEngine - transfer leader error: Status[UNKNOWN<-1>: Candidate not found for any peer]
2026-09-13 18:04:36 [main] [INFO] c.a.s.j.c.NodeImpl - Node <hg_0/127.0.0.1:6510> shutdown, currTerm=1 state=STATE_LEADER.
2026-09-13 18:04:36 [main] [INFO] c.a.s.j.c.ReplicatorGroupImpl - Fail to find the next candidate.
2026-09-13 18:04:36 [JRaft-FSMCaller-Disruptor-0] [INFO] c.a.s.j.c.StateMachineAdapter - onLeaderStop: status=Status[ESHUTDOWN<1007>: Raft node is going to quit.].
2026-09-13 18:04:36 [JRaft-FSMCaller-Disruptor-0] [INFO] o.a.h.s.r.PartitionStateMachine - Raft 0 lost leader 
2026-09-13 18:04:36 [main] [INFO] c.a.s.j.s.i.LocalRaftMetaStorage - Save raft meta, path=/tmp/junit/raft/00000/meta, term=1, votedFor=127.0.0.1:6510, cost time=18 ms
2026-09-13 18:04:36 [main] [INFO] c.a.s.j.c.FSMCallerImpl - Shutting down FSMCaller...
2026-09-13 18:04:36 [main] [INFO] c.a.s.j.c.StateMachineAdapter - onShutdown.
2026-09-13 18:04:36 [main] [INFO] c.a.s.j.u.LogThreadPoolExecutor - ThreadPool is terminated: JRaft-RPC-Processor, com.alipay.sofa.jraft.util.MetricThreadPoolExecutor@3751baf6[Shutting down, pool size = 0, active threads = 0, queued tasks = 0, completed tasks = 0].
2026-09-13 18:04:36 [main] [INFO] c.a.s.j.u.LogScheduledThreadPoolExecutor - ThreadPool is terminated: JRaft-Node-ScheduleThreadPool, com.alipay.sofa.jraft.util.MetricScheduledThreadPoolExecutor@32d46229[Shutting down, pool size = 0, active threads = 0, queued tasks = 0, completed tasks = 0].
2026-09-13 18:04:36 [JRaft-NodeImpl-Disruptor-0] [INFO] c.a.s.j.c.NodeImpl - The number of active nodes decrement to 0.
2026-09-13 18:04:36 [JRaft-Global-ElectionTimer0] [INFO] c.a.s.j.u.LogScheduledThreadPoolExecutor - ThreadPool is terminated: JRaft-Global-ElectionTimer, com.alipay.sofa.jraft.util.MetricScheduledThreadPoolExecutor@16e5c19f[Shutting down, pool size = 0, active threads = 0, queued tasks = 0, completed tasks = 0].
2026-09-13 18:04:36 [main] [INFO] c.a.s.j.u.RepeatedTimer - Destroy timer: RepeatedTimer{timeout=null, stopped=true, running=false, destroyed=true, invoking=false, timeoutMs=3000, name='JRaft-ElectionTimer-<hg_0/127.0.0.1:6510>'}.
2026-09-13 18:04:36 [JRaft-Global-VoteTimer0] [INFO] c.a.s.j.u.LogScheduledThreadPoolExecutor - ThreadPool is terminated: JRaft-Global-VoteTimer, com.alipay.sofa.jraft.util.MetricScheduledThreadPoolExecutor@3e0e3048[Shutting down, pool size = 0, active threads = 0, queued tasks = 0, completed tasks = 0].
2026-09-13 18:04:36 [main] [INFO] c.a.s.j.u.RepeatedTimer - Destroy timer: RepeatedTimer{timeout=null, stopped=true, running=false, destroyed=true, invoking=false, timeoutMs=3000, name='JRaft-VoteTimer-<hg_0/127.0.0.1:6510>'}.
2026-09-13 18:04:36 [JRaft-Global-StepDownTimer1] [INFO] c.a.s.j.u.LogScheduledThreadPoolExecutor - ThreadPool is terminated: JRaft-Global-StepDownTimer, com.alipay.sofa.jraft.util.MetricScheduledThreadPoolExecutor@447a557b[Shutting down, pool size = 0, active threads = 0, queued tasks = 0, completed tasks = 2].
2026-09-13 18:04:36 [main] [INFO] c.a.s.j.u.RepeatedTimer - Destroy timer: RepeatedTimer{timeout=null, stopped=true, running=false, destroyed=true, invoking=false, timeoutMs=1500, name='JRaft-StepDownTimer-<hg_0/127.0.0.1:6510>'}.
2026-09-13 18:04:36 [JRaft-Global-SnapshotTimer0] [INFO] c.a.s.j.u.LogScheduledThreadPoolExecutor - ThreadPool is terminated: JRaft-Global-SnapshotTimer, com.alipay.sofa.jraft.util.MetricScheduledThreadPoolExecutor@7d432bc0[Shutting down, pool size = 0, active threads = 0, queued tasks = 0, completed tasks = 0].
2026-09-13 18:04:36 [main] [INFO] c.a.s.j.u.RepeatedTimer - Destroy timer: RepeatedTimer{timeout=null, stopped=true, running=false, destroyed=true, invoking=false, timeoutMs=3600000, name='JRaft-SnapshotTimer-<hg_0/127.0.0.1:6510>'}.
2026-09-13 18:04:36 [main] [INFO] c.a.s.j.RaftGroupService - Stop the RaftGroupService successfully.
2026-09-13 18:04:36 [JRaft-Closure-Executor-13] [INFO] c.a.s.j.s.l.RocksDBSegmentLogStorage - RocksDBSegmentLogStorage stopped checkpoint task.
2026-09-13 18:04:36 [SegmentAllocator] [INFO] c.a.s.j.s.l.RocksDBSegmentLogStorage - SegmentAllocator exit.
2026-09-13 18:04:36 [JRaft-Closure-Executor-13] [INFO] c.a.s.j.s.l.SegmentFile - Unloaded segment file /tmp/junit/raft/00000/log/segments/0000000000000000000.s, current status: SegmentFile [firstLogIndex=2, lastLogIndex=4, size=1073741824, path=/tmp/junit/raft/00000/log/segments/0000000000000000000.s, wrotePos=18, committedPos=18].
2026-09-13 18:04:36 [JRaft-Closure-Executor-13] [INFO] c.a.s.j.s.l.SegmentFile - Unloaded segment file /tmp/junit/raft/00000/log/segments/0000000000000000001.s, current status: SegmentFile [firstLogIndex=-99, lastLogIndex=9223372036854775807, size=1073741824, path=/tmp/junit/raft/00000/log/segments/0000000000000000001.s, wrotePos=18, committedPos=18].
2026-09-13 18:04:36 [JRaft-Closure-Executor-13] [INFO] c.a.s.j.s.l.SegmentFile - Unloaded segment file /tmp/junit/raft/00000/log/segments/0000000000000000002.s, current status: SegmentFile [firstLogIndex=-99, lastLogIndex=9223372036854775807, size=1073741824, path=/tmp/junit/raft/00000/log/segments/0000000000000000002.s, wrotePos=18, committedPos=18].
2026-09-13 18:04:36 [JRaft-Closure-Executor-13] [INFO] c.a.s.j.u.LogThreadPoolExecutor - ThreadPool is terminated: RocksDBSegmentLogStorage-write-pool, com.alipay.sofa.jraft.util.MetricThreadPoolExecutor@477d6f66[Shutting down, pool size = 0, active threads = 0, queued tasks = 0, completed tasks = 0].
2026-09-13 18:04:36 [JRaft-Closure-Executor-13] [INFO] c.a.s.j.s.i.RocksDBLogStorage - DB destroyed, the db path is: /tmp/junit/raft/00000/log.
2026-09-13 18:04:36 [main] [INFO] o.a.h.s.PartitionEngine - PartitionEngine shutdown successfully: PartitionEngine{groupId =0, isLeader=false, options=PartitionEngineOptions(taskScheduleTime=60, splitPartitionTimeout=1800000, raftOptions=HgStoreEngineOptions.RaftOptions(rpcConnectTimeoutMs=1000, electionTimeoutMs=3000, rpcInstallSnapshotTimeout=3600000, waitLeaderTimeout=30, maxEntriesSize=256, maxBodySize=524288, overloadRateLimit=100, keepInMemorySegmentCount=2, preAllocateSegmentCount=1, splitPartitionLogIndexMargin=10, rpcDefaultTimeout=5000, snapshotIntervalSecs=3600, snapshotDownloadingThreads=4, snapshotLogIndexMargin=1024, metrics=true, disruptorBufferSize=4096, maxReplicatorInflightMsgs=256, maxLogSize=104857600, aveLogEntrySizeRatio=0.95, useRocksDBSegmentLogStorage=true, maxSegmentFileSize=67108864), raftDataPath=/tmp/junit/raft/00000, raftSnapShotPath=/tmp/junit/raft/00000, groupId=0, raftAddress=127.0.0.1:6510, peerList=[127.0.0.1:6510::100], conf=null, taskHandler=null)}.
2026-09-13 18:04:36 [main] [INFO] o.a.h.r.a.RocksDBFactory - close 00000 's  rocksdb.
2026-09-13 18:04:36 [main] [INFO] o.a.h.r.a.RocksDBFactory - closing all rocksdb....
[[1;34mINFO[m] [1;32mTests run: [0;1;32m2[m, Failures: 0, Errors: 0, Skipped: 0, Time elapsed: 5.513 s - in org.apache.hugegraph.store.core.[1mHgBusinessImplTest[m
[[1;34mINFO[m] 
[[1;34mINFO[m] Results:
[[1;34mINFO[m] 
[[1;34mINFO[m] [1;32mTests run: 2, Failures: 0, Errors: 0, Skipped: 0[m
[[1;34mINFO[m] 
[[1;34mINFO[m] 
[[1;34mINFO[m] [1m--- [0;32mmaven-surefire-plugin:2.20:test[m [1m(store-server-test)[m @ [36mhg-store-test[0;1m ---[m
[[1;34mINFO[m] 
[[1;34mINFO[m] -------------------------------------------------------
[[1;34mINFO[m]  T E S T S
[[1;34mINFO[m] -------------------------------------------------------
[[1;34mINFO[m] Running org.apache.hugegraph.store.core.[1mHgBusinessImplTest[m
java.lang.instrument.IllegalClassFormatException: Error while instrumenting sun/util/resources/cldr/provider/CLDRLocaleDataMetaInfo with JaCoCo 0.8.8.202204050719/5dcf34a.
	at org.jacoco.agent.rt.internal_b6258fc.CoverageTransformer.transform(CoverageTransformer.java:94)
	at java.instrument/java.lang.instrument.ClassFileTransformer.transform(ClassFileTransformer.java:244)
	at java.instrument/sun.instrument.TransformerManager.transform(TransformerManager.java:188)
	at java.instrument/sun.instrument.InstrumentationImpl.transform(InstrumentationImpl.java:610)
	at java.base/java.lang.ClassLoader.defineClass2(Native Method)
	at java.base/java.lang.ClassLoader.defineClass(ClassLoader.java:1118)
	at java.base/java.security.SecureClassLoader.defineClass(SecureClassLoader.java:182)
	at java.base/jdk.internal.loader.BuiltinClassLoader.defineClass(BuiltinClassLoader.java:821)
	at java.base/jdk.internal.loader.BuiltinClassLoader.findClassInModuleOrNull(BuiltinClassLoader.java:741)
	at java.base/jdk.internal.loader.BuiltinClassLoader.findClass(BuiltinClassLoader.java:621)
	at java.base/java.lang.ClassLoader.loadClass(ClassLoader.java:638)
	at java.base/java.lang.Class.forName(Class.java:627)
	at java.base/java.lang.Class.forName(Class.java:602)
	at java.base/java.util.ServiceLoader.loadProvider(ServiceLoader.java:859)
	at java.base/java.util.ServiceLoader$ModuleServicesLookupIterator.hasNext(ServiceLoader.java:1084)
	at java.base/java.util.ServiceLoader$2.hasNext(ServiceLoader.java:1309)
	at java.base/java.util.ServiceLoader$3.hasNext(ServiceLoader.java:1393)
	at java.base/sun.util.cldr.CLDRLocaleProviderAdapter.lambda$new$0(CLDRLocaleProviderAdapter.java:84)
	at java.base/java.security.AccessController.doPrivileged(AccessController.java:571)
	at java.base/sun.util.cldr.CLDRLocaleProviderAdapter.<init>(CLDRLocaleProviderAdapter.java:83)
	at java.base/jdk.internal.reflect.DirectConstructorHandleAccessor.newInstance(DirectConstructorHandleAccessor.java:62)
	at java.base/java.lang.reflect.Constructor.newInstanceWithCaller(Constructor.java:502)
	at java.base/java.lang.reflect.Constructor.newInstance(Constructor.java:486)
	at java.base/sun.util.locale.provider.LocaleProviderAdapter.forType(LocaleProviderAdapter.java:194)
	at java.base/sun.util.locale.provider.LocaleProviderAdapter.findAdapter(LocaleProviderAdapter.java:293)
	at java.base/sun.util.locale.provider.LocaleProviderAdapter.getAdapter(LocaleProviderAdapter.java:264)
	at java.base/java.util.Calendar.createCalendar(Calendar.java:1696)
	at java.base/java.util.Calendar.getInstance(Calendar.java:1645)
	at org.apache.logging.log4j.core.util.datetime.FixedDateFormat.calcMidnightMillis(FixedDateFormat.java:547)
	at org.apache.logging.log4j.core.util.datetime.FixedDateFormat.updateMidnightMillis(FixedDateFormat.java:538)
	at org.apache.logging.log4j.core.util.datetime.FixedDateFormat.millisSinceMidnight(FixedDateFormat.java:529)
	at org.apache.logging.log4j.core.util.datetime.FixedDateFormat.format(FixedDateFormat.java:616)
	at org.apache.logging.log4j.core.util.datetime.FixedDateFormat.formatInstant(FixedDateFormat.java:590)
	at org.apache.logging.log4j.core.util.datetime.FixedDateFormat.formatInstant(FixedDateFormat.java:584)
	at org.apache.logging.log4j.core.pattern.DatePatternConverter$FixedFormatter.format(DatePatternConverter.java:100)
	at org.apache.logging.log4j.core.pattern.DatePatternConverter$CachedTime.<init>(DatePatternConverter.java:155)
	at org.apache.logging.log4j.core.pattern.DatePatternConverter.fromEpochMillis(DatePatternConverter.java:190)
	at org.apache.logging.log4j.core.pattern.DatePatternConverter.<init>(DatePatternConverter.java:184)
	at org.apache.logging.log4j.core.pattern.DatePatternConverter.newInstance(DatePatternConverter.java:208)
	at java.base/jdk.internal.reflect.DirectMethodHandleAccessor.invoke(DirectMethodHandleAccessor.java:103)
	at java.base/java.lang.reflect.Method.invoke(Method.java:580)
	at org.apache.logging.log4j.core.pattern.PatternParser.createConverter(PatternParser.java:590)
	at org.apache.logging.log4j.core.pattern.PatternParser.finalizeConverter(PatternParser.java:657)
	at org.apache.logging.log4j.core.pattern.PatternParser.parse(PatternParser.java:420)
	at org.apache.logging.log4j.core.pattern.PatternParser.parse(PatternParser.java:177)
	at org.apache.logging.log4j.core.layout.PatternLayout$SerializerBuilder.build(PatternLayout.java:474)
	at org.apache.logging.log4j.core.layout.PatternLayout.<init>(PatternLayout.java:140)
	at org.apache.logging.log4j.core.layout.PatternLayout.<init>(PatternLayout.java:61)
	at org.apache.logging.log4j.core.layout.PatternLayout$Builder.build(PatternLayout.java:770)
	at org.apache.logging.log4j.core.config.AbstractConfiguration.setToDefault(AbstractConfiguration.java:715)
	at org.apache.logging.log4j.core.config.DefaultConfiguration.<init>(DefaultConfiguration.java:47)
	at org.apache.logging.log4j.core.LoggerContext.<init>(LoggerContext.java:95)
	at org.apache.logging.log4j.core.selector.ClassLoaderContextSelector.createContext(ClassLoaderContextSelector.java:254)
	at org.apache.logging.log4j.core.selector.ClassLoaderContextSelector.locateContext(ClassLoaderContextSelector.java:218)
	at org.apache.logging.log4j.core.selector.ClassLoaderContextSelector.getContext(ClassLoaderContextSelector.java:136)
	at org.apache.logging.log4j.core.selector.ClassLoaderContextSelector.getContext(ClassLoaderContextSelector.java:123)
	at org.apache.logging.log4j.core.selector.ClassLoaderContextSelector.getContext(ClassLoaderContextSelector.java:117)
	at org.apache.logging.log4j.core.impl.Log4jContextFactory.getContext(Log4jContextFactory.java:150)
	at org.apache.logging.log4j.core.impl.Log4jContextFactory.getContext(Log4jContextFactory.java:47)
	at org.apache.logging.log4j.LogManager.getContext(LogManager.java:196)
	at org.apache.logging.log4j.spi.AbstractLoggerAdapter.getContext(AbstractLoggerAdapter.java:137)
	at org.apache.logging.slf4j.Log4jLoggerFactory.getContext(Log4jLoggerFactory.java:55)
	at org.apache.logging.log4j.spi.AbstractLoggerAdapter.getLogger(AbstractLoggerAdapter.java:47)
	at org.apache.logging.slf4j.Log4jLoggerFactory.getLogger(Log4jLoggerFactory.java:33)
	at org.slf4j.LoggerFactory.getLogger(LoggerFactory.java:358)
	at org.slf4j.LoggerFactory.getLogger(LoggerFactory.java:383)
	at org.apache.hugegraph.store.core.StoreEngineTestBase.<clinit>(StoreEngineTestBase.java:45)
	at java.base/jdk.internal.misc.Unsafe.ensureClassInitialized0(Native Method)
	at java.base/jdk.internal.misc.Unsafe.ensureClassInitialized(Unsafe.java:1160)
	at java.base/jdk.internal.reflect.MethodHandleAccessorFactory.ensureClassInitialized(MethodHandleAccessorFactory.java:300)
	at java.base/jdk.internal.reflect.MethodHandleAccessorFactory.newMethodAccessor(MethodHandleAccessorFactory.java:71)
	at java.base/jdk.internal.reflect.ReflectionFactory.newMethodAccessor(ReflectionFactory.java:159)
	at java.base/java.lang.reflect.Method.acquireMethodAccessor(Method.java:726)
	at java.base/java.lang.reflect.Method.invoke(Method.java:577)
	at org.junit.runners.model.FrameworkMethod$1.runReflectiveCall(FrameworkMethod.java:59)
	at org.junit.internal.runners.model.ReflectiveCallable.run(ReflectiveCallable.java:12)
	at org.junit.runners.model.FrameworkMethod.invokeExplosively(FrameworkMethod.java:56)
	at org.junit.internal.runners.statements.RunBefores.invokeMethod(RunBefores.java:33)
	at org.junit.internal.runners.statements.RunBefores.evaluate(RunBefores.java:24)
	at org.junit.internal.runners.statements.RunAfters.evaluate(RunAfters.java:27)
	at org.junit.runners.ParentRunner$3.evaluate(ParentRunner.java:306)
	at org.junit.runners.ParentRunner.run(ParentRunner.java:413)
	at org.apache.maven.surefire.junit4.JUnit4Provider.execute(JUnit4Provider.java:365)
	at org.apache.maven.surefire.junit4.JUnit4Provider.executeWithRerun(JUnit4Provider.java:272)
	at org.apache.maven.surefire.junit4.JUnit4Provider.executeTestSet(JUnit4Provider.java:236)
	at org.apache.maven.surefire.junit4.JUnit4Provider.invoke(JUnit4Provider.java:159)
	at org.apache.maven.surefire.booter.ForkedBooter.invokeProviderInSameClassLoader(ForkedBooter.java:386)
	at org.apache.maven.surefire.booter.ForkedBooter.runSuitesInProcess(ForkedBooter.java:323)
	at org.apache.maven.surefire.booter.ForkedBooter.main(ForkedBooter.java:143)
Caused by: java.io.IOException: Error while instrumenting sun/util/resources/cldr/provider/CLDRLocaleDataMetaInfo with JaCoCo 0.8.8.202204050719/5dcf34a.
	at org.jacoco.agent.rt.internal_b6258fc.core.instr.Instrumenter.instrumentError(Instrumenter.java:161)
	at org.jacoco.agent.rt.internal_b6258fc.core.instr.Instrumenter.instrument(Instrumenter.java:111)
	at org.jacoco.agent.rt.internal_b6258fc.CoverageTransformer.transform(CoverageTransformer.java:92)
	... 88 more
Caused by: java.lang.IllegalArgumentException: Unsupported class file major version 65
	at org.jacoco.agent.rt.internal_b6258fc.asm.ClassReader.<init>(ClassReader.java:199)
	at org.jacoco.agent.rt.internal_b6258fc.asm.ClassReader.<init>(ClassReader.java:180)
	at org.jacoco.agent.rt.internal_b6258fc.asm.ClassReader.<init>(ClassReader.java:166)
	at org.jacoco.agent.rt.internal_b6258fc.core.internal.instr.InstrSupport.classReaderFor(InstrSupport.java:280)
	at org.jacoco.agent.rt.internal_b6258fc.core.instr.Instrumenter.instrument(Instrumenter.java:77)
	at org.jacoco.agent.rt.internal_b6258fc.core.instr.Instrumenter.instrument(Instrumenter.java:109)
	... 89 more
java.lang.instrument.IllegalClassFormatException: Error while instrumenting javax/script/ScriptEngineManager with JaCoCo 0.8.8.202204050719/5dcf34a.
	at org.jacoco.agent.rt.internal_b6258fc.CoverageTransformer.transform(CoverageTransformer.java:94)
	at java.instrument/java.lang.instrument.ClassFileTransformer.transform(ClassFileTransformer.java:244)
	at java.instrument/sun.instrument.TransformerManager.transform(TransformerManager.java:188)
	at java.instrument/sun.instrument.InstrumentationImpl.transform(InstrumentationImpl.java:610)
	at java.base/java.lang.ClassLoader.defineClass2(Native Method)
	at java.base/java.lang.ClassLoader.defineClass(ClassLoader.java:1118)
	at java.base/java.security.SecureClassLoader.defineClass(SecureClassLoader.java:182)
	at java.base/jdk.internal.loader.BuiltinClassLoader.defineClass(BuiltinClassLoader.java:821)
	at java.base/jdk.internal.loader.BuiltinClassLoader.findClassInModuleOrNull(BuiltinClassLoader.java:741)
	at java.base/jdk.internal.loader.BuiltinClassLoader.loadClassOrNull(BuiltinClassLoader.java:665)
	at java.base/jdk.internal.loader.BuiltinClassLoader.loadClassOrNull(BuiltinClassLoader.java:700)
	at java.base/jdk.internal.loader.BuiltinClassLoader.loadClassOrNull(BuiltinClassLoader.java:669)
	at java.base/jdk.internal.loader.BuiltinClassLoader.loadClass(BuiltinClassLoader.java:639)
	at java.base/jdk.internal.loader.ClassLoaders$AppClassLoader.loadClass(ClassLoaders.java:188)
	at java.base/java.lang.ClassLoader.loadClass(ClassLoader.java:526)
	at org.apache.logging.log4j.core.script.ScriptManager.<init>(ScriptManager.java:70)
	at org.apache.logging.log4j.core.config.AbstractConfiguration.initialize(AbstractConfiguration.java:221)
	at org.apache.logging.log4j.core.config.AbstractConfiguration.start(AbstractConfiguration.java:289)
	at org.apache.logging.log4j.core.LoggerContext.setConfiguration(LoggerContext.java:626)
	at org.apache.logging.log4j.core.LoggerContext.reconfigure(LoggerContext.java:699)
	at org.apache.logging.log4j.core.LoggerContext.reconfigure(LoggerContext.java:716)
	at org.apache.logging.log4j.core.LoggerContext.start(LoggerContext.java:270)
	at org.apache.logging.log4j.core.impl.Log4jContextFactory.getContext(Log4jContextFactory.java:155)
	at org.apache.logging.log4j.core.impl.Log4jContextFactory.getContext(Log4jContextFactory.java:47)
	at org.apache.logging.log4j.LogManager.getContext(LogManager.java:196)
	at org.apache.logging.log4j.spi.AbstractLoggerAdapter.getContext(AbstractLoggerAdapter.java:137)
	at org.apache.logging.slf4j.Log4jLoggerFactory.getContext(Log4jLoggerFactory.java:55)
	at org.apache.logging.log4j.spi.AbstractLoggerAdapter.getLogger(AbstractLoggerAdapter.java:47)
	at org.apache.logging.slf4j.Log4jLoggerFactory.getLogger(Log4jLoggerFactory.java:33)
	at org.slf4j.LoggerFactory.getLogger(LoggerFactory.java:358)
	at org.slf4j.LoggerFactory.getLogger(LoggerFactory.java:383)
	at org.apache.hugegraph.store.core.StoreEngineTestBase.<clinit>(StoreEngineTestBase.java:45)
	at java.base/jdk.internal.misc.Unsafe.ensureClassInitialized0(Native Method)
	at java.base/jdk.internal.misc.Unsafe.ensureClassInitialized(Unsafe.java:1160)
	at java.base/jdk.internal.reflect.MethodHandleAccessorFactory.ensureClassInitialized(MethodHandleAccessorFactory.java:300)
	at java.base/jdk.internal.reflect.MethodHandleAccessorFactory.newMethodAccessor(MethodHandleAccessorFactory.java:71)
	at java.base/jdk.internal.reflect.ReflectionFactory.newMethodAccessor(ReflectionFactory.java:159)
	at java.base/java.lang.reflect.Method.acquireMethodAccessor(Method.java:726)
	at java.base/java.lang.reflect.Method.invoke(Method.java:577)
	at org.junit.runners.model.FrameworkMethod$1.runReflectiveCall(FrameworkMethod.java:59)
	at org.junit.internal.runners.model.ReflectiveCallable.run(ReflectiveCallable.java:12)
	at org.junit.runners.model.FrameworkMethod.invokeExplosively(FrameworkMethod.java:56)
	at org.junit.internal.runners.statements.RunBefores.invokeMethod(RunBefores.java:33)
	at org.junit.internal.runners.statements.RunBefores.evaluate(RunBefores.java:24)
	at org.junit.internal.runners.statements.RunAfters.evaluate(RunAfters.java:27)
	at org.junit.runners.ParentRunner$3.evaluate(ParentRunner.java:306)
	at org.junit.runners.ParentRunner.run(ParentRunner.java:413)
	at org.apache.maven.surefire.junit4.JUnit4Provider.execute(JUnit4Provider.java:365)
	at org.apache.maven.surefire.junit4.JUnit4Provider.executeWithRerun(JUnit4Provider.java:272)
	at org.apache.maven.surefire.junit4.JUnit4Provider.executeTestSet(JUnit4Provider.java:236)
	at org.apache.maven.surefire.junit4.JUnit4Provider.invoke(JUnit4Provider.java:159)
	at org.apache.maven.surefire.booter.ForkedBooter.invokeProviderInSameClassLoader(ForkedBooter.java:386)
	at org.apache.maven.surefire.booter.ForkedBooter.runSuitesInProcess(ForkedBooter.java:323)
	at org.apache.maven.surefire.booter.ForkedBooter.main(ForkedBooter.java:143)
Caused by: java.io.IOException: Error while instrumenting javax/script/ScriptEngineManager with JaCoCo 0.8.8.202204050719/5dcf34a.
	at org.jacoco.agent.rt.internal_b6258fc.core.instr.Instrumenter.instrumentError(Instrumenter.java:161)
	at org.jacoco.agent.rt.internal_b6258fc.core.instr.Instrumenter.instrument(Instrumenter.java:111)
	at org.jacoco.agent.rt.internal_b6258fc.CoverageTransformer.transform(CoverageTransformer.java:92)
	... 53 more
Caused by: java.lang.IllegalArgumentException: Unsupported class file major version 65
	at org.jacoco.agent.rt.internal_b6258fc.asm.ClassReader.<init>(ClassReader.java:199)
	at org.jacoco.agent.rt.internal_b6258fc.asm.ClassReader.<init>(ClassReader.java:180)
	at org.jacoco.agent.rt.internal_b6258fc.asm.ClassReader.<init>(ClassReader.java:166)
	at org.jacoco.agent.rt.internal_b6258fc.core.internal.instr.InstrSupport.classReaderFor(InstrSupport.java:280)
	at org.jacoco.agent.rt.internal_b6258fc.core.instr.Instrumenter.instrument(Instrumenter.java:77)
	at org.jacoco.agent.rt.internal_b6258fc.core.instr.Instrumenter.instrument(Instrumenter.java:109)
	... 54 more
java.lang.instrument.IllegalClassFormatException: Error while instrumenting javax/script/Bindings with JaCoCo 0.8.8.202204050719/5dcf34a.
	at org.jacoco.agent.rt.internal_b6258fc.CoverageTransformer.transform(CoverageTransformer.java:94)
	at java.instrument/java.lang.instrument.ClassFileTransformer.transform(ClassFileTransformer.java:244)
	at java.instrument/sun.instrument.TransformerManager.transform(TransformerManager.java:188)
	at java.instrument/sun.instrument.InstrumentationImpl.transform(InstrumentationImpl.java:610)
	at java.base/java.lang.ClassLoader.defineClass2(Native Method)
	at java.base/java.lang.ClassLoader.defineClass(ClassLoader.java:1118)
	at java.base/java.security.SecureClassLoader.defineClass(SecureClassLoader.java:182)
	at java.base/jdk.internal.loader.BuiltinClassLoader.defineClass(BuiltinClassLoader.java:821)
	at java.base/jdk.internal.loader.BuiltinClassLoader.findClassInModuleOrNull(BuiltinClassLoader.java:741)
	at java.base/jdk.internal.loader.BuiltinClassLoader.loadClassOrNull(BuiltinClassLoader.java:665)
	at java.base/jdk.internal.loader.BuiltinClassLoader.loadClass(BuiltinClassLoader.java:639)
	at java.base/java.lang.ClassLoader.loadClass(ClassLoader.java:526)
	at org.apache.logging.log4j.core.script.ScriptManager.<init>(ScriptManager.java:70)
	at org.apache.logging.log4j.core.config.AbstractConfiguration.initialize(AbstractConfiguration.java:221)
	at org.apache.logging.log4j.core.config.AbstractConfiguration.start(AbstractConfiguration.java:289)
	at org.apache.logging.log4j.core.LoggerContext.setConfiguration(LoggerContext.java:626)
	at org.apache.logging.log4j.core.LoggerContext.reconfigure(LoggerContext.java:699)
	at org.apache.logging.log4j.core.LoggerContext.reconfigure(LoggerContext.java:716)
	at org.apache.logging.log4j.core.LoggerContext.start(LoggerContext.java:270)
	at org.apache.logging.log4j.core.impl.Log4jContextFactory.getContext(Log4jContextFactory.java:155)
	at org.apache.logging.log4j.core.impl.Log4jContextFactory.getContext(Log4jContextFactory.java:47)
	at org.apache.logging.log4j.LogManager.getContext(LogManager.java:196)
	at org.apache.logging.log4j.spi.AbstractLoggerAdapter.getContext(AbstractLoggerAdapter.java:137)
	at org.apache.logging.slf4j.Log4jLoggerFactory.getContext(Log4jLoggerFactory.java:55)
	at org.apache.logging.log4j.spi.AbstractLoggerAdapter.getLogger(AbstractLoggerAdapter.java:47)
	at org.apache.logging.slf4j.Log4jLoggerFactory.getLogger(Log4jLoggerFactory.java:33)
	at org.slf4j.LoggerFactory.getLogger(LoggerFactory.java:358)
	at org.slf4j.LoggerFactory.getLogger(LoggerFactory.java:383)
	at org.apache.hugegraph.store.core.StoreEngineTestBase.<clinit>(StoreEngineTestBase.java:45)
	at java.base/jdk.internal.misc.Unsafe.ensureClassInitialized0(Native Method)
	at java.base/jdk.internal.misc.Unsafe.ensureClassInitialized(Unsafe.java:1160)
	at java.base/jdk.internal.reflect.MethodHandleAccessorFactory.ensureClassInitialized(MethodHandleAccessorFactory.java:300)
	at java.base/jdk.internal.reflect.MethodHandleAccessorFactory.newMethodAccessor(MethodHandleAccessorFactory.java:71)
	at java.base/jdk.internal.reflect.ReflectionFactory.newMethodAccessor(ReflectionFactory.java:159)
	at java.base/java.lang.reflect.Method.acquireMethodAccessor(Method.java:726)
	at java.base/java.lang.reflect.Method.invoke(Method.java:577)
	at org.junit.runners.model.FrameworkMethod$1.runReflectiveCall(FrameworkMethod.java:59)
	at org.junit.internal.runners.model.ReflectiveCallable.run(ReflectiveCallable.java:12)
	at org.junit.runners.model.FrameworkMethod.invokeExplosively(FrameworkMethod.java:56)
	at org.junit.internal.runners.statements.RunBefores.invokeMethod(RunBefores.java:33)
	at org.junit.internal.runners.statements.RunBefores.evaluate(RunBefores.java:24)
	at org.junit.internal.runners.statements.RunAfters.evaluate(RunAfters.java:27)
	at org.junit.runners.ParentRunner$3.evaluate(ParentRunner.java:306)
	at org.junit.runners.ParentRunner.run(ParentRunner.java:413)
	at org.apache.maven.surefire.junit4.JUnit4Provider.execute(JUnit4Provider.java:365)
	at org.apache.maven.surefire.junit4.JUnit4Provider.executeWithRerun(JUnit4Provider.java:272)
	at org.apache.maven.surefire.junit4.JUnit4Provider.executeTestSet(JUnit4Provider.java:236)
	at org.apache.maven.surefire.junit4.JUnit4Provider.invoke(JUnit4Provider.java:159)
	at org.apache.maven.surefire.booter.ForkedBooter.invokeProviderInSameClassLoader(ForkedBooter.java:386)
	at org.apache.maven.surefire.booter.ForkedBooter.runSuitesInProcess(ForkedBooter.java:323)
	at org.apache.maven.surefire.booter.ForkedBooter.main(ForkedBooter.java:143)
Caused by: java.io.IOException: Error while instrumenting javax/script/Bindings with JaCoCo 0.8.8.202204050719/5dcf34a.
	at org.jacoco.agent.rt.internal_b6258fc.core.instr.Instrumenter.instrumentError(Instrumenter.java:161)
	at org.jacoco.agent.rt.internal_b6258fc.core.instr.Instrumenter.instrument(Instrumenter.java:111)
	at org.jacoco.agent.rt.internal_b6258fc.CoverageTransformer.transform(CoverageTransformer.java:92)
	... 50 more
Caused by: java.lang.IllegalArgumentException: Unsupported class file major version 65
	at org.jacoco.agent.rt.internal_b6258fc.asm.ClassReader.<init>(ClassReader.java:199)
	at org.jacoco.agent.rt.internal_b6258fc.asm.ClassReader.<init>(ClassReader.java:180)
	at org.jacoco.agent.rt.internal_b6258fc.asm.ClassReader.<init>(ClassReader.java:166)
	at org.jacoco.agent.rt.internal_b6258fc.core.internal.instr.InstrSupport.classReaderFor(InstrSupport.java:280)
	at org.jacoco.agent.rt.internal_b6258fc.core.instr.Instrumenter.instrument(Instrumenter.java:77)
	at org.jacoco.agent.rt.internal_b6258fc.core.instr.Instrumenter.instrument(Instrumenter.java:109)
	... 51 more
java.lang.instrument.IllegalClassFormatException: Error while instrumenting javax/script/ScriptEngineFactory with JaCoCo 0.8.8.202204050719/5dcf34a.
	at org.jacoco.agent.rt.internal_b6258fc.CoverageTransformer.transform(CoverageTransformer.java:94)
	at java.instrument/java.lang.instrument.ClassFileTransformer.transform(ClassFileTransformer.java:244)
	at java.instrument/sun.instrument.TransformerManager.transform(TransformerManager.java:188)
	at java.instrument/sun.instrument.InstrumentationImpl.transform(InstrumentationImpl.java:610)
	at java.base/java.lang.ClassLoader.defineClass2(Native Method)
	at java.base/java.lang.ClassLoader.defineClass(ClassLoader.java:1118)
	at java.base/java.security.SecureClassLoader.defineClass(SecureClassLoader.java:182)
	at java.base/jdk.internal.loader.BuiltinClassLoader.defineClass(BuiltinClassLoader.java:821)
	at java.base/jdk.internal.loader.BuiltinClassLoader.findClassInModuleOrNull(BuiltinClassLoader.java:741)
	at java.base/jdk.internal.loader.BuiltinClassLoader.loadClassOrNull(BuiltinClassLoader.java:665)
	at java.base/jdk.internal.loader.BuiltinClassLoader.loadClass(BuiltinClassLoader.java:639)
	at java.base/java.lang.ClassLoader.loadClass(ClassLoader.java:526)
	at java.scripting/javax.script.ScriptEngineManager.<clinit>(ScriptEngineManager.java:315)
	at org.apache.logging.log4j.core.script.ScriptManager.<init>(ScriptManager.java:70)
	at org.apache.logging.log4j.core.config.AbstractConfiguration.initialize(AbstractConfiguration.java:221)
	at org.apache.logging.log4j.core.config.AbstractConfiguration.start(AbstractConfiguration.java:289)
	at org.apache.logging.log4j.core.LoggerContext.setConfiguration(LoggerContext.java:626)
	at org.apache.logging.log4j.core.LoggerContext.reconfigure(LoggerContext.java:699)
	at org.apache.logging.log4j.core.LoggerContext.reconfigure(LoggerContext.java:716)
	at org.apache.logging.log4j.core.LoggerContext.start(LoggerContext.java:270)
	at org.apache.logging.log4j.core.impl.Log4jContextFactory.getContext(Log4jContextFactory.java:155)
	at org.apache.logging.log4j.core.impl.Log4jContextFactory.getContext(Log4jContextFactory.java:47)
	at org.apache.logging.log4j.LogManager.getContext(LogManager.java:196)
	at org.apache.logging.log4j.spi.AbstractLoggerAdapter.getContext(AbstractLoggerAdapter.java:137)
	at org.apache.logging.slf4j.Log4jLoggerFactory.getContext(Log4jLoggerFactory.java:55)
	at org.apache.logging.log4j.spi.AbstractLoggerAdapter.getLogger(AbstractLoggerAdapter.java:47)
	at org.apache.logging.slf4j.Log4jLoggerFactory.getLogger(Log4jLoggerFactory.java:33)
	at org.slf4j.LoggerFactory.getLogger(LoggerFactory.java:358)
	at org.slf4j.LoggerFactory.getLogger(LoggerFactory.java:383)
	at org.apache.hugegraph.store.core.StoreEngineTestBase.<clinit>(StoreEngineTestBase.java:45)
	at java.base/jdk.internal.misc.Unsafe.ensureClassInitialized0(Native Method)
	at java.base/jdk.internal.misc.Unsafe.ensureClassInitialized(Unsafe.java:1160)
	at java.base/jdk.internal.reflect.MethodHandleAccessorFactory.ensureClassInitialized(MethodHandleAccessorFactory.java:300)
	at java.base/jdk.internal.reflect.MethodHandleAccessorFactory.newMethodAccessor(MethodHandleAccessorFactory.java:71)
	at java.base/jdk.internal.reflect.ReflectionFactory.newMethodAccessor(ReflectionFactory.java:159)
	at java.base/java.lang.reflect.Method.acquireMethodAccessor(Method.java:726)
	at java.base/java.lang.reflect.Method.invoke(Method.java:577)
	at org.junit.runners.model.FrameworkMethod$1.runReflectiveCall(FrameworkMethod.java:59)
	at org.junit.internal.runners.model.ReflectiveCallable.run(ReflectiveCallable.java:12)
	at org.junit.runners.model.FrameworkMethod.invokeExplosively(FrameworkMethod.java:56)
	at org.junit.internal.runners.statements.RunBefores.invokeMethod(RunBefores.java:33)
	at org.junit.internal.runners.statements.RunBefores.evaluate(RunBefores.java:24)
	at org.junit.internal.runners.statements.RunAfters.evaluate(RunAfters.java:27)
	at org.junit.runners.ParentRunner$3.evaluate(ParentRunner.java:306)
	at org.junit.runners.ParentRunner.run(ParentRunner.java:413)
	at org.apache.maven.surefire.junit4.JUnit4Provider.execute(JUnit4Provider.java:365)
	at org.apache.maven.surefire.junit4.JUnit4Provider.executeWithRerun(JUnit4Provider.java:272)
	at org.apache.maven.surefire.junit4.JUnit4Provider.executeTestSet(JUnit4Provider.java:236)
	at org.apache.maven.surefire.junit4.JUnit4Provider.invoke(JUnit4Provider.java:159)
	at org.apache.maven.surefire.booter.ForkedBooter.invokeProviderInSameClassLoader(ForkedBooter.java:386)
	at org.apache.maven.surefire.booter.ForkedBooter.runSuitesInProcess(ForkedBooter.java:323)
	at org.apache.maven.surefire.booter.ForkedBooter.main(ForkedBooter.java:143)
Caused by: java.io.IOException: Error while instrumenting javax/script/ScriptEngineFactory with JaCoCo 0.8.8.202204050719/5dcf34a.
	at org.jacoco.agent.rt.internal_b6258fc.core.instr.Instrumenter.instrumentError(Instrumenter.java:161)
	at org.jacoco.agent.rt.internal_b6258fc.core.instr.Instrumenter.instrument(Instrumenter.java:111)
	at org.jacoco.agent.rt.internal_b6258fc.CoverageTransformer.transform(CoverageTransformer.java:92)
	... 51 more
Caused by: java.lang.IllegalArgumentException: Unsupported class file major version 65
	at org.jacoco.agent.rt.internal_b6258fc.asm.ClassReader.<init>(ClassReader.java:199)
	at org.jacoco.agent.rt.internal_b6258fc.asm.ClassReader.<init>(ClassReader.java:180)
	at org.jacoco.agent.rt.internal_b6258fc.asm.ClassReader.<init>(ClassReader.java:166)
	at org.jacoco.agent.rt.internal_b6258fc.core.internal.instr.InstrSupport.classReaderFor(InstrSupport.java:280)
	at org.jacoco.agent.rt.internal_b6258fc.core.instr.Instrumenter.instrument(Instrumenter.java:77)
	at org.jacoco.agent.rt.internal_b6258fc.core.instr.Instrumenter.instrument(Instrumenter.java:109)
	... 52 more
java.lang.instrument.IllegalClassFormatException: Error while instrumenting javax/script/SimpleBindings with JaCoCo 0.8.8.202204050719/5dcf34a.
	at org.jacoco.agent.rt.internal_b6258fc.CoverageTransformer.transform(CoverageTransformer.java:94)
	at java.instrument/java.lang.instrument.ClassFileTransformer.transform(ClassFileTransformer.java:244)
	at java.instrument/sun.instrument.TransformerManager.transform(TransformerManager.java:188)
	at java.instrument/sun.instrument.InstrumentationImpl.transform(InstrumentationImpl.java:610)
	at java.base/java.lang.ClassLoader.defineClass2(Native Method)
	at java.base/java.lang.ClassLoader.defineClass(ClassLoader.java:1118)
	at java.base/java.security.SecureClassLoader.defineClass(SecureClassLoader.java:182)
	at java.base/jdk.internal.loader.BuiltinClassLoader.defineClass(BuiltinClassLoader.java:821)
	at java.base/jdk.internal.loader.BuiltinClassLoader.findClassInModuleOrNull(BuiltinClassLoader.java:741)
	at java.base/jdk.internal.loader.BuiltinClassLoader.loadClassOrNull(BuiltinClassLoader.java:665)
	at java.base/jdk.internal.loader.BuiltinClassLoader.loadClass(BuiltinClassLoader.java:639)
	at java.base/java.lang.ClassLoader.loadClass(ClassLoader.java:526)
	at java.scripting/javax.script.ScriptEngineManager.<init>(ScriptEngineManager.java:333)
	at java.scripting/javax.script.ScriptEngineManager.<init>(ScriptEngineManager.java:63)
	at org.apache.logging.log4j.core.script.ScriptManager.<init>(ScriptManager.java:70)
	at org.apache.logging.log4j.core.config.AbstractConfiguration.initialize(AbstractConfiguration.java:221)
	at org.apache.logging.log4j.core.config.AbstractConfiguration.start(AbstractConfiguration.java:289)
	at org.apache.logging.log4j.core.LoggerContext.setConfiguration(LoggerContext.java:626)
	at org.apache.logging.log4j.core.LoggerContext.reconfigure(LoggerContext.java:699)
	at org.apache.logging.log4j.core.LoggerContext.reconfigure(LoggerContext.java:716)
	at org.apache.logging.log4j.core.LoggerContext.start(LoggerContext.java:270)
	at org.apache.logging.log4j.core.impl.Log4jContextFactory.getContext(Log4jContextFactory.java:155)
	at org.apache.logging.log4j.core.impl.Log4jContextFactory.getContext(Log4jContextFactory.java:47)
	at org.apache.logging.log4j.LogManager.getContext(LogManager.java:196)
	at org.apache.logging.log4j.spi.AbstractLoggerAdapter.getContext(AbstractLoggerAdapter.java:137)
	at org.apache.logging.slf4j.Log4jLoggerFactory.getContext(Log4jLoggerFactory.java:55)
	at org.apache.logging.log4j.spi.AbstractLoggerAdapter.getLogger(AbstractLoggerAdapter.java:47)
	at org.apache.logging.slf4j.Log4jLoggerFactory.getLogger(Log4jLoggerFactory.java:33)
	at org.slf4j.LoggerFactory.getLogger(LoggerFactory.java:358)
	at org.slf4j.LoggerFactory.getLogger(LoggerFactory.java:383)
	at org.apache.hugegraph.store.core.StoreEngineTestBase.<clinit>(StoreEngineTestBase.java:45)
	at java.base/jdk.internal.misc.Unsafe.ensureClassInitialized0(Native Method)
	at java.base/jdk.internal.misc.Unsafe.ensureClassInitialized(Unsafe.java:1160)
	at java.base/jdk.internal.reflect.MethodHandleAccessorFactory.ensureClassInitialized(MethodHandleAccessorFactory.java:300)
	at java.base/jdk.internal.reflect.MethodHandleAccessorFactory.newMethodAccessor(MethodHandleAccessorFactory.java:71)
	at java.base/jdk.internal.reflect.ReflectionFactory.newMethodAccessor(ReflectionFactory.java:159)
	at java.base/java.lang.reflect.Method.acquireMethodAccessor(Method.java:726)
	at java.base/java.lang.reflect.Method.invoke(Method.java:577)
	at org.junit.runners.model.FrameworkMethod$1.runReflectiveCall(FrameworkMethod.java:59)
	at org.junit.internal.runners.model.ReflectiveCallable.run(ReflectiveCallable.java:12)
	at org.junit.runners.model.FrameworkMethod.invokeExplosively(FrameworkMethod.java:56)
	at org.junit.internal.runners.statements.RunBefores.invokeMethod(RunBefores.java:33)
	at org.junit.internal.runners.statements.RunBefores.evaluate(RunBefores.java:24)
	at org.junit.internal.runners.statements.RunAfters.evaluate(RunAfters.java:27)
	at org.junit.runners.ParentRunner$3.evaluate(ParentRunner.java:306)
	at org.junit.runners.ParentRunner.run(ParentRunner.java:413)
	at org.apache.maven.surefire.junit4.JUnit4Provider.execute(JUnit4Provider.java:365)
	at org.apache.maven.surefire.junit4.JUnit4Provider.executeWithRerun(JUnit4Provider.java:272)
	at org.apache.maven.surefire.junit4.JUnit4Provider.executeTestSet(JUnit4Provider.java:236)
	at org.apache.maven.surefire.junit4.JUnit4Provider.invoke(JUnit4Provider.java:159)
	at org.apache.maven.surefire.booter.ForkedBooter.invokeProviderInSameClassLoader(ForkedBooter.java:386)
	at org.apache.maven.surefire.booter.ForkedBooter.runSuitesInProcess(ForkedBooter.java:323)
	at org.apache.maven.surefire.booter.ForkedBooter.main(ForkedBooter.java:143)
Caused by: java.io.IOException: Error while instrumenting javax/script/SimpleBindings with JaCoCo 0.8.8.202204050719/5dcf34a.
	at org.jacoco.agent.rt.internal_b6258fc.core.instr.Instrumenter.instrumentError(Instrumenter.java:161)
	at org.jacoco.agent.rt.internal_b6258fc.core.instr.Instrumenter.instrument(Instrumenter.java:111)
	at org.jacoco.agent.rt.internal_b6258fc.CoverageTransformer.transform(CoverageTransformer.java:92)
	... 52 more
Caused by: java.lang.IllegalArgumentException: Unsupported class file major version 65
	at org.jacoco.agent.rt.internal_b6258fc.asm.ClassReader.<init>(ClassReader.java:199)
	at org.jacoco.agent.rt.internal_b6258fc.asm.ClassReader.<init>(ClassReader.java:180)
	at org.jacoco.agent.rt.internal_b6258fc.asm.ClassReader.<init>(ClassReader.java:166)
	at org.jacoco.agent.rt.internal_b6258fc.core.internal.instr.InstrSupport.classReaderFor(InstrSupport.java:280)
	at org.jacoco.agent.rt.internal_b6258fc.core.instr.Instrumenter.instrument(Instrumenter.java:77)
	at org.jacoco.agent.rt.internal_b6258fc.core.instr.Instrumenter.instrument(Instrumenter.java:109)
	... 53 more
java.lang.instrument.IllegalClassFormatException: Error while instrumenting javax/script/ScriptEngine with JaCoCo 0.8.8.202204050719/5dcf34a.
	at org.jacoco.agent.rt.internal_b6258fc.CoverageTransformer.transform(CoverageTransformer.java:94)
	at java.instrument/java.lang.instrument.ClassFileTransformer.transform(ClassFileTransformer.java:244)
	at java.instrument/sun.instrument.TransformerManager.transform(TransformerManager.java:188)
	at java.instrument/sun.instrument.InstrumentationImpl.transform(InstrumentationImpl.java:610)
	at java.base/java.lang.ClassLoader.defineClass2(Native Method)
	at java.base/java.lang.ClassLoader.defineClass(ClassLoader.java:1118)
	at java.base/java.security.SecureClassLoader.defineClass(SecureClassLoader.java:182)
	at java.base/jdk.internal.loader.BuiltinClassLoader.defineClass(BuiltinClassLoader.java:821)
	at java.base/jdk.internal.loader.BuiltinClassLoader.findClassInModuleOrNull(BuiltinClassLoader.java:741)
	at java.base/jdk.internal.loader.BuiltinClassLoader.loadClassOrNull(BuiltinClassLoader.java:665)
	at java.base/jdk.internal.loader.BuiltinClassLoader.loadClassOrNull(BuiltinClassLoader.java:700)
	at java.base/jdk.internal.loader.BuiltinClassLoader.loadClassOrNull(BuiltinClassLoader.java:669)
	at java.base/jdk.internal.loader.BuiltinClassLoader.loadClass(BuiltinClassLoader.java:639)
	at java.base/jdk.internal.loader.ClassLoaders$AppClassLoader.loadClass(ClassLoaders.java:188)
	at java.base/java.lang.ClassLoader.loadClass(ClassLoader.java:526)
	at java.base/java.lang.Class.getDeclaredConstructors0(Native Method)
	at java.base/java.lang.Class.privateGetDeclaredConstructors(Class.java:3551)
	at java.base/java.lang.Class.getConstructor0(Class.java:3756)
	at java.base/java.lang.Class.getConstructor(Class.java:2444)
	at java.base/java.util.ServiceLoader$1.run(ServiceLoader.java:666)
	at java.base/java.util.ServiceLoader$1.run(ServiceLoader.java:663)
	at java.base/java.security.AccessController.doPrivileged(AccessController.java:571)
	at java.base/java.util.ServiceLoader.getConstructor(ServiceLoader.java:674)
	at java.base/java.util.ServiceLoader$LazyClassPathLookupIterator.hasNextService(ServiceLoader.java:1240)
	at java.base/java.util.ServiceLoader$LazyClassPathLookupIterator.hasNext(ServiceLoader.java:1273)
	at java.base/java.util.ServiceLoader$2.hasNext(ServiceLoader.java:1309)
	at java.base/java.util.ServiceLoader$3.hasNext(ServiceLoader.java:1393)
	at java.scripting/javax.script.ScriptEngineManager.initEngines(ScriptEngineManager.java:103)
	at java.scripting/javax.script.ScriptEngineManager.<init>(ScriptEngineManager.java:76)
	at java.scripting/javax.script.ScriptEngineManager.<init>(ScriptEngineManager.java:63)
	at org.apache.logging.log4j.core.script.ScriptManager.<init>(ScriptManager.java:70)
	at org.apache.logging.log4j.core.config.AbstractConfiguration.initialize(AbstractConfiguration.java:221)
	at org.apache.logging.log4j.core.config.AbstractConfiguration.start(AbstractConfiguration.java:289)
	at org.apache.logging.log4j.core.LoggerContext.setConfiguration(LoggerContext.java:626)
	at org.apache.logging.log4j.core.LoggerContext.reconfigure(LoggerContext.java:699)
	at org.apache.logging.log4j.core.LoggerContext.reconfigure(LoggerContext.java:716)
	at org.apache.logging.log4j.core.LoggerContext.start(LoggerContext.java:270)
	at org.apache.logging.log4j.core.impl.Log4jContextFactory.getContext(Log4jContextFactory.java:155)
	at org.apache.logging.log4j.core.impl.Log4jContextFactory.getContext(Log4jContextFactory.java:47)
	at org.apache.logging.log4j.LogManager.getContext(LogManager.java:196)
	at org.apache.logging.log4j.spi.AbstractLoggerAdapter.getContext(AbstractLoggerAdapter.java:137)
	at org.apache.logging.slf4j.Log4jLoggerFactory.getContext(Log4jLoggerFactory.java:55)
	at org.apache.logging.log4j.spi.AbstractLoggerAdapter.getLogger(AbstractLoggerAdapter.java:47)
	at org.apache.logging.slf4j.Log4jLoggerFactory.getLogger(Log4jLoggerFactory.java:33)
	at org.slf4j.LoggerFactory.getLogger(LoggerFactory.java:358)
	at org.slf4j.LoggerFactory.getLogger(LoggerFactory.java:383)
	at org.apache.hugegraph.store.core.StoreEngineTestBase.<clinit>(StoreEngineTestBase.java:45)
	at java.base/jdk.internal.misc.Unsafe.ensureClassInitialized0(Native Method)
	at java.base/jdk.internal.misc.Unsafe.ensureClassInitialized(Unsafe.java:1160)
	at java.base/jdk.internal.reflect.MethodHandleAccessorFactory.ensureClassInitialized(MethodHandleAccessorFactory.java:300)
	at java.base/jdk.internal.reflect.MethodHandleAccessorFactory.newMethodAccessor(MethodHandleAccessorFactory.java:71)
	at java.base/jdk.internal.reflect.ReflectionFactory.newMethodAccessor(ReflectionFactory.java:159)
	at java.base/java.lang.reflect.Method.acquireMethodAccessor(Method.java:726)
	at java.base/java.lang.reflect.Method.invoke(Method.java:577)
	at org.junit.runners.model.FrameworkMethod$1.runReflectiveCall(FrameworkMethod.java:59)
	at org.junit.internal.runners.model.ReflectiveCallable.run(ReflectiveCallable.java:12)
	at org.junit.runners.model.FrameworkMethod.invokeExplosively(FrameworkMethod.java:56)
	at org.junit.internal.runners.statements.RunBefores.invokeMethod(RunBefores.java:33)
	at org.junit.internal.runners.statements.RunBefores.evaluate(RunBefores.java:24)
	at org.junit.internal.runners.statements.RunAfters.evaluate(RunAfters.java:27)
	at org.junit.runners.ParentRunner$3.evaluate(ParentRunner.java:306)
	at org.junit.runners.ParentRunner.run(ParentRunner.java:413)
	at org.apache.maven.surefire.junit4.JUnit4Provider.execute(JUnit4Provider.java:365)
	at org.apache.maven.surefire.junit4.JUnit4Provider.executeWithRerun(JUnit4Provider.java:272)
	at org.apache.maven.surefire.junit4.JUnit4Provider.executeTestSet(JUnit4Provider.java:236)
	at org.apache.maven.surefire.junit4.JUnit4Provider.invoke(JUnit4Provider.java:159)
	at org.apache.maven.surefire.booter.ForkedBooter.invokeProviderInSameClassLoader(ForkedBooter.java:386)
	at org.apache.maven.surefire.booter.ForkedBooter.runSuitesInProcess(ForkedBooter.java:323)
	at org.apache.maven.surefire.booter.ForkedBooter.main(ForkedBooter.java:143)
Caused by: java.io.IOException: Error while instrumenting javax/script/ScriptEngine with JaCoCo 0.8.8.202204050719/5dcf34a.
	at org.jacoco.agent.rt.internal_b6258fc.core.instr.Instrumenter.instrumentError(Instrumenter.java:161)
	at org.jacoco.agent.rt.internal_b6258fc.core.instr.Instrumenter.instrument(Instrumenter.java:111)
	at org.jacoco.agent.rt.internal_b6258fc.CoverageTransformer.transform(CoverageTransformer.java:92)
	... 68 more
Caused by: java.lang.IllegalArgumentException: Unsupported class file major version 65
	at org.jacoco.agent.rt.internal_b6258fc.asm.ClassReader.<init>(ClassReader.java:199)
	at org.jacoco.agent.rt.internal_b6258fc.asm.ClassReader.<init>(ClassReader.java:180)
	at org.jacoco.agent.rt.internal_b6258fc.asm.ClassReader.<init>(ClassReader.java:166)
	at org.jacoco.agent.rt.internal_b6258fc.core.internal.instr.InstrSupport.classReaderFor(InstrSupport.java:280)
	at org.jacoco.agent.rt.internal_b6258fc.core.instr.Instrumenter.instrument(Instrumenter.java:77)
	at org.jacoco.agent.rt.internal_b6258fc.core.instr.Instrumenter.instrument(Instrumenter.java:109)
	... 69 more
2026-09-13 18:04:38 [main] [INFO] o.a.h.s.o.RaftRocksdbOptions - RocksdbConfig -1
2026-09-13 18:04:38 [main] [WARN] o.a.h.c.OptionSpace - Already registered option holder: rocksdb (class org.apache.hugegraph.rocksdb.access.RocksDBOptions)
2026-09-13 18:04:38 [main] [WARN] o.a.h.c.HugeConfig - The config option 'rocksdb.write_cache' is redundant, please ensure it has been registered
2026-09-13 18:04:38 [main] [WARN] o.a.h.c.HugeConfig - The config option 'rocksdb.write_buffer_manager' is redundant, please ensure it has been registered
2026-09-13 18:04:38 [main] [WARN] o.a.h.c.HugeConfig - The config option 'rocksdb.env' is redundant, please ensure it has been registered
2026-09-13 18:04:38 [main] [WARN] o.a.h.c.HugeConfig - The config option 'rocksdb.block_table_config' is redundant, please ensure it has been registered
2026-09-13 18:04:38 [main] [WARN] o.a.h.c.HugeConfig - The config option 'rocksdb.block_cache' is redundant, please ensure it has been registered
2026-09-13 18:04:38 [main] [INFO] o.a.h.r.a.RocksDBFactory - create rocksdb for hgstore-metadata
2026-09-13 18:04:38 [main] [INFO] o.a.h.r.a.RocksDBSession - hgstore-metadata latest db path /tmp/junit/hgstore-metadata
2026-09-13 18:04:38 [main] [INFO] o.a.h.r.a.RocksDBSession - rocksdb use global WriteBufferManager
2026-09-13 18:04:38 [main] [INFO] c.a.s.j.u.JRaftServiceLoader - SPI service [com.alipay.sofa.jraft.util.timer.RaftTimerFactory - com.alipay.sofa.jraft.util.timer.DefaultRaftTimerFactory] loading.
2026-09-13 18:04:38 [main] [INFO] c.a.s.j.u.JRaftServiceLoader - SPI service [com.alipay.sofa.jraft.rpc.RaftRpcFactory - com.alipay.sofa.jraft.rpc.impl.BoltRaftRpcFactory] loading.
Sofa-Middleware-Log SLF4J : Actual binding is of type [ com.alipay.remoting Log4j2 ]
2026-09-13 18:04:38 [main] [INFO] c.a.s.c.log - Sofa-Middleware-Log SLF4J : Actual binding is of type [ com.alipay.remoting Log4j2 ]
2026-09-13 18:04:39 [hg-heartbeat] [INFO] o.a.h.s.p.FakePdServiceProvider - registerStore storeId:0, storeAddress:127.0.0.1:6511
2026-09-13 18:04:39 [main] [INFO] o.a.h.s.m.StoreMetadata - allocate db path using partition count: db count stats: {/tmp/junit=0}
2026-09-13 18:04:39 [main] [INFO] o.a.h.r.a.RocksDBFactory - create rocksdb for 00000
2026-09-13 18:04:39 [main] [INFO] o.a.h.r.a.RocksDBSession - 00000 latest db path /tmp/junit/db/00000
2026-09-13 18:04:39 [main] [INFO] o.a.h.r.a.RocksDBSession - rocksdb use global WriteBufferManager
2026-09-13 18:04:39 [hg-heartbeat] [INFO] o.a.h.s.HeartbeatService - Register Store id= -35791620 successfully. store = Store(version=1.7.0, id=-35791620, storeAddress=127.0.0.1:6511, pdAddress=null, raftAddress=127.0.0.1:6510, deployPath=/home/zy/code/hugegraph/hugegraph-store/hg-store-test/target/classes/, dataPath=/tmp/junit, dataVersion=1, partitionCount=0, startTime=0, usedSize=0, pdHeartbeatInterval=0, state=Unknown, labels=null, cores=16), clusterStats 
2026-09-13 18:04:39 [JRaft-Closure-Executor-0] [INFO] o.a.h.s.HgStoreEngine - stateChanged, oldState Unknown, newState Up
2026-09-13 18:04:39 [JRaft-Closure-Executor-0] [ERROR] o.a.h.s.m.PartitionManager - partition 0 Directory not exists,options /tmp/junit
2026-09-13 18:04:39 [main] [INFO] o.a.h.s.HgStoreEngine - createPartitionEngine 0, with shards: { id:-35791620,role:Leader }
2026-09-13 18:04:39 [main] [INFO] o.a.h.s.m.StoreMetadata - allocate db path using partition count: db count stats: {/tmp/junit=0}
2026-09-13 18:04:39 [main] [INFO] o.a.h.s.PartitionEngine - PartitionEngine starting: PartitionEngine{groupId =0, isLeader=false, options=PartitionEngineOptions(taskScheduleTime=60, splitPartitionTimeout=1800000, raftOptions=HgStoreEngineOptions.RaftOptions(rpcConnectTimeoutMs=1000, electionTimeoutMs=3000, rpcInstallSnapshotTimeout=3600000, waitLeaderTimeout=30, maxEntriesSize=256, maxBodySize=524288, overloadRateLimit=100, keepInMemorySegmentCount=2, preAllocateSegmentCount=1, splitPartitionLogIndexMargin=10, rpcDefaultTimeout=5000, snapshotIntervalSecs=3600, snapshotDownloadingThreads=4, snapshotLogIndexMargin=1024, metrics=true, disruptorBufferSize=4096, maxReplicatorInflightMsgs=256, maxLogSize=104857600, aveLogEntrySizeRatio=0.95, useRocksDBSegmentLogStorage=true, maxSegmentFileSize=67108864), raftDataPath=/tmp/junit/raft/00000, raftSnapShotPath=/tmp/junit/raft/00000, groupId=0, raftAddress=127.0.0.1:6510, peerList=[127.0.0.1:6510::100], conf=null, taskHandler=null)}
2026-09-13 18:04:39 [main] [INFO] c.a.s.j.u.JRaftServiceLoader - SPI service [com.alipay.sofa.jraft.JRaftServiceFactory - com.alipay.sofa.jraft.core.DefaultJRaftServiceFactory] loading.
2026-09-13 18:04:39 [main] [INFO] c.a.s.j.u.JRaftServiceLoader - SPI service [com.alipay.sofa.jraft.util.JRaftSignalHandler - com.alipay.sofa.jraft.NodeDescribeSignalHandler] loading.
2026-09-13 18:04:39 [main] [INFO] c.a.s.j.u.JRaftServiceLoader - SPI service [com.alipay.sofa.jraft.util.JRaftSignalHandler - com.alipay.sofa.jraft.NodeMetricsSignalHandler] loading.
2026-09-13 18:04:39 [main] [INFO] c.a.s.j.u.JRaftServiceLoader - SPI service [com.alipay.sofa.jraft.util.JRaftSignalHandler - com.alipay.sofa.jraft.ThreadPoolMetricsSignalHandler] loading.
2026-09-13 18:04:39 [main] [INFO] c.a.s.j.c.NodeImpl - The number of active nodes increment to 1.
2026-09-13 18:04:39 [main] [INFO] c.a.s.j.s.l.RocksDBSegmentLogStorage - RocksDBSegmentLogStorage Loaded 0 segment files and  0 blank segment files from path /tmp/junit/raft/00000/log/segments.
2026-09-13 18:04:39 [main] [INFO] c.a.s.j.s.l.RocksDBSegmentLogStorage - RocksDBSegmentLogStorage segments: 
[
]
2026-09-13 18:04:39 [main] [INFO] c.a.s.j.s.l.RocksDBSegmentLogStorage - RocksDBSegmentLogStorage started checkpoint task.
2026-09-13 18:04:39 [main] [INFO] c.a.s.j.s.l.SegmentFile - Created a new segment file /tmp/junit/raft/00000/log/segments/0000000000000000000.s cost 11 ms, wrotePosition=18, bufferPosition=18, mappedSize=1073741824.
2026-09-13 18:04:39 [main] [INFO] c.a.s.j.s.l.RocksDBSegmentLogStorage - Create a new segment file /tmp/junit/raft/00000/log/segments/0000000000000000000.s.
2026-09-13 18:04:39 [main] [INFO] c.a.s.j.s.l.RocksDBSegmentLogStorage - RocksDBSegmentLogStorage init and load cost 21 ms.
2026-09-13 18:04:39 [SegmentAllocator] [INFO] c.a.s.j.s.l.RocksDBSegmentLogStorage - SegmentAllocator is started.
2026-09-13 18:04:39 [main] [INFO] c.a.s.j.c.FSMCallerImpl - Starts FSMCaller successfully.
2026-09-13 18:04:39 [SegmentAllocator] [INFO] c.a.s.j.s.l.SegmentFile - Created a new segment file /tmp/junit/raft/00000/log/segments/0000000000000000001.s cost 9 ms, wrotePosition=18, bufferPosition=18, mappedSize=1073741824.
2026-09-13 18:04:39 [SegmentAllocator] [INFO] c.a.s.j.s.l.RocksDBSegmentLogStorage - Create a new segment file /tmp/junit/raft/00000/log/segments/0000000000000000001.s.
2026-09-13 18:04:39 [main] [WARN] c.a.s.j.s.s.l.LocalSnapshotStorage - No data for snapshot reader /tmp/junit/raft/00000/snapshot.
2026-09-13 18:04:39 [main] [INFO] c.a.s.j.c.NodeImpl - Node <hg_0/127.0.0.1:6510> init, term=0, lastLogId=LogId [index=0, term=0], conf=127.0.0.1:6510::100, oldConf=.
2026-09-13 18:04:39 [main] [INFO] c.a.s.j.c.NodeImpl - Node <hg_0/127.0.0.1:6510> start vote and grant vote self, term=0.
2026-09-13 18:04:39 [main] [INFO] c.a.s.j.s.i.LocalRaftMetaStorage - Save raft meta, path=/tmp/junit/raft/00000/meta, term=1, votedFor=127.0.0.1:6510, cost time=17 ms
2026-09-13 18:04:39 [main] [INFO] c.a.s.j.c.NodeImpl - Node <hg_0/127.0.0.1:6510> become leader of group, term=1, conf=127.0.0.1:6510::100, oldConf=.
2026-09-13 18:04:39 [main] [INFO] c.a.s.j.u.Recyclers - -Djraft.recyclers.maxCapacityPerThread: 4096.
2026-09-13 18:04:39 [main] [WARN] c.a.s.j.RaftGroupService - RPC server is not started in RaftGroupService.
2026-09-13 18:04:39 [main] [INFO] c.a.s.j.RaftGroupService - Start the RaftGroupService successfully.
2026-09-13 18:04:39 [main] [INFO] o.a.h.s.PartitionEngine - PartitionEngine start successfully: id = 0, peers list = [127.0.0.1:6510::100]
2026-09-13 18:04:39 [JRaft-FSMCaller-Disruptor-0] [INFO] c.a.s.j.c.StateMachineAdapter - onLeaderStart: term=1.
2026-09-13 18:04:39 [JRaft-FSMCaller-Disruptor-0] [INFO] o.a.h.s.r.PartitionStateMachine - Raft 0 becomes leader 
2026-09-13 18:04:39 [JRaft-Closure-Executor-3] [INFO] o.a.h.s.PartitionEngine - Raft 0 onLeaderStart newTerm is 1
2026-09-13 18:04:39 [JRaft-Closure-Executor-3] [INFO] o.a.h.s.PartitionEngine - Raft 0 onConfigurationCommitted, conf is 127.0.0.1:6510::100
2026-09-13 18:04:39 [JRaft-Closure-Executor-3] [INFO] o.a.h.s.PartitionEngine - Raft 0 onConfigurationCommitted, shardGroup [store_id: 18446744073673759996
role: Leader
]
2026-09-13 18:04:39 [main] [INFO] o.a.h.s.m.GraphIdManager - partition: 0, Graph ID 0 is allocated for graph LoadSnapshot-graph1, stack: [java.base/java.lang.Thread.getStackTrace(Thread.java:2451), org.apache.hugegraph.store.meta.GraphIdManager.getGraphIdOrCreate(GraphIdManager.java:98), org.apache.hugegraph.store.business.InnerKeyCreator.getGraphIdOrCreate(InnerKeyCreator.java:64), org.apache.hugegraph.store.business.InnerKeyCreator.getKeyOrCreate(InnerKeyCreator.java:90), org.apache.hugegraph.store.business.BusinessHandlerImpl.doPut(BusinessHandlerImpl.java:281), org.apache.hugegraph.store.core.HgBusinessImplTest.testLoadSnapshot(HgBusinessImplTest.java:113), java.base/jdk.internal.reflect.DirectMethodHandleAccessor.invoke(DirectMethodHandleAccessor.java:103), java.base/java.lang.reflect.Method.invoke(Method.java:580), org.junit.runners.model.FrameworkMethod$1.runReflectiveCall(FrameworkMethod.java:59), org.junit.internal.runners.model.ReflectiveCallable.run(ReflectiveCallable.java:12), org.junit.runners.model.FrameworkMethod.invokeExplosively(FrameworkMethod.java:56), org.junit.internal.runners.statements.InvokeMethod.evaluate(InvokeMethod.java:17), org.junit.runners.ParentRunner$3.evaluate(ParentRunner.java:306), org.junit.runners.BlockJUnit4ClassRunner$1.evaluate(BlockJUnit4ClassRunner.java:100), org.junit.runners.ParentRunner.runLeaf(ParentRunner.java:366), org.junit.runners.BlockJUnit4ClassRunner.runChild(BlockJUnit4ClassRunner.java:103), org.junit.runners.BlockJUnit4ClassRunner.runChild(BlockJUnit4ClassRunner.java:63), org.junit.runners.ParentRunner$4.run(ParentRunner.java:331), org.junit.runners.ParentRunner$1.schedule(ParentRunner.java:79), org.junit.runners.ParentRunner.runChildren(ParentRunner.java:329), org.junit.runners.ParentRunner.access$100(ParentRunner.java:66), org.junit.runners.ParentRunner$2.evaluate(ParentRunner.java:293), org.junit.internal.runners.statements.RunBefores.evaluate(RunBefores.java:26), org.junit.internal.runners.statements.RunAfters.evaluate(RunAfters.java:27), org.junit.runners.ParentRunner$3.evaluate(ParentRunner.java:306), org.junit.runners.ParentRunner.run(ParentRunner.java:413), org.apache.maven.surefire.junit4.JUnit4Provider.execute(JUnit4Provider.java:365), org.apache.maven.surefire.junit4.JUnit4Provider.executeWithRerun(JUnit4Provider.java:272), org.apache.maven.surefire.junit4.JUnit4Provider.executeTestSet(JUnit4Provider.java:236), org.apache.maven.surefire.junit4.JUnit4Provider.invoke(JUnit4Provider.java:159), org.apache.maven.surefire.booter.ForkedBooter.invokeProviderInSameClassLoader(ForkedBooter.java:386), org.apache.maven.surefire.booter.ForkedBooter.runSuitesInProcess(ForkedBooter.java:323), org.apache.maven.surefire.booter.ForkedBooter.main(ForkedBooter.java:143)]
255
2026-09-13 18:04:39 [main] [WARN] o.a.h.s.b.BusinessHandlerImpl - close all db!!! 
2026-09-13 18:04:39 [main] [INFO] o.a.h.r.a.RocksDBFactory - close 00000 's  rocksdb.
2026-09-13 18:04:39 [main] [INFO] o.a.h.r.a.RocksDBSession - shutdown db 00000, path is /tmp/junit/db/00000 
2026-09-13 18:04:39 [main] [INFO] o.a.h.r.a.RocksDBFactory - close hgstore-metadata 's  rocksdb.
2026-09-13 18:04:39 [main] [INFO] o.a.h.r.a.RocksDBSession - shutdown db hgstore-metadata, path is /tmp/junit/hgstore-metadata 
start loadSnapshot
2026-09-13 18:04:39 [main] [INFO] o.a.h.r.a.RocksDBFactory - create rocksdb for hgstore-metadata
2026-09-13 18:04:39 [main] [INFO] o.a.h.r.a.RocksDBSession - hgstore-metadata latest db path /tmp/junit/hgstore-metadata
2026-09-13 18:04:39 [main] [INFO] o.a.h.r.a.RocksDBSession - rocksdb use global WriteBufferManager
2026-09-13 18:04:39 [main] [INFO] o.a.h.r.a.RocksDBFactory - create rocksdb for 00000
2026-09-13 18:04:39 [main] [INFO] o.a.h.r.a.RocksDBSession - 00000 latest db path /tmp/junit/db/00000
2026-09-13 18:04:39 [main] [INFO] o.a.h.r.a.RocksDBSession - rocksdb use global WriteBufferManager
2026-09-13 18:04:39 [main] [INFO] o.a.h.r.a.RocksDBSession - begin load snapshot from /tmp/junit/db/00000
2026-09-13 18:04:39 [main] [INFO] o.a.h.r.a.RocksDBSession - verifySnapshot /tmp/junit/db/00000_10_temp_ Ok
2026-09-13 18:04:39 [main] [INFO] o.a.h.r.a.RocksDBSession - loaded snapshot from /tmp/junit/db/00000, time cost 7 ms
2026-09-13 18:04:39 [main] [INFO] o.a.h.r.a.RocksDBFactory - destroy 00000 's  rocksdb.
2026-09-13 18:04:39 [main] [INFO] o.a.h.r.a.RocksDBFactory - close 00000 's  rocksdb.
2026-09-13 18:04:39 [main] [INFO] o.a.h.r.a.RocksDBSession - shutdown db 00000, path is /tmp/junit/db/00000 
2026-09-13 18:04:39 [main] [INFO] o.a.h.r.a.RocksDBFactory - create rocksdb for 00000
2026-09-13 18:04:39 [main] [INFO] o.a.h.r.a.RocksDBSession - 00000 latest db path /tmp/junit/db/00000_10
2026-09-13 18:04:39 [main] [INFO] o.a.h.r.a.RocksDBSession - rocksdb use global WriteBufferManager
/tmp/junit/db/00000_10
2026-09-13 18:04:40 [main] [INFO] o.a.h.s.m.GraphIdManager - partition: 0, Graph ID 1 is allocated for graph testPut-graph1, stack: [java.base/java.lang.Thread.getStackTrace(Thread.java:2451), org.apache.hugegraph.store.meta.GraphIdManager.getGraphIdOrCreate(GraphIdManager.java:98), org.apache.hugegraph.store.business.InnerKeyCreator.getGraphIdOrCreate(InnerKeyCreator.java:64), org.apache.hugegraph.store.business.InnerKeyCreator.getKeyOrCreate(InnerKeyCreator.java:90), org.apache.hugegraph.store.business.BusinessHandlerImpl.doPut(BusinessHandlerImpl.java:281), org.apache.hugegraph.store.core.HgBusinessImplTest.testPut(HgBusinessImplTest.java:53), java.base/jdk.internal.reflect.DirectMethodHandleAccessor.invoke(DirectMethodHandleAccessor.java:103), java.base/java.lang.reflect.Method.invoke(Method.java:580), org.junit.runners.model.FrameworkMethod$1.runReflectiveCall(FrameworkMethod.java:59), org.junit.internal.runners.model.ReflectiveCallable.run(ReflectiveCallable.java:12), org.junit.runners.model.FrameworkMethod.invokeExplosively(FrameworkMethod.java:56), org.junit.internal.runners.statements.InvokeMethod.evaluate(InvokeMethod.java:17), org.junit.runners.ParentRunner$3.evaluate(ParentRunner.java:306), org.junit.runners.BlockJUnit4ClassRunner$1.evaluate(BlockJUnit4ClassRunner.java:100), org.junit.runners.ParentRunner.runLeaf(ParentRunner.java:366), org.junit.runners.BlockJUnit4ClassRunner.runChild(BlockJUnit4ClassRunner.java:103), org.junit.runners.BlockJUnit4ClassRunner.runChild(BlockJUnit4ClassRunner.java:63), org.junit.runners.ParentRunner$4.run(ParentRunner.java:331), org.junit.runners.ParentRunner$1.schedule(ParentRunner.java:79), org.junit.runners.ParentRunner.runChildren(ParentRunner.java:329), org.junit.runners.ParentRunner.access$100(ParentRunner.java:66), org.junit.runners.ParentRunner$2.evaluate(ParentRunner.java:293), org.junit.internal.runners.statements.RunBefores.evaluate(RunBefores.java:26), org.junit.internal.runners.statements.RunAfters.evaluate(RunAfters.java:27), org.junit.runners.ParentRunner$3.evaluate(ParentRunner.java:306), org.junit.runners.ParentRunner.run(ParentRunner.java:413), org.apache.maven.surefire.junit4.JUnit4Provider.execute(JUnit4Provider.java:365), org.apache.maven.surefire.junit4.JUnit4Provider.executeWithRerun(JUnit4Provider.java:272), org.apache.maven.surefire.junit4.JUnit4Provider.executeTestSet(JUnit4Provider.java:236), org.apache.maven.surefire.junit4.JUnit4Provider.invoke(JUnit4Provider.java:159), org.apache.maven.surefire.booter.ForkedBooter.invokeProviderInSameClassLoader(ForkedBooter.java:386), org.apache.maven.surefire.booter.ForkedBooter.runSuitesInProcess(ForkedBooter.java:323), org.apache.maven.surefire.booter.ForkedBooter.main(ForkedBooter.java:143)]
2026-09-13 18:04:40 [JRaft-FSMCaller-Disruptor-0] [INFO] o.a.h.s.PartitionEngine - receive sync partition graph_name: "testPut-graph1"
end_key: 65535
version: 1
state: PState_Normal

2026-09-13 18:04:40 [JRaft-FSMCaller-Disruptor-0] [INFO] o.a.h.s.HgStoreEngine - Partition testPut-graph1-0-PState_Normal sync partition status is Status[OK]
2026-09-13 18:04:40 [SegmentAllocator] [INFO] c.a.s.j.s.l.SegmentFile - Created a new segment file /tmp/junit/raft/00000/log/segments/0000000000000000002.s cost 19 ms, wrotePosition=18, bufferPosition=18, mappedSize=1073741824.
2026-09-13 18:04:40 [SegmentAllocator] [INFO] c.a.s.j.s.l.RocksDBSegmentLogStorage - Create a new segment file /tmp/junit/raft/00000/log/segments/0000000000000000002.s.
2026-09-13 18:04:40 [JRaft-FSMCaller-Disruptor-0] [INFO] o.a.h.s.PartitionEngine - receive sync partition graph_name: "testPut-graph2"
end_key: 65535
version: 1
state: PState_Normal

2026-09-13 18:04:40 [JRaft-FSMCaller-Disruptor-0] [INFO] o.a.h.s.HgStoreEngine - Partition testPut-graph2-0-PState_Normal sync partition status is Status[OK]
2026-09-13 18:04:40 [main] [INFO] o.a.h.s.m.GraphIdManager - partition: 0, Graph ID 2 is allocated for graph testPut-graph2, stack: [java.base/java.lang.Thread.getStackTrace(Thread.java:2451), org.apache.hugegraph.store.meta.GraphIdManager.getGraphIdOrCreate(GraphIdManager.java:98), org.apache.hugegraph.store.business.InnerKeyCreator.getGraphIdOrCreate(InnerKeyCreator.java:64), org.apache.hugegraph.store.business.InnerKeyCreator.getKeyOrCreate(InnerKeyCreator.java:90), org.apache.hugegraph.store.business.BusinessHandlerImpl.doPut(BusinessHandlerImpl.java:281), org.apache.hugegraph.store.core.HgBusinessImplTest.testPut(HgBusinessImplTest.java:58), java.base/jdk.internal.reflect.DirectMethodHandleAccessor.invoke(DirectMethodHandleAccessor.java:103), java.base/java.lang.reflect.Method.invoke(Method.java:580), org.junit.runners.model.FrameworkMethod$1.runReflectiveCall(FrameworkMethod.java:59), org.junit.internal.runners.model.ReflectiveCallable.run(ReflectiveCallable.java:12), org.junit.runners.model.FrameworkMethod.invokeExplosively(FrameworkMethod.java:56), org.junit.internal.runners.statements.InvokeMethod.evaluate(InvokeMethod.java:17), org.junit.runners.ParentRunner$3.evaluate(ParentRunner.java:306), org.junit.runners.BlockJUnit4ClassRunner$1.evaluate(BlockJUnit4ClassRunner.java:100), org.junit.runners.ParentRunner.runLeaf(ParentRunner.java:366), org.junit.runners.BlockJUnit4ClassRunner.runChild(BlockJUnit4ClassRunner.java:103), org.junit.runners.BlockJUnit4ClassRunner.runChild(BlockJUnit4ClassRunner.java:63), org.junit.runners.ParentRunner$4.run(ParentRunner.java:331), org.junit.runners.ParentRunner$1.schedule(ParentRunner.java:79), org.junit.runners.ParentRunner.runChildren(ParentRunner.java:329), org.junit.runners.ParentRunner.access$100(ParentRunner.java:66), org.junit.runners.ParentRunner$2.evaluate(ParentRunner.java:293), org.junit.internal.runners.statements.RunBefores.evaluate(RunBefores.java:26), org.junit.internal.runners.statements.RunAfters.evaluate(RunAfters.java:27), org.junit.runners.ParentRunner$3.evaluate(ParentRunner.java:306), org.junit.runners.ParentRunner.run(ParentRunner.java:413), org.apache.maven.surefire.junit4.JUnit4Provider.execute(JUnit4Provider.java:365), org.apache.maven.surefire.junit4.JUnit4Provider.executeWithRerun(JUnit4Provider.java:272), org.apache.maven.surefire.junit4.JUnit4Provider.executeTestSet(JUnit4Provider.java:236), org.apache.maven.surefire.junit4.JUnit4Provider.invoke(JUnit4Provider.java:159), org.apache.maven.surefire.booter.ForkedBooter.invokeProviderInSameClassLoader(ForkedBooter.java:386), org.apache.maven.surefire.booter.ForkedBooter.runSuitesInProcess(ForkedBooter.java:323), org.apache.maven.surefire.booter.ForkedBooter.main(ForkedBooter.java:143)]
--------------------dump all -------
testPut-graph1-0-default--------
HUGEGRAPH/CID/@GRAPH_ID@ -- 4855474547524150482f4349442f4047524150485f494440
HUGEGRAPH/CID_SLOT/@GRAPH_ID@/                                                                 -- 4855474547524150482f4349445f534c4f542f4047524150485f4944402f00000000000000000000000000000000000000000000000000000000000000000000000000000000000000000000000000000000000000000000000000000000
HUGEGRAPH/CID_SLOT/@GRAPH_ID@/                                                                -- 4855474547524150482f4349445f534c4f542f4047524150485f4944402f00000000000000010000000000000000000000000000000000000000000000000000000000000000000000000000000000000000000000000000000000000000
HUGEGRAPH/CID_SLOT/@GRAPH_ID@/                                                                -- 4855474547524150482f4349445f534c4f542f4047524150485f4944402f00000000000000020000000000000000000000000000000000000000000000000000000000000000000000000000000000000000000000000000000000000000
HUGEGRAPH/GRAPH_ID/LoadSnapshot-graph1 -- 4855474547524150482f47524150485f49442f4c6f6164536e617073686f742d677261706831
HUGEGRAPH/GRAPH_ID/testPut-graph1 -- 4855474547524150482f47524150485f49442f746573745075742d677261706831
HUGEGRAPH/GRAPH_ID/testPut-graph2 -- 4855474547524150482f47524150485f49442f746573745075742d677261706832
HUGEGRAPH/PARTITION/LoadSnapshot-graph1/0 -- 4855474547524150482f504152544954494f4e2f4c6f6164536e617073686f742d6772617068312f30
HUGEGRAPH/PARTITION/testPut-graph1/0 -- 4855474547524150482f504152544954494f4e2f746573745075742d6772617068312f30
HUGEGRAPH/PARTITION/testPut-graph2/0 -- 4855474547524150482f504152544954494f4e2f746573745075742d6772617068322f30
HUGEGRAPH/SHARDGROUP/0 -- 4855474547524150482f534841524447524f55502f30
testPut-graph1-0-unknown--------
  key0   -- 00006b6579300000
  key1  -- 00006b6579310001
  key10 
 -- 00006b65793130000a
  key100 d -- 00006b65793130300064
  key101 e -- 00006b65793130310065
  key102 f -- 00006b65793130320066
  key103 g -- 00006b65793130330067
  key104 h -- 00006b65793130340068
  key105 i -- 00006b65793130350069
  key106 j -- 00006b6579313036006a
  key107 k -- 00006b6579313037006b
  key108 l -- 00006b6579313038006c
  key109 m -- 00006b6579313039006d
  key11  -- 00006b65793131000b
  key110 n -- 00006b6579313130006e
  key111 o -- 00006b6579313131006f
  key112 p -- 00006b65793131320070
  key113 q -- 00006b65793131330071
  key114 r -- 00006b65793131340072
  key115 s -- 00006b65793131350073
  key116 t -- 00006b65793131360074
  key117 u -- 00006b65793131370075
  key118 v -- 00006b65793131380076
  key119 w -- 00006b65793131390077
  key12  -- 00006b65793132000c
  key120 x -- 00006b65793132300078
  key121 y -- 00006b65793132310079
  key122 z -- 00006b6579313232007a
  key123 { -- 00006b6579313233007b
  key124 | -- 00006b6579313234007c
  key125 } -- 00006b6579313235007d
  key126 ~ -- 00006b6579313236007e
  key127  -- 00006b6579313237007f
  key128 � -- 00006b65793132380080
  key129 � -- 00006b65793132390081
  key13  -- 00006b65793133000d
  key130 � -- 00006b65793133300082
  key131 � -- 00006b65793133310083
  key132 � -- 00006b65793133320084
  key133 � -- 00006b65793133330085
  key134 � -- 00006b65793133340086
  key135 � -- 00006b65793133350087
  key136 � -- 00006b65793133360088
  key137 � -- 00006b65793133370089
  key138 � -- 00006b6579313338008a
  key139 � -- 00006b6579313339008b
  key14  -- 00006b65793134000e
  key140 � -- 00006b6579313430008c
  key141 � -- 00006b6579313431008d
  key142 � -- 00006b6579313432008e
  key143 � -- 00006b6579313433008f
  key144 � -- 00006b65793134340090
  key145 � -- 00006b65793134350091
  key146 � -- 00006b65793134360092
  key147 � -- 00006b65793134370093
  key148 � -- 00006b65793134380094
  key149 � -- 00006b65793134390095
  key15  -- 00006b65793135000f
  key150 � -- 00006b65793135300096
  key151 � -- 00006b65793135310097
  key152 � -- 00006b65793135320098
  key153 � -- 00006b65793135330099
  key154 � -- 00006b6579313534009a
  key155 � -- 00006b6579313535009b
  key156 � -- 00006b6579313536009c
  key157 � -- 00006b6579313537009d
  key158 � -- 00006b6579313538009e
  key159 � -- 00006b6579313539009f
  key16  -- 00006b657931360010
  key160 � -- 00006b657931363000a0
  key161 � -- 00006b657931363100a1
  key162 � -- 00006b657931363200a2
  key163 � -- 00006b657931363300a3
  key164 � -- 00006b657931363400a4
  key165 � -- 00006b657931363500a5
  key166 � -- 00006b657931363600a6
  key167 � -- 00006b657931363700a7
  key168 � -- 00006b657931363800a8
  key169 � -- 00006b657931363900a9
  key17  -- 00006b657931370011
  key170 � -- 00006b657931373000aa
  key171 � -- 00006b657931373100ab
  key172 � -- 00006b657931373200ac
  key173 � -- 00006b657931373300ad
  key174 � -- 00006b657931373400ae
  key175 � -- 00006b657931373500af
  key176 � -- 00006b657931373600b0
  key177 � -- 00006b657931373700b1
  key178 � -- 00006b657931373800b2
  key179 � -- 00006b657931373900b3
  key18  -- 00006b657931380012
  key180 � -- 00006b657931383000b4
  key181 � -- 00006b657931383100b5
  key182 � -- 00006b657931383200b6
  key183 � -- 00006b657931383300b7
  key184 � -- 00006b657931383400b8
  key185 � -- 00006b657931383500b9
  key186 � -- 00006b657931383600ba
  key187 � -- 00006b657931383700bb
  key188 � -- 00006b657931383800bc
  key189 � -- 00006b657931383900bd
  key19  -- 00006b657931390013
  key190 � -- 00006b657931393000be
  key191 � -- 00006b657931393100bf
  key192 � -- 00006b657931393200c0
  key193 � -- 00006b657931393300c1
  key194 � -- 00006b657931393400c2
  key195 � -- 00006b657931393500c3
  key196 � -- 00006b657931393600c4
  key197 � -- 00006b657931393700c5
  key198 � -- 00006b657931393800c6
  key199 � -- 00006b657931393900c7
  key2  -- 00006b6579320002
  key20  -- 00006b657932300014
  key200 � -- 00006b657932303000c8
  key201 � -- 00006b657932303100c9
  key202 � -- 00006b657932303200ca
  key203 � -- 00006b657932303300cb
  key204 � -- 00006b657932303400cc
  key205 � -- 00006b657932303500cd
  key206 � -- 00006b657932303600ce
  key207 � -- 00006b657932303700cf
  key208 � -- 00006b657932303800d0
  key209 � -- 00006b657932303900d1
  key21  -- 00006b657932310015
  key210 � -- 00006b657932313000d2
  key211 � -- 00006b657932313100d3
  key212 � -- 00006b657932313200d4
  key213 � -- 00006b657932313300d5
  key214 � -- 00006b657932313400d6
  key215 � -- 00006b657932313500d7
  key216 � -- 00006b657932313600d8
  key217 � -- 00006b657932313700d9
  key218 � -- 00006b657932313800da
  key219 � -- 00006b657932313900db
  key22  -- 00006b657932320016
  key220 � -- 00006b657932323000dc
  key221 � -- 00006b657932323100dd
  key222 � -- 00006b657932323200de
  key223 � -- 00006b657932323300df
  key224 � -- 00006b657932323400e0
  key225 � -- 00006b657932323500e1
  key226 � -- 00006b657932323600e2
  key227 � -- 00006b657932323700e3
  key228 � -- 00006b657932323800e4
  key229 � -- 00006b657932323900e5
  key23  -- 00006b657932330017
  key230 � -- 00006b657932333000e6
  key231 � -- 00006b657932333100e7
  key232 � -- 00006b657932333200e8
  key233 � -- 00006b657932333300e9
  key234 � -- 00006b657932333400ea
  key235 � -- 00006b657932333500eb
  key236 � -- 00006b657932333600ec
  key237 � -- 00006b657932333700ed
  key238 � -- 00006b657932333800ee
  key239 � -- 00006b657932333900ef
  key24  -- 00006b657932340018
  key240 � -- 00006b657932343000f0
  key241 � -- 00006b657932343100f1
  key242 � -- 00006b657932343200f2
  key243 � -- 00006b657932343300f3
  key244 � -- 00006b657932343400f4
  key245 � -- 00006b657932343500f5
  key246 � -- 00006b657932343600f6
  key247 � -- 00006b657932343700f7
  key248 � -- 00006b657932343800f8
  key249 � -- 00006b657932343900f9
  key25  -- 00006b657932350019
  key250 � -- 00006b657932353000fa
  key251 � -- 00006b657932353100fb
  key252 � -- 00006b657932353200fc
  key253 � -- 00006b657932353300fd
  key254 � -- 00006b657932353400fe
  key255 � -- 00006b657932353500ff
  key26  -- 00006b65793236001a
  key27  -- 00006b65793237001b
  key28  -- 00006b65793238001c
  key29  -- 00006b65793239001d
  key3  -- 00006b6579330003
  key30  -- 00006b65793330001e
  key31  -- 00006b65793331001f
  key32   -- 00006b657933320020
  key33 ! -- 00006b657933330021
  key34 " -- 00006b657933340022
  key35 # -- 00006b657933350023
  key36 $ -- 00006b657933360024
  key37 % -- 00006b657933370025
  key38 & -- 00006b657933380026
  key39 ' -- 00006b657933390027
  key4  -- 00006b6579340004
  key40 ( -- 00006b657934300028
  key41 ) -- 00006b657934310029
  key42 * -- 00006b65793432002a
  key43 + -- 00006b65793433002b
  key44 , -- 00006b65793434002c
  key45 - -- 00006b65793435002d
  key46 . -- 00006b65793436002e
  key47 / -- 00006b65793437002f
  key48 0 -- 00006b657934380030
  key49 1 -- 00006b657934390031
  key5  -- 00006b6579350005
  key50 2 -- 00006b657935300032
  key51 3 -- 00006b657935310033
  key52 4 -- 00006b657935320034
  key53 5 -- 00006b657935330035
  key54 6 -- 00006b657935340036
  key55 7 -- 00006b657935350037
  key56 8 -- 00006b657935360038
  key57 9 -- 00006b657935370039
  key58 : -- 00006b65793538003a
  key59 ; -- 00006b65793539003b
  key6  -- 00006b6579360006
  key60 < -- 00006b65793630003c
  key61 = -- 00006b65793631003d
  key62 > -- 00006b65793632003e
  key63 ? -- 00006b65793633003f
  key64 @ -- 00006b657936340040
  key65 A -- 00006b657936350041
  key66 B -- 00006b657936360042
  key67 C -- 00006b657936370043
  key68 D -- 00006b657936380044
  key69 E -- 00006b657936390045
  key7  -- 00006b6579370007
  key70 F -- 00006b657937300046
  key71 G -- 00006b657937310047
  key72 H -- 00006b657937320048
  key73 I -- 00006b657937330049
  key74 J -- 00006b65793734004a
  key75 K -- 00006b65793735004b
  key76 L -- 00006b65793736004c
  key77 M -- 00006b65793737004d
  key78 N -- 00006b65793738004e
  key79 O -- 00006b65793739004f
  key8  -- 00006b6579380008
  key80 P -- 00006b657938300050
  key81 Q -- 00006b657938310051
  key82 R -- 00006b657938320052
  key83 S -- 00006b657938330053
  key84 T -- 00006b657938340054
  key85 U -- 00006b657938350055
  key86 V -- 00006b657938360056
  key87 W -- 00006b657938370057
  key88 X -- 00006b657938380058
  key89 Y -- 00006b657938390059
  key9 	 -- 00006b6579390009
  key90 Z -- 00006b65793930005a
  key91 [ -- 00006b65793931005b
  key92 \ -- 00006b65793932005c
  key93 ] -- 00006b65793933005d
  key94 ^ -- 00006b65793934005e
  key95 _ -- 00006b65793935005f
  key96 ` -- 00006b657939360060
  key97 a -- 00006b657939370061
  key98 b -- 00006b657939380062
  key99 c -- 00006b657939390063
 key1   -- 00016b6579310000
 key2  -- 00016b657932000f
 key3 � -- 00016b65793300ff
 key4� -- 00016b6579340fff
 key21   -- 00026b657932310000
 key22  -- 00026b65793232000f
 key23 � -- 00026b6579323300ff
 key24� -- 00026b657932340fff
--------------------dump scan 0 0xff -------
key1   -- 6b6579310000
key2  -- 6b657932000f
--------------------dump scan prefix -------
key1 -- 6b657931
key2 -- 6b657932
key3 -- 6b657933
key4 -- 6b657934
--------------------dump scan range key1 key4 -------
key1 -- 6b657931
key2 -- 6b657932
key3 -- 6b657933
2026-09-13 18:04:40 [main] [INFO] o.a.h.s.b.BusinessHandlerImpl - cleanPartition: graph testPut-graph1, part id: 0, 0 -> 65536, cleanType:CLEAN_TYPE_KEEP_RANGE
2026-09-13 18:04:40 [JRaft-FSMCaller-Disruptor-0] [INFO] o.a.h.s.PartitionEngine - receive sync partition graph_name: "testPut-graph1"
end_key: 65536
version: 1
state: PState_Normal

2026-09-13 18:04:40 [JRaft-FSMCaller-Disruptor-0] [INFO] o.a.h.s.HgStoreEngine - Partition testPut-graph1-0-PState_Normal sync partition status is Status[OK]
2026-09-13 18:04:40 [JRaft-Closure-Executor-6] [INFO] o.a.h.s.b.BusinessHandlerImpl - Partition testPut-graph1-0 cleanPartition begin... graph_name: "testPut-graph1"
end_key: 65536
version: 1
state: PState_Normal

2026-09-13 18:04:40 [JRaft-Closure-Executor-6] [INFO] o.a.h.s.b.BusinessHandlerImpl - partition testPut-graph1-0, table:default, delete keys 0, total:0
2026-09-13 18:04:40 [JRaft-Closure-Executor-6] [INFO] o.a.h.s.b.BusinessHandlerImpl - partition testPut-graph1-0, table:unknown, delete keys 0, total:4
2026-09-13 18:04:40 [JRaft-Closure-Executor-6] [INFO] o.a.h.s.b.BusinessHandlerImpl - Partition testPut-graph1-0 cleanPartition end
2026-09-13 18:04:42 [main] [WARN] o.a.h.s.b.BusinessHandlerImpl - close all db!!! 
2026-09-13 18:04:42 [main] [INFO] o.a.h.r.a.RocksDBFactory - close 00000 's  rocksdb.
2026-09-13 18:04:42 [main] [INFO] o.a.h.r.a.RocksDBSession - shutdown db 00000, path is /tmp/junit/db/00000_10 
2026-09-13 18:04:42 [main] [INFO] o.a.h.r.a.RocksDBFactory - close hgstore-metadata 's  rocksdb.
2026-09-13 18:04:42 [main] [INFO] o.a.h.r.a.RocksDBSession - shutdown db hgstore-metadata, path is /tmp/junit/hgstore-metadata 
2026-09-13 18:04:42 [main] [INFO] o.a.h.s.HeartbeatService - HeartbeatService shutdown
2026-09-13 18:04:42 [main] [INFO] c.a.s.j.c.NodeImpl - Node <hg_0/127.0.0.1:6510> starts to transfer leadership to any peer.
2026-09-13 18:04:42 [main] [WARN] o.a.h.s.HgStoreEngine - transfer leader error: Status[UNKNOWN<-1>: Candidate not found for any peer]
2026-09-13 18:04:42 [main] [INFO] c.a.s.j.c.NodeImpl - Node <hg_0/127.0.0.1:6510> shutdown, currTerm=1 state=STATE_LEADER.
2026-09-13 18:04:42 [main] [INFO] c.a.s.j.c.ReplicatorGroupImpl - Fail to find the next candidate.
2026-09-13 18:04:42 [JRaft-FSMCaller-Disruptor-0] [INFO] c.a.s.j.c.StateMachineAdapter - onLeaderStop: status=Status[ESHUTDOWN<1007>: Raft node is going to quit.].
2026-09-13 18:04:42 [JRaft-FSMCaller-Disruptor-0] [INFO] o.a.h.s.r.PartitionStateMachine - Raft 0 lost leader 
2026-09-13 18:04:42 [main] [INFO] c.a.s.j.s.i.LocalRaftMetaStorage - Save raft meta, path=/tmp/junit/raft/00000/meta, term=1, votedFor=127.0.0.1:6510, cost time=11 ms
2026-09-13 18:04:42 [main] [INFO] c.a.s.j.c.FSMCallerImpl - Shutting down FSMCaller...
2026-09-13 18:04:42 [main] [INFO] c.a.s.j.c.StateMachineAdapter - onShutdown.
2026-09-13 18:04:42 [main] [INFO] c.a.s.j.u.LogThreadPoolExecutor - ThreadPool is terminated: JRaft-RPC-Processor, com.alipay.sofa.jraft.util.MetricThreadPoolExecutor@3751baf6[Shutting down, pool size = 0, active threads = 0, queued tasks = 0, completed tasks = 0].
2026-09-13 18:04:42 [main] [INFO] c.a.s.j.u.LogScheduledThreadPoolExecutor - ThreadPool is terminated: JRaft-Node-ScheduleThreadPool, com.alipay.sofa.jraft.util.MetricScheduledThreadPoolExecutor@32d46229[Shutting down, pool size = 0, active threads = 0, queued tasks = 0, completed tasks = 0].
2026-09-13 18:04:42 [JRaft-NodeImpl-Disruptor-0] [INFO] c.a.s.j.c.NodeImpl - The number of active nodes decrement to 0.
2026-09-13 18:04:42 [JRaft-Global-ElectionTimer0] [INFO] c.a.s.j.u.LogScheduledThreadPoolExecutor - ThreadPool is terminated: JRaft-Global-ElectionTimer, com.alipay.sofa.jraft.util.MetricScheduledThreadPoolExecutor@16e5c19f[Shutting down, pool size = 0, active threads = 0, queued tasks = 0, completed tasks = 0].
2026-09-13 18:04:42 [main] [INFO] c.a.s.j.u.RepeatedTimer - Destroy timer: RepeatedTimer{timeout=null, stopped=true, running=false, destroyed=true, invoking=false, timeoutMs=3000, name='JRaft-ElectionTimer-<hg_0/127.0.0.1:6510>'}.
2026-09-13 18:04:42 [JRaft-Global-VoteTimer0] [INFO] c.a.s.j.u.LogScheduledThreadPoolExecutor - ThreadPool is terminated: JRaft-Global-VoteTimer, com.alipay.sofa.jraft.util.MetricScheduledThreadPoolExecutor@3e0e3048[Shutting down, pool size = 0, active threads = 0, queued tasks = 0, completed tasks = 0].
2026-09-13 18:04:42 [main] [INFO] c.a.s.j.u.RepeatedTimer - Destroy timer: RepeatedTimer{timeout=null, stopped=true, running=false, destroyed=true, invoking=false, timeoutMs=3000, name='JRaft-VoteTimer-<hg_0/127.0.0.1:6510>'}.
2026-09-13 18:04:42 [JRaft-Global-StepDownTimer0] [INFO] c.a.s.j.u.LogScheduledThreadPoolExecutor - ThreadPool is terminated: JRaft-Global-StepDownTimer, com.alipay.sofa.jraft.util.MetricScheduledThreadPoolExecutor@447a557b[Shutting down, pool size = 0, active threads = 0, queued tasks = 0, completed tasks = 2].
2026-09-13 18:04:42 [main] [INFO] c.a.s.j.u.RepeatedTimer - Destroy timer: RepeatedTimer{timeout=null, stopped=true, running=false, destroyed=true, invoking=false, timeoutMs=1500, name='JRaft-StepDownTimer-<hg_0/127.0.0.1:6510>'}.
2026-09-13 18:04:42 [JRaft-Global-SnapshotTimer0] [INFO] c.a.s.j.u.LogScheduledThreadPoolExecutor - ThreadPool is terminated: JRaft-Global-SnapshotTimer, com.alipay.sofa.jraft.util.MetricScheduledThreadPoolExecutor@7d432bc0[Shutting down, pool size = 0, active threads = 0, queued tasks = 0, completed tasks = 0].
2026-09-13 18:04:42 [main] [INFO] c.a.s.j.u.RepeatedTimer - Destroy timer: RepeatedTimer{timeout=null, stopped=true, running=false, destroyed=true, invoking=false, timeoutMs=3600000, name='JRaft-SnapshotTimer-<hg_0/127.0.0.1:6510>'}.
2026-09-13 18:04:42 [main] [INFO] c.a.s.j.RaftGroupService - Stop the RaftGroupService successfully.
2026-09-13 18:04:42 [JRaft-Closure-Executor-13] [INFO] c.a.s.j.s.l.RocksDBSegmentLogStorage - RocksDBSegmentLogStorage stopped checkpoint task.
2026-09-13 18:04:42 [SegmentAllocator] [INFO] c.a.s.j.s.l.RocksDBSegmentLogStorage - SegmentAllocator exit.
2026-09-13 18:04:42 [JRaft-Closure-Executor-13] [INFO] c.a.s.j.s.l.SegmentFile - Unloaded segment file /tmp/junit/raft/00000/log/segments/0000000000000000000.s, current status: SegmentFile [firstLogIndex=2, lastLogIndex=4, size=1073741824, path=/tmp/junit/raft/00000/log/segments/0000000000000000000.s, wrotePos=18, committedPos=18].
2026-09-13 18:04:42 [JRaft-Closure-Executor-13] [INFO] c.a.s.j.s.l.SegmentFile - Unloaded segment file /tmp/junit/raft/00000/log/segments/0000000000000000001.s, current status: SegmentFile [firstLogIndex=-99, lastLogIndex=9223372036854775807, size=1073741824, path=/tmp/junit/raft/00000/log/segments/0000000000000000001.s, wrotePos=18, committedPos=18].
2026-09-13 18:04:42 [JRaft-Closure-Executor-13] [INFO] c.a.s.j.s.l.SegmentFile - Unloaded segment file /tmp/junit/raft/00000/log/segments/0000000000000000002.s, current status: SegmentFile [firstLogIndex=-99, lastLogIndex=9223372036854775807, size=1073741824, path=/tmp/junit/raft/00000/log/segments/0000000000000000002.s, wrotePos=18, committedPos=18].
2026-09-13 18:04:42 [JRaft-Closure-Executor-13] [INFO] c.a.s.j.u.LogThreadPoolExecutor - ThreadPool is terminated: RocksDBSegmentLogStorage-write-pool, com.alipay.sofa.jraft.util.MetricThreadPoolExecutor@477d6f66[Shutting down, pool size = 0, active threads = 0, queued tasks = 0, completed tasks = 0].
2026-09-13 18:04:42 [JRaft-Closure-Executor-13] [INFO] c.a.s.j.s.i.RocksDBLogStorage - DB destroyed, the db path is: /tmp/junit/raft/00000/log.
2026-09-13 18:04:42 [main] [INFO] o.a.h.s.PartitionEngine - PartitionEngine shutdown successfully: PartitionEngine{groupId =0, isLeader=false, options=PartitionEngineOptions(taskScheduleTime=60, splitPartitionTimeout=1800000, raftOptions=HgStoreEngineOptions.RaftOptions(rpcConnectTimeoutMs=1000, electionTimeoutMs=3000, rpcInstallSnapshotTimeout=3600000, waitLeaderTimeout=30, maxEntriesSize=256, maxBodySize=524288, overloadRateLimit=100, keepInMemorySegmentCount=2, preAllocateSegmentCount=1, splitPartitionLogIndexMargin=10, rpcDefaultTimeout=5000, snapshotIntervalSecs=3600, snapshotDownloadingThreads=4, snapshotLogIndexMargin=1024, metrics=true, disruptorBufferSize=4096, maxReplicatorInflightMsgs=256, maxLogSize=104857600, aveLogEntrySizeRatio=0.95, useRocksDBSegmentLogStorage=true, maxSegmentFileSize=67108864), raftDataPath=/tmp/junit/raft/00000, raftSnapShotPath=/tmp/junit/raft/00000, groupId=0, raftAddress=127.0.0.1:6510, peerList=[127.0.0.1:6510::100], conf=null, taskHandler=null)}.
2026-09-13 18:04:42 [main] [INFO] o.a.h.r.a.RocksDBFactory - close 00000 's  rocksdb.
2026-09-13 18:04:42 [main] [INFO] o.a.h.r.a.RocksDBFactory - closing all rocksdb....
[[1;34mINFO[m] [1;32mTests run: [0;1;32m2[m, Failures: 0, Errors: 0, Skipped: 0, Time elapsed: 5.922 s - in org.apache.hugegraph.store.core.[1mHgBusinessImplTest[m
[[1;34mINFO[m] 
[[1;34mINFO[m] Results:
[[1;34mINFO[m] 
[[1;34mINFO[m] [1;32mTests run: 2, Failures: 0, Errors: 0, Skipped: 0[m
[[1;34mINFO[m] 
[[1;34mINFO[m] 
[[1;34mINFO[m] [1m--- [0;32mmaven-surefire-plugin:2.20:test[m [1m(store-raftcore-test)[m @ [36mhg-store-test[0;1m ---[m
[[1;34mINFO[m] 
[[1;34mINFO[m] -------------------------------------------------------
[[1;34mINFO[m]  T E S T S
[[1;34mINFO[m] -------------------------------------------------------
[[1;34mINFO[m] Running org.apache.hugegraph.store.core.[1mHgBusinessImplTest[m
java.lang.instrument.IllegalClassFormatException: Error while instrumenting sun/util/resources/cldr/provider/CLDRLocaleDataMetaInfo with JaCoCo 0.8.8.202204050719/5dcf34a.
	at org.jacoco.agent.rt.internal_b6258fc.CoverageTransformer.transform(CoverageTransformer.java:94)
	at java.instrument/java.lang.instrument.ClassFileTransformer.transform(ClassFileTransformer.java:244)
	at java.instrument/sun.instrument.TransformerManager.transform(TransformerManager.java:188)
	at java.instrument/sun.instrument.InstrumentationImpl.transform(InstrumentationImpl.java:610)
	at java.base/java.lang.ClassLoader.defineClass2(Native Method)
	at java.base/java.lang.ClassLoader.defineClass(ClassLoader.java:1118)
	at java.base/java.security.SecureClassLoader.defineClass(SecureClassLoader.java:182)
	at java.base/jdk.internal.loader.BuiltinClassLoader.defineClass(BuiltinClassLoader.java:821)
	at java.base/jdk.internal.loader.BuiltinClassLoader.findClassInModuleOrNull(BuiltinClassLoader.java:741)
	at java.base/jdk.internal.loader.BuiltinClassLoader.findClass(BuiltinClassLoader.java:621)
	at java.base/java.lang.ClassLoader.loadClass(ClassLoader.java:638)
	at java.base/java.lang.Class.forName(Class.java:627)
	at java.base/java.lang.Class.forName(Class.java:602)
	at java.base/java.util.ServiceLoader.loadProvider(ServiceLoader.java:859)
	at java.base/java.util.ServiceLoader$ModuleServicesLookupIterator.hasNext(ServiceLoader.java:1084)
	at java.base/java.util.ServiceLoader$2.hasNext(ServiceLoader.java:1309)
	at java.base/java.util.ServiceLoader$3.hasNext(ServiceLoader.java:1393)
	at java.base/sun.util.cldr.CLDRLocaleProviderAdapter.lambda$new$0(CLDRLocaleProviderAdapter.java:84)
	at java.base/java.security.AccessController.doPrivileged(AccessController.java:571)
	at java.base/sun.util.cldr.CLDRLocaleProviderAdapter.<init>(CLDRLocaleProviderAdapter.java:83)
	at java.base/jdk.internal.reflect.DirectConstructorHandleAccessor.newInstance(DirectConstructorHandleAccessor.java:62)
	at java.base/java.lang.reflect.Constructor.newInstanceWithCaller(Constructor.java:502)
	at java.base/java.lang.reflect.Constructor.newInstance(Constructor.java:486)
	at java.base/sun.util.locale.provider.LocaleProviderAdapter.forType(LocaleProviderAdapter.java:194)
	at java.base/sun.util.locale.provider.LocaleProviderAdapter.findAdapter(LocaleProviderAdapter.java:293)
	at java.base/sun.util.locale.provider.LocaleProviderAdapter.getAdapter(LocaleProviderAdapter.java:264)
	at java.base/java.util.Calendar.createCalendar(Calendar.java:1696)
	at java.base/java.util.Calendar.getInstance(Calendar.java:1645)
	at org.apache.logging.log4j.core.util.datetime.FixedDateFormat.calcMidnightMillis(FixedDateFormat.java:547)
	at org.apache.logging.log4j.core.util.datetime.FixedDateFormat.updateMidnightMillis(FixedDateFormat.java:538)
	at org.apache.logging.log4j.core.util.datetime.FixedDateFormat.millisSinceMidnight(FixedDateFormat.java:529)
	at org.apache.logging.log4j.core.util.datetime.FixedDateFormat.format(FixedDateFormat.java:616)
	at org.apache.logging.log4j.core.util.datetime.FixedDateFormat.formatInstant(FixedDateFormat.java:590)
	at org.apache.logging.log4j.core.util.datetime.FixedDateFormat.formatInstant(FixedDateFormat.java:584)
	at org.apache.logging.log4j.core.pattern.DatePatternConverter$FixedFormatter.format(DatePatternConverter.java:100)
	at org.apache.logging.log4j.core.pattern.DatePatternConverter$CachedTime.<init>(DatePatternConverter.java:155)
	at org.apache.logging.log4j.core.pattern.DatePatternConverter.fromEpochMillis(DatePatternConverter.java:190)
	at org.apache.logging.log4j.core.pattern.DatePatternConverter.<init>(DatePatternConverter.java:184)
	at org.apache.logging.log4j.core.pattern.DatePatternConverter.newInstance(DatePatternConverter.java:208)
	at java.base/jdk.internal.reflect.DirectMethodHandleAccessor.invoke(DirectMethodHandleAccessor.java:103)
	at java.base/java.lang.reflect.Method.invoke(Method.java:580)
	at org.apache.logging.log4j.core.pattern.PatternParser.createConverter(PatternParser.java:590)
	at org.apache.logging.log4j.core.pattern.PatternParser.finalizeConverter(PatternParser.java:657)
	at org.apache.logging.log4j.core.pattern.PatternParser.parse(PatternParser.java:420)
	at org.apache.logging.log4j.core.pattern.PatternParser.parse(PatternParser.java:177)
	at org.apache.logging.log4j.core.layout.PatternLayout$SerializerBuilder.build(PatternLayout.java:474)
	at org.apache.logging.log4j.core.layout.PatternLayout.<init>(PatternLayout.java:140)
	at org.apache.logging.log4j.core.layout.PatternLayout.<init>(PatternLayout.java:61)
	at org.apache.logging.log4j.core.layout.PatternLayout$Builder.build(PatternLayout.java:770)
	at org.apache.logging.log4j.core.config.AbstractConfiguration.setToDefault(AbstractConfiguration.java:715)
	at org.apache.logging.log4j.core.config.DefaultConfiguration.<init>(DefaultConfiguration.java:47)
	at org.apache.logging.log4j.core.LoggerContext.<init>(LoggerContext.java:95)
	at org.apache.logging.log4j.core.selector.ClassLoaderContextSelector.createContext(ClassLoaderContextSelector.java:254)
	at org.apache.logging.log4j.core.selector.ClassLoaderContextSelector.locateContext(ClassLoaderContextSelector.java:218)
	at org.apache.logging.log4j.core.selector.ClassLoaderContextSelector.getContext(ClassLoaderContextSelector.java:136)
	at org.apache.logging.log4j.core.selector.ClassLoaderContextSelector.getContext(ClassLoaderContextSelector.java:123)
	at org.apache.logging.log4j.core.selector.ClassLoaderContextSelector.getContext(ClassLoaderContextSelector.java:117)
	at org.apache.logging.log4j.core.impl.Log4jContextFactory.getContext(Log4jContextFactory.java:150)
	at org.apache.logging.log4j.core.impl.Log4jContextFactory.getContext(Log4jContextFactory.java:47)
	at org.apache.logging.log4j.LogManager.getContext(LogManager.java:196)
	at org.apache.logging.log4j.spi.AbstractLoggerAdapter.getContext(AbstractLoggerAdapter.java:137)
	at org.apache.logging.slf4j.Log4jLoggerFactory.getContext(Log4jLoggerFactory.java:55)
	at org.apache.logging.log4j.spi.AbstractLoggerAdapter.getLogger(AbstractLoggerAdapter.java:47)
	at org.apache.logging.slf4j.Log4jLoggerFactory.getLogger(Log4jLoggerFactory.java:33)
	at org.slf4j.LoggerFactory.getLogger(LoggerFactory.java:358)
	at org.slf4j.LoggerFactory.getLogger(LoggerFactory.java:383)
	at org.apache.hugegraph.store.core.StoreEngineTestBase.<clinit>(StoreEngineTestBase.java:45)
	at java.base/jdk.internal.misc.Unsafe.ensureClassInitialized0(Native Method)
	at java.base/jdk.internal.misc.Unsafe.ensureClassInitialized(Unsafe.java:1160)
	at java.base/jdk.internal.reflect.MethodHandleAccessorFactory.ensureClassInitialized(MethodHandleAccessorFactory.java:300)
	at java.base/jdk.internal.reflect.MethodHandleAccessorFactory.newMethodAccessor(MethodHandleAccessorFactory.java:71)
	at java.base/jdk.internal.reflect.ReflectionFactory.newMethodAccessor(ReflectionFactory.java:159)
	at java.base/java.lang.reflect.Method.acquireMethodAccessor(Method.java:726)
	at java.base/java.lang.reflect.Method.invoke(Method.java:577)
	at org.junit.runners.model.FrameworkMethod$1.runReflectiveCall(FrameworkMethod.java:59)
	at org.junit.internal.runners.model.ReflectiveCallable.run(ReflectiveCallable.java:12)
	at org.junit.runners.model.FrameworkMethod.invokeExplosively(FrameworkMethod.java:56)
	at org.junit.internal.runners.statements.RunBefores.invokeMethod(RunBefores.java:33)
	at org.junit.internal.runners.statements.RunBefores.evaluate(RunBefores.java:24)
	at org.junit.internal.runners.statements.RunAfters.evaluate(RunAfters.java:27)
	at org.junit.runners.ParentRunner$3.evaluate(ParentRunner.java:306)
	at org.junit.runners.ParentRunner.run(ParentRunner.java:413)
	at org.apache.maven.surefire.junit4.JUnit4Provider.execute(JUnit4Provider.java:365)
	at org.apache.maven.surefire.junit4.JUnit4Provider.executeWithRerun(JUnit4Provider.java:272)
	at org.apache.maven.surefire.junit4.JUnit4Provider.executeTestSet(JUnit4Provider.java:236)
	at org.apache.maven.surefire.junit4.JUnit4Provider.invoke(JUnit4Provider.java:159)
	at org.apache.maven.surefire.booter.ForkedBooter.invokeProviderInSameClassLoader(ForkedBooter.java:386)
	at org.apache.maven.surefire.booter.ForkedBooter.runSuitesInProcess(ForkedBooter.java:323)
	at org.apache.maven.surefire.booter.ForkedBooter.main(ForkedBooter.java:143)
Caused by: java.io.IOException: Error while instrumenting sun/util/resources/cldr/provider/CLDRLocaleDataMetaInfo with JaCoCo 0.8.8.202204050719/5dcf34a.
	at org.jacoco.agent.rt.internal_b6258fc.core.instr.Instrumenter.instrumentError(Instrumenter.java:161)
	at org.jacoco.agent.rt.internal_b6258fc.core.instr.Instrumenter.instrument(Instrumenter.java:111)
	at org.jacoco.agent.rt.internal_b6258fc.CoverageTransformer.transform(CoverageTransformer.java:92)
	... 88 more
Caused by: java.lang.IllegalArgumentException: Unsupported class file major version 65
	at org.jacoco.agent.rt.internal_b6258fc.asm.ClassReader.<init>(ClassReader.java:199)
	at org.jacoco.agent.rt.internal_b6258fc.asm.ClassReader.<init>(ClassReader.java:180)
	at org.jacoco.agent.rt.internal_b6258fc.asm.ClassReader.<init>(ClassReader.java:166)
	at org.jacoco.agent.rt.internal_b6258fc.core.internal.instr.InstrSupport.classReaderFor(InstrSupport.java:280)
	at org.jacoco.agent.rt.internal_b6258fc.core.instr.Instrumenter.instrument(Instrumenter.java:77)
	at org.jacoco.agent.rt.internal_b6258fc.core.instr.Instrumenter.instrument(Instrumenter.java:109)
	... 89 more
java.lang.instrument.IllegalClassFormatException: Error while instrumenting javax/script/ScriptEngineManager with JaCoCo 0.8.8.202204050719/5dcf34a.
	at org.jacoco.agent.rt.internal_b6258fc.CoverageTransformer.transform(CoverageTransformer.java:94)
	at java.instrument/java.lang.instrument.ClassFileTransformer.transform(ClassFileTransformer.java:244)
	at java.instrument/sun.instrument.TransformerManager.transform(TransformerManager.java:188)
	at java.instrument/sun.instrument.InstrumentationImpl.transform(InstrumentationImpl.java:610)
	at java.base/java.lang.ClassLoader.defineClass2(Native Method)
	at java.base/java.lang.ClassLoader.defineClass(ClassLoader.java:1118)
	at java.base/java.security.SecureClassLoader.defineClass(SecureClassLoader.java:182)
	at java.base/jdk.internal.loader.BuiltinClassLoader.defineClass(BuiltinClassLoader.java:821)
	at java.base/jdk.internal.loader.BuiltinClassLoader.findClassInModuleOrNull(BuiltinClassLoader.java:741)
	at java.base/jdk.internal.loader.BuiltinClassLoader.loadClassOrNull(BuiltinClassLoader.java:665)
	at java.base/jdk.internal.loader.BuiltinClassLoader.loadClassOrNull(BuiltinClassLoader.java:700)
	at java.base/jdk.internal.loader.BuiltinClassLoader.loadClassOrNull(BuiltinClassLoader.java:669)
	at java.base/jdk.internal.loader.BuiltinClassLoader.loadClass(BuiltinClassLoader.java:639)
	at java.base/jdk.internal.loader.ClassLoaders$AppClassLoader.loadClass(ClassLoaders.java:188)
	at java.base/java.lang.ClassLoader.loadClass(ClassLoader.java:526)
	at org.apache.logging.log4j.core.script.ScriptManager.<init>(ScriptManager.java:70)
	at org.apache.logging.log4j.core.config.AbstractConfiguration.initialize(AbstractConfiguration.java:221)
	at org.apache.logging.log4j.core.config.AbstractConfiguration.start(AbstractConfiguration.java:289)
	at org.apache.logging.log4j.core.LoggerContext.setConfiguration(LoggerContext.java:626)
	at org.apache.logging.log4j.core.LoggerContext.reconfigure(LoggerContext.java:699)
	at org.apache.logging.log4j.core.LoggerContext.reconfigure(LoggerContext.java:716)
	at org.apache.logging.log4j.core.LoggerContext.start(LoggerContext.java:270)
	at org.apache.logging.log4j.core.impl.Log4jContextFactory.getContext(Log4jContextFactory.java:155)
	at org.apache.logging.log4j.core.impl.Log4jContextFactory.getContext(Log4jContextFactory.java:47)
	at org.apache.logging.log4j.LogManager.getContext(LogManager.java:196)
	at org.apache.logging.log4j.spi.AbstractLoggerAdapter.getContext(AbstractLoggerAdapter.java:137)
	at org.apache.logging.slf4j.Log4jLoggerFactory.getContext(Log4jLoggerFactory.java:55)
	at org.apache.logging.log4j.spi.AbstractLoggerAdapter.getLogger(AbstractLoggerAdapter.java:47)
	at org.apache.logging.slf4j.Log4jLoggerFactory.getLogger(Log4jLoggerFactory.java:33)
	at org.slf4j.LoggerFactory.getLogger(LoggerFactory.java:358)
	at org.slf4j.LoggerFactory.getLogger(LoggerFactory.java:383)
	at org.apache.hugegraph.store.core.StoreEngineTestBase.<clinit>(StoreEngineTestBase.java:45)
	at java.base/jdk.internal.misc.Unsafe.ensureClassInitialized0(Native Method)
	at java.base/jdk.internal.misc.Unsafe.ensureClassInitialized(Unsafe.java:1160)
	at java.base/jdk.internal.reflect.MethodHandleAccessorFactory.ensureClassInitialized(MethodHandleAccessorFactory.java:300)
	at java.base/jdk.internal.reflect.MethodHandleAccessorFactory.newMethodAccessor(MethodHandleAccessorFactory.java:71)
	at java.base/jdk.internal.reflect.ReflectionFactory.newMethodAccessor(ReflectionFactory.java:159)
	at java.base/java.lang.reflect.Method.acquireMethodAccessor(Method.java:726)
	at java.base/java.lang.reflect.Method.invoke(Method.java:577)
	at org.junit.runners.model.FrameworkMethod$1.runReflectiveCall(FrameworkMethod.java:59)
	at org.junit.internal.runners.model.ReflectiveCallable.run(ReflectiveCallable.java:12)
	at org.junit.runners.model.FrameworkMethod.invokeExplosively(FrameworkMethod.java:56)
	at org.junit.internal.runners.statements.RunBefores.invokeMethod(RunBefores.java:33)
	at org.junit.internal.runners.statements.RunBefores.evaluate(RunBefores.java:24)
	at org.junit.internal.runners.statements.RunAfters.evaluate(RunAfters.java:27)
	at org.junit.runners.ParentRunner$3.evaluate(ParentRunner.java:306)
	at org.junit.runners.ParentRunner.run(ParentRunner.java:413)
	at org.apache.maven.surefire.junit4.JUnit4Provider.execute(JUnit4Provider.java:365)
	at org.apache.maven.surefire.junit4.JUnit4Provider.executeWithRerun(JUnit4Provider.java:272)
	at org.apache.maven.surefire.junit4.JUnit4Provider.executeTestSet(JUnit4Provider.java:236)
	at org.apache.maven.surefire.junit4.JUnit4Provider.invoke(JUnit4Provider.java:159)
	at org.apache.maven.surefire.booter.ForkedBooter.invokeProviderInSameClassLoader(ForkedBooter.java:386)
	at org.apache.maven.surefire.booter.ForkedBooter.runSuitesInProcess(ForkedBooter.java:323)
	at org.apache.maven.surefire.booter.ForkedBooter.main(ForkedBooter.java:143)
Caused by: java.io.IOException: Error while instrumenting javax/script/ScriptEngineManager with JaCoCo 0.8.8.202204050719/5dcf34a.
	at org.jacoco.agent.rt.internal_b6258fc.core.instr.Instrumenter.instrumentError(Instrumenter.java:161)
	at org.jacoco.agent.rt.internal_b6258fc.core.instr.Instrumenter.instrument(Instrumenter.java:111)
	at org.jacoco.agent.rt.internal_b6258fc.CoverageTransformer.transform(CoverageTransformer.java:92)
	... 53 more
Caused by: java.lang.IllegalArgumentException: Unsupported class file major version 65
	at org.jacoco.agent.rt.internal_b6258fc.asm.ClassReader.<init>(ClassReader.java:199)
	at org.jacoco.agent.rt.internal_b6258fc.asm.ClassReader.<init>(ClassReader.java:180)
	at org.jacoco.agent.rt.internal_b6258fc.asm.ClassReader.<init>(ClassReader.java:166)
	at org.jacoco.agent.rt.internal_b6258fc.core.internal.instr.InstrSupport.classReaderFor(InstrSupport.java:280)
	at org.jacoco.agent.rt.internal_b6258fc.core.instr.Instrumenter.instrument(Instrumenter.java:77)
	at org.jacoco.agent.rt.internal_b6258fc.core.instr.Instrumenter.instrument(Instrumenter.java:109)
	... 54 more
java.lang.instrument.IllegalClassFormatException: Error while instrumenting javax/script/Bindings with JaCoCo 0.8.8.202204050719/5dcf34a.
	at org.jacoco.agent.rt.internal_b6258fc.CoverageTransformer.transform(CoverageTransformer.java:94)
	at java.instrument/java.lang.instrument.ClassFileTransformer.transform(ClassFileTransformer.java:244)
	at java.instrument/sun.instrument.TransformerManager.transform(TransformerManager.java:188)
	at java.instrument/sun.instrument.InstrumentationImpl.transform(InstrumentationImpl.java:610)
	at java.base/java.lang.ClassLoader.defineClass2(Native Method)
	at java.base/java.lang.ClassLoader.defineClass(ClassLoader.java:1118)
	at java.base/java.security.SecureClassLoader.defineClass(SecureClassLoader.java:182)
	at java.base/jdk.internal.loader.BuiltinClassLoader.defineClass(BuiltinClassLoader.java:821)
	at java.base/jdk.internal.loader.BuiltinClassLoader.findClassInModuleOrNull(BuiltinClassLoader.java:741)
	at java.base/jdk.internal.loader.BuiltinClassLoader.loadClassOrNull(BuiltinClassLoader.java:665)
	at java.base/jdk.internal.loader.BuiltinClassLoader.loadClass(BuiltinClassLoader.java:639)
	at java.base/java.lang.ClassLoader.loadClass(ClassLoader.java:526)
	at org.apache.logging.log4j.core.script.ScriptManager.<init>(ScriptManager.java:70)
	at org.apache.logging.log4j.core.config.AbstractConfiguration.initialize(AbstractConfiguration.java:221)
	at org.apache.logging.log4j.core.config.AbstractConfiguration.start(AbstractConfiguration.java:289)
	at org.apache.logging.log4j.core.LoggerContext.setConfiguration(LoggerContext.java:626)
	at org.apache.logging.log4j.core.LoggerContext.reconfigure(LoggerContext.java:699)
	at org.apache.logging.log4j.core.LoggerContext.reconfigure(LoggerContext.java:716)
	at org.apache.logging.log4j.core.LoggerContext.start(LoggerContext.java:270)
	at org.apache.logging.log4j.core.impl.Log4jContextFactory.getContext(Log4jContextFactory.java:155)
	at org.apache.logging.log4j.core.impl.Log4jContextFactory.getContext(Log4jContextFactory.java:47)
	at org.apache.logging.log4j.LogManager.getContext(LogManager.java:196)
	at org.apache.logging.log4j.spi.AbstractLoggerAdapter.getContext(AbstractLoggerAdapter.java:137)
	at org.apache.logging.slf4j.Log4jLoggerFactory.getContext(Log4jLoggerFactory.java:55)
	at org.apache.logging.log4j.spi.AbstractLoggerAdapter.getLogger(AbstractLoggerAdapter.java:47)
	at org.apache.logging.slf4j.Log4jLoggerFactory.getLogger(Log4jLoggerFactory.java:33)
	at org.slf4j.LoggerFactory.getLogger(LoggerFactory.java:358)
	at org.slf4j.LoggerFactory.getLogger(LoggerFactory.java:383)
	at org.apache.hugegraph.store.core.StoreEngineTestBase.<clinit>(StoreEngineTestBase.java:45)
	at java.base/jdk.internal.misc.Unsafe.ensureClassInitialized0(Native Method)
	at java.base/jdk.internal.misc.Unsafe.ensureClassInitialized(Unsafe.java:1160)
	at java.base/jdk.internal.reflect.MethodHandleAccessorFactory.ensureClassInitialized(MethodHandleAccessorFactory.java:300)
	at java.base/jdk.internal.reflect.MethodHandleAccessorFactory.newMethodAccessor(MethodHandleAccessorFactory.java:71)
	at java.base/jdk.internal.reflect.ReflectionFactory.newMethodAccessor(ReflectionFactory.java:159)
	at java.base/java.lang.reflect.Method.acquireMethodAccessor(Method.java:726)
	at java.base/java.lang.reflect.Method.invoke(Method.java:577)
	at org.junit.runners.model.FrameworkMethod$1.runReflectiveCall(FrameworkMethod.java:59)
	at org.junit.internal.runners.model.ReflectiveCallable.run(ReflectiveCallable.java:12)
	at org.junit.runners.model.FrameworkMethod.invokeExplosively(FrameworkMethod.java:56)
	at org.junit.internal.runners.statements.RunBefores.invokeMethod(RunBefores.java:33)
	at org.junit.internal.runners.statements.RunBefores.evaluate(RunBefores.java:24)
	at org.junit.internal.runners.statements.RunAfters.evaluate(RunAfters.java:27)
	at org.junit.runners.ParentRunner$3.evaluate(ParentRunner.java:306)
	at org.junit.runners.ParentRunner.run(ParentRunner.java:413)
	at org.apache.maven.surefire.junit4.JUnit4Provider.execute(JUnit4Provider.java:365)
	at org.apache.maven.surefire.junit4.JUnit4Provider.executeWithRerun(JUnit4Provider.java:272)
	at org.apache.maven.surefire.junit4.JUnit4Provider.executeTestSet(JUnit4Provider.java:236)
	at org.apache.maven.surefire.junit4.JUnit4Provider.invoke(JUnit4Provider.java:159)
	at org.apache.maven.surefire.booter.ForkedBooter.invokeProviderInSameClassLoader(ForkedBooter.java:386)
	at org.apache.maven.surefire.booter.ForkedBooter.runSuitesInProcess(ForkedBooter.java:323)
	at org.apache.maven.surefire.booter.ForkedBooter.main(ForkedBooter.java:143)
Caused by: java.io.IOException: Error while instrumenting javax/script/Bindings with JaCoCo 0.8.8.202204050719/5dcf34a.
	at org.jacoco.agent.rt.internal_b6258fc.core.instr.Instrumenter.instrumentError(Instrumenter.java:161)
	at org.jacoco.agent.rt.internal_b6258fc.core.instr.Instrumenter.instrument(Instrumenter.java:111)
	at org.jacoco.agent.rt.internal_b6258fc.CoverageTransformer.transform(CoverageTransformer.java:92)
	... 50 more
Caused by: java.lang.IllegalArgumentException: Unsupported class file major version 65
	at org.jacoco.agent.rt.internal_b6258fc.asm.ClassReader.<init>(ClassReader.java:199)
	at org.jacoco.agent.rt.internal_b6258fc.asm.ClassReader.<init>(ClassReader.java:180)
	at org.jacoco.agent.rt.internal_b6258fc.asm.ClassReader.<init>(ClassReader.java:166)
	at org.jacoco.agent.rt.internal_b6258fc.core.internal.instr.InstrSupport.classReaderFor(InstrSupport.java:280)
	at org.jacoco.agent.rt.internal_b6258fc.core.instr.Instrumenter.instrument(Instrumenter.java:77)
	at org.jacoco.agent.rt.internal_b6258fc.core.instr.Instrumenter.instrument(Instrumenter.java:109)
	... 51 more
java.lang.instrument.IllegalClassFormatException: Error while instrumenting javax/script/ScriptEngineFactory with JaCoCo 0.8.8.202204050719/5dcf34a.
	at org.jacoco.agent.rt.internal_b6258fc.CoverageTransformer.transform(CoverageTransformer.java:94)
	at java.instrument/java.lang.instrument.ClassFileTransformer.transform(ClassFileTransformer.java:244)
	at java.instrument/sun.instrument.TransformerManager.transform(TransformerManager.java:188)
	at java.instrument/sun.instrument.InstrumentationImpl.transform(InstrumentationImpl.java:610)
	at java.base/java.lang.ClassLoader.defineClass2(Native Method)
	at java.base/java.lang.ClassLoader.defineClass(ClassLoader.java:1118)
	at java.base/java.security.SecureClassLoader.defineClass(SecureClassLoader.java:182)
	at java.base/jdk.internal.loader.BuiltinClassLoader.defineClass(BuiltinClassLoader.java:821)
	at java.base/jdk.internal.loader.BuiltinClassLoader.findClassInModuleOrNull(BuiltinClassLoader.java:741)
	at java.base/jdk.internal.loader.BuiltinClassLoader.loadClassOrNull(BuiltinClassLoader.java:665)
	at java.base/jdk.internal.loader.BuiltinClassLoader.loadClass(BuiltinClassLoader.java:639)
	at java.base/java.lang.ClassLoader.loadClass(ClassLoader.java:526)
	at java.scripting/javax.script.ScriptEngineManager.<clinit>(ScriptEngineManager.java:315)
	at org.apache.logging.log4j.core.script.ScriptManager.<init>(ScriptManager.java:70)
	at org.apache.logging.log4j.core.config.AbstractConfiguration.initialize(AbstractConfiguration.java:221)
	at org.apache.logging.log4j.core.config.AbstractConfiguration.start(AbstractConfiguration.java:289)
	at org.apache.logging.log4j.core.LoggerContext.setConfiguration(LoggerContext.java:626)
	at org.apache.logging.log4j.core.LoggerContext.reconfigure(LoggerContext.java:699)
	at org.apache.logging.log4j.core.LoggerContext.reconfigure(LoggerContext.java:716)
	at org.apache.logging.log4j.core.LoggerContext.start(LoggerContext.java:270)
	at org.apache.logging.log4j.core.impl.Log4jContextFactory.getContext(Log4jContextFactory.java:155)
	at org.apache.logging.log4j.core.impl.Log4jContextFactory.getContext(Log4jContextFactory.java:47)
	at org.apache.logging.log4j.LogManager.getContext(LogManager.java:196)
	at org.apache.logging.log4j.spi.AbstractLoggerAdapter.getContext(AbstractLoggerAdapter.java:137)
	at org.apache.logging.slf4j.Log4jLoggerFactory.getContext(Log4jLoggerFactory.java:55)
	at org.apache.logging.log4j.spi.AbstractLoggerAdapter.getLogger(AbstractLoggerAdapter.java:47)
	at org.apache.logging.slf4j.Log4jLoggerFactory.getLogger(Log4jLoggerFactory.java:33)
	at org.slf4j.LoggerFactory.getLogger(LoggerFactory.java:358)
	at org.slf4j.LoggerFactory.getLogger(LoggerFactory.java:383)
	at org.apache.hugegraph.store.core.StoreEngineTestBase.<clinit>(StoreEngineTestBase.java:45)
	at java.base/jdk.internal.misc.Unsafe.ensureClassInitialized0(Native Method)
	at java.base/jdk.internal.misc.Unsafe.ensureClassInitialized(Unsafe.java:1160)
	at java.base/jdk.internal.reflect.MethodHandleAccessorFactory.ensureClassInitialized(MethodHandleAccessorFactory.java:300)
	at java.base/jdk.internal.reflect.MethodHandleAccessorFactory.newMethodAccessor(MethodHandleAccessorFactory.java:71)
	at java.base/jdk.internal.reflect.ReflectionFactory.newMethodAccessor(ReflectionFactory.java:159)
	at java.base/java.lang.reflect.Method.acquireMethodAccessor(Method.java:726)
	at java.base/java.lang.reflect.Method.invoke(Method.java:577)
	at org.junit.runners.model.FrameworkMethod$1.runReflectiveCall(FrameworkMethod.java:59)
	at org.junit.internal.runners.model.ReflectiveCallable.run(ReflectiveCallable.java:12)
	at org.junit.runners.model.FrameworkMethod.invokeExplosively(FrameworkMethod.java:56)
	at org.junit.internal.runners.statements.RunBefores.invokeMethod(RunBefores.java:33)
	at org.junit.internal.runners.statements.RunBefores.evaluate(RunBefores.java:24)
	at org.junit.internal.runners.statements.RunAfters.evaluate(RunAfters.java:27)
	at org.junit.runners.ParentRunner$3.evaluate(ParentRunner.java:306)
	at org.junit.runners.ParentRunner.run(ParentRunner.java:413)
	at org.apache.maven.surefire.junit4.JUnit4Provider.execute(JUnit4Provider.java:365)
	at org.apache.maven.surefire.junit4.JUnit4Provider.executeWithRerun(JUnit4Provider.java:272)
	at org.apache.maven.surefire.junit4.JUnit4Provider.executeTestSet(JUnit4Provider.java:236)
	at org.apache.maven.surefire.junit4.JUnit4Provider.invoke(JUnit4Provider.java:159)
	at org.apache.maven.surefire.booter.ForkedBooter.invokeProviderInSameClassLoader(ForkedBooter.java:386)
	at org.apache.maven.surefire.booter.ForkedBooter.runSuitesInProcess(ForkedBooter.java:323)
	at org.apache.maven.surefire.booter.ForkedBooter.main(ForkedBooter.java:143)
Caused by: java.io.IOException: Error while instrumenting javax/script/ScriptEngineFactory with JaCoCo 0.8.8.202204050719/5dcf34a.
	at org.jacoco.agent.rt.internal_b6258fc.core.instr.Instrumenter.instrumentError(Instrumenter.java:161)
	at org.jacoco.agent.rt.internal_b6258fc.core.instr.Instrumenter.instrument(Instrumenter.java:111)
	at org.jacoco.agent.rt.internal_b6258fc.CoverageTransformer.transform(CoverageTransformer.java:92)
	... 51 more
Caused by: java.lang.IllegalArgumentException: Unsupported class file major version 65
	at org.jacoco.agent.rt.internal_b6258fc.asm.ClassReader.<init>(ClassReader.java:199)
	at org.jacoco.agent.rt.internal_b6258fc.asm.ClassReader.<init>(ClassReader.java:180)
	at org.jacoco.agent.rt.internal_b6258fc.asm.ClassReader.<init>(ClassReader.java:166)
	at org.jacoco.agent.rt.internal_b6258fc.core.internal.instr.InstrSupport.classReaderFor(InstrSupport.java:280)
	at org.jacoco.agent.rt.internal_b6258fc.core.instr.Instrumenter.instrument(Instrumenter.java:77)
	at org.jacoco.agent.rt.internal_b6258fc.core.instr.Instrumenter.instrument(Instrumenter.java:109)
	... 52 more
java.lang.instrument.IllegalClassFormatException: Error while instrumenting javax/script/SimpleBindings with JaCoCo 0.8.8.202204050719/5dcf34a.
	at org.jacoco.agent.rt.internal_b6258fc.CoverageTransformer.transform(CoverageTransformer.java:94)
	at java.instrument/java.lang.instrument.ClassFileTransformer.transform(ClassFileTransformer.java:244)
	at java.instrument/sun.instrument.TransformerManager.transform(TransformerManager.java:188)
	at java.instrument/sun.instrument.InstrumentationImpl.transform(InstrumentationImpl.java:610)
	at java.base/java.lang.ClassLoader.defineClass2(Native Method)
	at java.base/java.lang.ClassLoader.defineClass(ClassLoader.java:1118)
	at java.base/java.security.SecureClassLoader.defineClass(SecureClassLoader.java:182)
	at java.base/jdk.internal.loader.BuiltinClassLoader.defineClass(BuiltinClassLoader.java:821)
	at java.base/jdk.internal.loader.BuiltinClassLoader.findClassInModuleOrNull(BuiltinClassLoader.java:741)
	at java.base/jdk.internal.loader.BuiltinClassLoader.loadClassOrNull(BuiltinClassLoader.java:665)
	at java.base/jdk.internal.loader.BuiltinClassLoader.loadClass(BuiltinClassLoader.java:639)
	at java.base/java.lang.ClassLoader.loadClass(ClassLoader.java:526)
	at java.scripting/javax.script.ScriptEngineManager.<init>(ScriptEngineManager.java:333)
	at java.scripting/javax.script.ScriptEngineManager.<init>(ScriptEngineManager.java:63)
	at org.apache.logging.log4j.core.script.ScriptManager.<init>(ScriptManager.java:70)
	at org.apache.logging.log4j.core.config.AbstractConfiguration.initialize(AbstractConfiguration.java:221)
	at org.apache.logging.log4j.core.config.AbstractConfiguration.start(AbstractConfiguration.java:289)
	at org.apache.logging.log4j.core.LoggerContext.setConfiguration(LoggerContext.java:626)
	at org.apache.logging.log4j.core.LoggerContext.reconfigure(LoggerContext.java:699)
	at org.apache.logging.log4j.core.LoggerContext.reconfigure(LoggerContext.java:716)
	at org.apache.logging.log4j.core.LoggerContext.start(LoggerContext.java:270)
	at org.apache.logging.log4j.core.impl.Log4jContextFactory.getContext(Log4jContextFactory.java:155)
	at org.apache.logging.log4j.core.impl.Log4jContextFactory.getContext(Log4jContextFactory.java:47)
	at org.apache.logging.log4j.LogManager.getContext(LogManager.java:196)
	at org.apache.logging.log4j.spi.AbstractLoggerAdapter.getContext(AbstractLoggerAdapter.java:137)
	at org.apache.logging.slf4j.Log4jLoggerFactory.getContext(Log4jLoggerFactory.java:55)
	at org.apache.logging.log4j.spi.AbstractLoggerAdapter.getLogger(AbstractLoggerAdapter.java:47)
	at org.apache.logging.slf4j.Log4jLoggerFactory.getLogger(Log4jLoggerFactory.java:33)
	at org.slf4j.LoggerFactory.getLogger(LoggerFactory.java:358)
	at org.slf4j.LoggerFactory.getLogger(LoggerFactory.java:383)
	at org.apache.hugegraph.store.core.StoreEngineTestBase.<clinit>(StoreEngineTestBase.java:45)
	at java.base/jdk.internal.misc.Unsafe.ensureClassInitialized0(Native Method)
	at java.base/jdk.internal.misc.Unsafe.ensureClassInitialized(Unsafe.java:1160)
	at java.base/jdk.internal.reflect.MethodHandleAccessorFactory.ensureClassInitialized(MethodHandleAccessorFactory.java:300)
	at java.base/jdk.internal.reflect.MethodHandleAccessorFactory.newMethodAccessor(MethodHandleAccessorFactory.java:71)
	at java.base/jdk.internal.reflect.ReflectionFactory.newMethodAccessor(ReflectionFactory.java:159)
	at java.base/java.lang.reflect.Method.acquireMethodAccessor(Method.java:726)
	at java.base/java.lang.reflect.Method.invoke(Method.java:577)
	at org.junit.runners.model.FrameworkMethod$1.runReflectiveCall(FrameworkMethod.java:59)
	at org.junit.internal.runners.model.ReflectiveCallable.run(ReflectiveCallable.java:12)
	at org.junit.runners.model.FrameworkMethod.invokeExplosively(FrameworkMethod.java:56)
	at org.junit.internal.runners.statements.RunBefores.invokeMethod(RunBefores.java:33)
	at org.junit.internal.runners.statements.RunBefores.evaluate(RunBefores.java:24)
	at org.junit.internal.runners.statements.RunAfters.evaluate(RunAfters.java:27)
	at org.junit.runners.ParentRunner$3.evaluate(ParentRunner.java:306)
	at org.junit.runners.ParentRunner.run(ParentRunner.java:413)
	at org.apache.maven.surefire.junit4.JUnit4Provider.execute(JUnit4Provider.java:365)
	at org.apache.maven.surefire.junit4.JUnit4Provider.executeWithRerun(JUnit4Provider.java:272)
	at org.apache.maven.surefire.junit4.JUnit4Provider.executeTestSet(JUnit4Provider.java:236)
	at org.apache.maven.surefire.junit4.JUnit4Provider.invoke(JUnit4Provider.java:159)
	at org.apache.maven.surefire.booter.ForkedBooter.invokeProviderInSameClassLoader(ForkedBooter.java:386)
	at org.apache.maven.surefire.booter.ForkedBooter.runSuitesInProcess(ForkedBooter.java:323)
	at org.apache.maven.surefire.booter.ForkedBooter.main(ForkedBooter.java:143)
Caused by: java.io.IOException: Error while instrumenting javax/script/SimpleBindings with JaCoCo 0.8.8.202204050719/5dcf34a.
	at org.jacoco.agent.rt.internal_b6258fc.core.instr.Instrumenter.instrumentError(Instrumenter.java:161)
	at org.jacoco.agent.rt.internal_b6258fc.core.instr.Instrumenter.instrument(Instrumenter.java:111)
	at org.jacoco.agent.rt.internal_b6258fc.CoverageTransformer.transform(CoverageTransformer.java:92)
	... 52 more
Caused by: java.lang.IllegalArgumentException: Unsupported class file major version 65
	at org.jacoco.agent.rt.internal_b6258fc.asm.ClassReader.<init>(ClassReader.java:199)
	at org.jacoco.agent.rt.internal_b6258fc.asm.ClassReader.<init>(ClassReader.java:180)
	at org.jacoco.agent.rt.internal_b6258fc.asm.ClassReader.<init>(ClassReader.java:166)
	at org.jacoco.agent.rt.internal_b6258fc.core.internal.instr.InstrSupport.classReaderFor(InstrSupport.java:280)
	at org.jacoco.agent.rt.internal_b6258fc.core.instr.Instrumenter.instrument(Instrumenter.java:77)
	at org.jacoco.agent.rt.internal_b6258fc.core.instr.Instrumenter.instrument(Instrumenter.java:109)
	... 53 more
java.lang.instrument.IllegalClassFormatException: Error while instrumenting javax/script/ScriptEngine with JaCoCo 0.8.8.202204050719/5dcf34a.
	at org.jacoco.agent.rt.internal_b6258fc.CoverageTransformer.transform(CoverageTransformer.java:94)
	at java.instrument/java.lang.instrument.ClassFileTransformer.transform(ClassFileTransformer.java:244)
	at java.instrument/sun.instrument.TransformerManager.transform(TransformerManager.java:188)
	at java.instrument/sun.instrument.InstrumentationImpl.transform(InstrumentationImpl.java:610)
	at java.base/java.lang.ClassLoader.defineClass2(Native Method)
	at java.base/java.lang.ClassLoader.defineClass(ClassLoader.java:1118)
	at java.base/java.security.SecureClassLoader.defineClass(SecureClassLoader.java:182)
	at java.base/jdk.internal.loader.BuiltinClassLoader.defineClass(BuiltinClassLoader.java:821)
	at java.base/jdk.internal.loader.BuiltinClassLoader.findClassInModuleOrNull(BuiltinClassLoader.java:741)
	at java.base/jdk.internal.loader.BuiltinClassLoader.loadClassOrNull(BuiltinClassLoader.java:665)
	at java.base/jdk.internal.loader.BuiltinClassLoader.loadClassOrNull(BuiltinClassLoader.java:700)
	at java.base/jdk.internal.loader.BuiltinClassLoader.loadClassOrNull(BuiltinClassLoader.java:669)
	at java.base/jdk.internal.loader.BuiltinClassLoader.loadClass(BuiltinClassLoader.java:639)
	at java.base/jdk.internal.loader.ClassLoaders$AppClassLoader.loadClass(ClassLoaders.java:188)
	at java.base/java.lang.ClassLoader.loadClass(ClassLoader.java:526)
	at java.base/java.lang.Class.getDeclaredConstructors0(Native Method)
	at java.base/java.lang.Class.privateGetDeclaredConstructors(Class.java:3551)
	at java.base/java.lang.Class.getConstructor0(Class.java:3756)
	at java.base/java.lang.Class.getConstructor(Class.java:2444)
	at java.base/java.util.ServiceLoader$1.run(ServiceLoader.java:666)
	at java.base/java.util.ServiceLoader$1.run(ServiceLoader.java:663)
	at java.base/java.security.AccessController.doPrivileged(AccessController.java:571)
	at java.base/java.util.ServiceLoader.getConstructor(ServiceLoader.java:674)
	at java.base/java.util.ServiceLoader$LazyClassPathLookupIterator.hasNextService(ServiceLoader.java:1240)
	at java.base/java.util.ServiceLoader$LazyClassPathLookupIterator.hasNext(ServiceLoader.java:1273)
	at java.base/java.util.ServiceLoader$2.hasNext(ServiceLoader.java:1309)
	at java.base/java.util.ServiceLoader$3.hasNext(ServiceLoader.java:1393)
	at java.scripting/javax.script.ScriptEngineManager.initEngines(ScriptEngineManager.java:103)
	at java.scripting/javax.script.ScriptEngineManager.<init>(ScriptEngineManager.java:76)
	at java.scripting/javax.script.ScriptEngineManager.<init>(ScriptEngineManager.java:63)
	at org.apache.logging.log4j.core.script.ScriptManager.<init>(ScriptManager.java:70)
	at org.apache.logging.log4j.core.config.AbstractConfiguration.initialize(AbstractConfiguration.java:221)
	at org.apache.logging.log4j.core.config.AbstractConfiguration.start(AbstractConfiguration.java:289)
	at org.apache.logging.log4j.core.LoggerContext.setConfiguration(LoggerContext.java:626)
	at org.apache.logging.log4j.core.LoggerContext.reconfigure(LoggerContext.java:699)
	at org.apache.logging.log4j.core.LoggerContext.reconfigure(LoggerContext.java:716)
	at org.apache.logging.log4j.core.LoggerContext.start(LoggerContext.java:270)
	at org.apache.logging.log4j.core.impl.Log4jContextFactory.getContext(Log4jContextFactory.java:155)
	at org.apache.logging.log4j.core.impl.Log4jContextFactory.getContext(Log4jContextFactory.java:47)
	at org.apache.logging.log4j.LogManager.getContext(LogManager.java:196)
	at org.apache.logging.log4j.spi.AbstractLoggerAdapter.getContext(AbstractLoggerAdapter.java:137)
	at org.apache.logging.slf4j.Log4jLoggerFactory.getContext(Log4jLoggerFactory.java:55)
	at org.apache.logging.log4j.spi.AbstractLoggerAdapter.getLogger(AbstractLoggerAdapter.java:47)
	at org.apache.logging.slf4j.Log4jLoggerFactory.getLogger(Log4jLoggerFactory.java:33)
	at org.slf4j.LoggerFactory.getLogger(LoggerFactory.java:358)
	at org.slf4j.LoggerFactory.getLogger(LoggerFactory.java:383)
	at org.apache.hugegraph.store.core.StoreEngineTestBase.<clinit>(StoreEngineTestBase.java:45)
	at java.base/jdk.internal.misc.Unsafe.ensureClassInitialized0(Native Method)
	at java.base/jdk.internal.misc.Unsafe.ensureClassInitialized(Unsafe.java:1160)
	at java.base/jdk.internal.reflect.MethodHandleAccessorFactory.ensureClassInitialized(MethodHandleAccessorFactory.java:300)
	at java.base/jdk.internal.reflect.MethodHandleAccessorFactory.newMethodAccessor(MethodHandleAccessorFactory.java:71)
	at java.base/jdk.internal.reflect.ReflectionFactory.newMethodAccessor(ReflectionFactory.java:159)
	at java.base/java.lang.reflect.Method.acquireMethodAccessor(Method.java:726)
	at java.base/java.lang.reflect.Method.invoke(Method.java:577)
	at org.junit.runners.model.FrameworkMethod$1.runReflectiveCall(FrameworkMethod.java:59)
	at org.junit.internal.runners.model.ReflectiveCallable.run(ReflectiveCallable.java:12)
	at org.junit.runners.model.FrameworkMethod.invokeExplosively(FrameworkMethod.java:56)
	at org.junit.internal.runners.statements.RunBefores.invokeMethod(RunBefores.java:33)
	at org.junit.internal.runners.statements.RunBefores.evaluate(RunBefores.java:24)
	at org.junit.internal.runners.statements.RunAfters.evaluate(RunAfters.java:27)
	at org.junit.runners.ParentRunner$3.evaluate(ParentRunner.java:306)
	at org.junit.runners.ParentRunner.run(ParentRunner.java:413)
	at org.apache.maven.surefire.junit4.JUnit4Provider.execute(JUnit4Provider.java:365)
	at org.apache.maven.surefire.junit4.JUnit4Provider.executeWithRerun(JUnit4Provider.java:272)
	at org.apache.maven.surefire.junit4.JUnit4Provider.executeTestSet(JUnit4Provider.java:236)
	at org.apache.maven.surefire.junit4.JUnit4Provider.invoke(JUnit4Provider.java:159)
	at org.apache.maven.surefire.booter.ForkedBooter.invokeProviderInSameClassLoader(ForkedBooter.java:386)
	at org.apache.maven.surefire.booter.ForkedBooter.runSuitesInProcess(ForkedBooter.java:323)
	at org.apache.maven.surefire.booter.ForkedBooter.main(ForkedBooter.java:143)
Caused by: java.io.IOException: Error while instrumenting javax/script/ScriptEngine with JaCoCo 0.8.8.202204050719/5dcf34a.
	at org.jacoco.agent.rt.internal_b6258fc.core.instr.Instrumenter.instrumentError(Instrumenter.java:161)
	at org.jacoco.agent.rt.internal_b6258fc.core.instr.Instrumenter.instrument(Instrumenter.java:111)
	at org.jacoco.agent.rt.internal_b6258fc.CoverageTransformer.transform(CoverageTransformer.java:92)
	... 68 more
Caused by: java.lang.IllegalArgumentException: Unsupported class file major version 65
	at org.jacoco.agent.rt.internal_b6258fc.asm.ClassReader.<init>(ClassReader.java:199)
	at org.jacoco.agent.rt.internal_b6258fc.asm.ClassReader.<init>(ClassReader.java:180)
	at org.jacoco.agent.rt.internal_b6258fc.asm.ClassReader.<init>(ClassReader.java:166)
	at org.jacoco.agent.rt.internal_b6258fc.core.internal.instr.InstrSupport.classReaderFor(InstrSupport.java:280)
	at org.jacoco.agent.rt.internal_b6258fc.core.instr.Instrumenter.instrument(Instrumenter.java:77)
	at org.jacoco.agent.rt.internal_b6258fc.core.instr.Instrumenter.instrument(Instrumenter.java:109)
	... 69 more
2026-09-13 18:04:44 [main] [INFO] o.a.h.s.o.RaftRocksdbOptions - RocksdbConfig -1
2026-09-13 18:04:44 [main] [WARN] o.a.h.c.OptionSpace - Already registered option holder: rocksdb (class org.apache.hugegraph.rocksdb.access.RocksDBOptions)
2026-09-13 18:04:44 [main] [WARN] o.a.h.c.HugeConfig - The config option 'rocksdb.write_cache' is redundant, please ensure it has been registered
2026-09-13 18:04:44 [main] [WARN] o.a.h.c.HugeConfig - The config option 'rocksdb.write_buffer_manager' is redundant, please ensure it has been registered
2026-09-13 18:04:44 [main] [WARN] o.a.h.c.HugeConfig - The config option 'rocksdb.env' is redundant, please ensure it has been registered
2026-09-13 18:04:44 [main] [WARN] o.a.h.c.HugeConfig - The config option 'rocksdb.block_table_config' is redundant, please ensure it has been registered
2026-09-13 18:04:44 [main] [WARN] o.a.h.c.HugeConfig - The config option 'rocksdb.block_cache' is redundant, please ensure it has been registered
2026-09-13 18:04:44 [main] [INFO] o.a.h.r.a.RocksDBFactory - create rocksdb for hgstore-metadata
2026-09-13 18:04:44 [main] [INFO] o.a.h.r.a.RocksDBSession - hgstore-metadata latest db path /tmp/junit/hgstore-metadata
2026-09-13 18:04:44 [main] [INFO] o.a.h.r.a.RocksDBSession - rocksdb use global WriteBufferManager
2026-09-13 18:04:44 [main] [INFO] c.a.s.j.u.JRaftServiceLoader - SPI service [com.alipay.sofa.jraft.util.timer.RaftTimerFactory - com.alipay.sofa.jraft.util.timer.DefaultRaftTimerFactory] loading.
2026-09-13 18:04:44 [main] [INFO] c.a.s.j.u.JRaftServiceLoader - SPI service [com.alipay.sofa.jraft.rpc.RaftRpcFactory - com.alipay.sofa.jraft.rpc.impl.BoltRaftRpcFactory] loading.
Sofa-Middleware-Log SLF4J : Actual binding is of type [ com.alipay.remoting Log4j2 ]
2026-09-13 18:04:44 [main] [INFO] c.a.s.c.log - Sofa-Middleware-Log SLF4J : Actual binding is of type [ com.alipay.remoting Log4j2 ]
2026-09-13 18:04:45 [hg-heartbeat] [INFO] o.a.h.s.p.FakePdServiceProvider - registerStore storeId:0, storeAddress:127.0.0.1:6511
2026-09-13 18:04:45 [main] [INFO] o.a.h.s.m.StoreMetadata - allocate db path using partition count: db count stats: {/tmp/junit=0}
2026-09-13 18:04:45 [main] [INFO] o.a.h.r.a.RocksDBFactory - create rocksdb for 00000
2026-09-13 18:04:45 [main] [INFO] o.a.h.r.a.RocksDBSession - 00000 latest db path /tmp/junit/db/00000
2026-09-13 18:04:45 [main] [INFO] o.a.h.r.a.RocksDBSession - rocksdb use global WriteBufferManager
2026-09-13 18:04:45 [hg-heartbeat] [INFO] o.a.h.s.HeartbeatService - Register Store id= -35791620 successfully. store = Store(version=1.7.0, id=-35791620, storeAddress=127.0.0.1:6511, pdAddress=null, raftAddress=127.0.0.1:6510, deployPath=/home/zy/code/hugegraph/hugegraph-store/hg-store-test/target/classes/, dataPath=/tmp/junit, dataVersion=1, partitionCount=0, startTime=0, usedSize=0, pdHeartbeatInterval=0, state=Unknown, labels=null, cores=16), clusterStats 
2026-09-13 18:04:45 [JRaft-Closure-Executor-0] [INFO] o.a.h.s.HgStoreEngine - stateChanged, oldState Unknown, newState Up
2026-09-13 18:04:45 [JRaft-Closure-Executor-0] [ERROR] o.a.h.s.m.PartitionManager - partition 0 Directory not exists,options /tmp/junit
2026-09-13 18:04:45 [main] [INFO] o.a.h.s.HgStoreEngine - createPartitionEngine 0, with shards: { id:-35791620,role:Leader }
2026-09-13 18:04:45 [main] [INFO] o.a.h.s.m.StoreMetadata - allocate db path using partition count: db count stats: {/tmp/junit=0}
2026-09-13 18:04:45 [main] [INFO] o.a.h.s.PartitionEngine - PartitionEngine starting: PartitionEngine{groupId =0, isLeader=false, options=PartitionEngineOptions(taskScheduleTime=60, splitPartitionTimeout=1800000, raftOptions=HgStoreEngineOptions.RaftOptions(rpcConnectTimeoutMs=1000, electionTimeoutMs=3000, rpcInstallSnapshotTimeout=3600000, waitLeaderTimeout=30, maxEntriesSize=256, maxBodySize=524288, overloadRateLimit=100, keepInMemorySegmentCount=2, preAllocateSegmentCount=1, splitPartitionLogIndexMargin=10, rpcDefaultTimeout=5000, snapshotIntervalSecs=3600, snapshotDownloadingThreads=4, snapshotLogIndexMargin=1024, metrics=true, disruptorBufferSize=4096, maxReplicatorInflightMsgs=256, maxLogSize=104857600, aveLogEntrySizeRatio=0.95, useRocksDBSegmentLogStorage=true, maxSegmentFileSize=67108864), raftDataPath=/tmp/junit/raft/00000, raftSnapShotPath=/tmp/junit/raft/00000, groupId=0, raftAddress=127.0.0.1:6510, peerList=[127.0.0.1:6510::100], conf=null, taskHandler=null)}
2026-09-13 18:04:45 [main] [INFO] c.a.s.j.u.JRaftServiceLoader - SPI service [com.alipay.sofa.jraft.JRaftServiceFactory - com.alipay.sofa.jraft.core.DefaultJRaftServiceFactory] loading.
2026-09-13 18:04:45 [main] [INFO] c.a.s.j.u.JRaftServiceLoader - SPI service [com.alipay.sofa.jraft.util.JRaftSignalHandler - com.alipay.sofa.jraft.NodeDescribeSignalHandler] loading.
2026-09-13 18:04:45 [main] [INFO] c.a.s.j.u.JRaftServiceLoader - SPI service [com.alipay.sofa.jraft.util.JRaftSignalHandler - com.alipay.sofa.jraft.NodeMetricsSignalHandler] loading.
2026-09-13 18:04:45 [main] [INFO] c.a.s.j.u.JRaftServiceLoader - SPI service [com.alipay.sofa.jraft.util.JRaftSignalHandler - com.alipay.sofa.jraft.ThreadPoolMetricsSignalHandler] loading.
2026-09-13 18:04:45 [main] [INFO] c.a.s.j.c.NodeImpl - The number of active nodes increment to 1.
2026-09-13 18:04:45 [main] [INFO] c.a.s.j.s.l.RocksDBSegmentLogStorage - RocksDBSegmentLogStorage Loaded 0 segment files and  0 blank segment files from path /tmp/junit/raft/00000/log/segments.
2026-09-13 18:04:45 [main] [INFO] c.a.s.j.s.l.RocksDBSegmentLogStorage - RocksDBSegmentLogStorage segments: 
[
]
2026-09-13 18:04:45 [main] [INFO] c.a.s.j.s.l.RocksDBSegmentLogStorage - RocksDBSegmentLogStorage started checkpoint task.
2026-09-13 18:04:45 [main] [INFO] c.a.s.j.s.l.SegmentFile - Created a new segment file /tmp/junit/raft/00000/log/segments/0000000000000000000.s cost 10 ms, wrotePosition=18, bufferPosition=18, mappedSize=1073741824.
2026-09-13 18:04:45 [main] [INFO] c.a.s.j.s.l.RocksDBSegmentLogStorage - Create a new segment file /tmp/junit/raft/00000/log/segments/0000000000000000000.s.
2026-09-13 18:04:45 [main] [INFO] c.a.s.j.s.l.RocksDBSegmentLogStorage - RocksDBSegmentLogStorage init and load cost 18 ms.
2026-09-13 18:04:45 [SegmentAllocator] [INFO] c.a.s.j.s.l.RocksDBSegmentLogStorage - SegmentAllocator is started.
2026-09-13 18:04:45 [main] [INFO] c.a.s.j.c.FSMCallerImpl - Starts FSMCaller successfully.
2026-09-13 18:04:45 [SegmentAllocator] [INFO] c.a.s.j.s.l.SegmentFile - Created a new segment file /tmp/junit/raft/00000/log/segments/0000000000000000001.s cost 9 ms, wrotePosition=18, bufferPosition=18, mappedSize=1073741824.
2026-09-13 18:04:45 [SegmentAllocator] [INFO] c.a.s.j.s.l.RocksDBSegmentLogStorage - Create a new segment file /tmp/junit/raft/00000/log/segments/0000000000000000001.s.
2026-09-13 18:04:45 [main] [WARN] c.a.s.j.s.s.l.LocalSnapshotStorage - No data for snapshot reader /tmp/junit/raft/00000/snapshot.
2026-09-13 18:04:45 [main] [INFO] c.a.s.j.c.NodeImpl - Node <hg_0/127.0.0.1:6510> init, term=0, lastLogId=LogId [index=0, term=0], conf=127.0.0.1:6510::100, oldConf=.
2026-09-13 18:04:45 [main] [INFO] c.a.s.j.c.NodeImpl - Node <hg_0/127.0.0.1:6510> start vote and grant vote self, term=0.
2026-09-13 18:04:45 [main] [INFO] c.a.s.j.s.i.LocalRaftMetaStorage - Save raft meta, path=/tmp/junit/raft/00000/meta, term=1, votedFor=127.0.0.1:6510, cost time=19 ms
2026-09-13 18:04:45 [main] [INFO] c.a.s.j.c.NodeImpl - Node <hg_0/127.0.0.1:6510> become leader of group, term=1, conf=127.0.0.1:6510::100, oldConf=.
2026-09-13 18:04:45 [main] [INFO] c.a.s.j.u.Recyclers - -Djraft.recyclers.maxCapacityPerThread: 4096.
2026-09-13 18:04:45 [main] [WARN] c.a.s.j.RaftGroupService - RPC server is not started in RaftGroupService.
2026-09-13 18:04:45 [main] [INFO] c.a.s.j.RaftGroupService - Start the RaftGroupService successfully.
2026-09-13 18:04:45 [main] [INFO] o.a.h.s.PartitionEngine - PartitionEngine start successfully: id = 0, peers list = [127.0.0.1:6510::100]
2026-09-13 18:04:45 [JRaft-FSMCaller-Disruptor-0] [INFO] c.a.s.j.c.StateMachineAdapter - onLeaderStart: term=1.
2026-09-13 18:04:45 [JRaft-FSMCaller-Disruptor-0] [INFO] o.a.h.s.r.PartitionStateMachine - Raft 0 becomes leader 
2026-09-13 18:04:45 [JRaft-Closure-Executor-3] [INFO] o.a.h.s.PartitionEngine - Raft 0 onLeaderStart newTerm is 1
2026-09-13 18:04:45 [JRaft-Closure-Executor-3] [INFO] o.a.h.s.PartitionEngine - Raft 0 onConfigurationCommitted, conf is 127.0.0.1:6510::100
2026-09-13 18:04:45 [main] [INFO] o.a.h.s.m.GraphIdManager - partition: 0, Graph ID 0 is allocated for graph LoadSnapshot-graph1, stack: [java.base/java.lang.Thread.getStackTrace(Thread.java:2451), org.apache.hugegraph.store.meta.GraphIdManager.getGraphIdOrCreate(GraphIdManager.java:98), org.apache.hugegraph.store.business.InnerKeyCreator.getGraphIdOrCreate(InnerKeyCreator.java:64), org.apache.hugegraph.store.business.InnerKeyCreator.getKeyOrCreate(InnerKeyCreator.java:90), org.apache.hugegraph.store.business.BusinessHandlerImpl.doPut(BusinessHandlerImpl.java:281), org.apache.hugegraph.store.core.HgBusinessImplTest.testLoadSnapshot(HgBusinessImplTest.java:113), java.base/jdk.internal.reflect.DirectMethodHandleAccessor.invoke(DirectMethodHandleAccessor.java:103), java.base/java.lang.reflect.Method.invoke(Method.java:580), org.junit.runners.model.FrameworkMethod$1.runReflectiveCall(FrameworkMethod.java:59), org.junit.internal.runners.model.ReflectiveCallable.run(ReflectiveCallable.java:12), org.junit.runners.model.FrameworkMethod.invokeExplosively(FrameworkMethod.java:56), org.junit.internal.runners.statements.InvokeMethod.evaluate(InvokeMethod.java:17), org.junit.runners.ParentRunner$3.evaluate(ParentRunner.java:306), org.junit.runners.BlockJUnit4ClassRunner$1.evaluate(BlockJUnit4ClassRunner.java:100), org.junit.runners.ParentRunner.runLeaf(ParentRunner.java:366), org.junit.runners.BlockJUnit4ClassRunner.runChild(BlockJUnit4ClassRunner.java:103), org.junit.runners.BlockJUnit4ClassRunner.runChild(BlockJUnit4ClassRunner.java:63), org.junit.runners.ParentRunner$4.run(ParentRunner.java:331), org.junit.runners.ParentRunner$1.schedule(ParentRunner.java:79), org.junit.runners.ParentRunner.runChildren(ParentRunner.java:329), org.junit.runners.ParentRunner.access$100(ParentRunner.java:66), org.junit.runners.ParentRunner$2.evaluate(ParentRunner.java:293), org.junit.internal.runners.statements.RunBefores.evaluate(RunBefores.java:26), org.junit.internal.runners.statements.RunAfters.evaluate(RunAfters.java:27), org.junit.runners.ParentRunner$3.evaluate(ParentRunner.java:306), org.junit.runners.ParentRunner.run(ParentRunner.java:413), org.apache.maven.surefire.junit4.JUnit4Provider.execute(JUnit4Provider.java:365), org.apache.maven.surefire.junit4.JUnit4Provider.executeWithRerun(JUnit4Provider.java:272), org.apache.maven.surefire.junit4.JUnit4Provider.executeTestSet(JUnit4Provider.java:236), org.apache.maven.surefire.junit4.JUnit4Provider.invoke(JUnit4Provider.java:159), org.apache.maven.surefire.booter.ForkedBooter.invokeProviderInSameClassLoader(ForkedBooter.java:386), org.apache.maven.surefire.booter.ForkedBooter.runSuitesInProcess(ForkedBooter.java:323), org.apache.maven.surefire.booter.ForkedBooter.main(ForkedBooter.java:143)]
2026-09-13 18:04:45 [JRaft-Closure-Executor-3] [INFO] o.a.h.s.PartitionEngine - Raft 0 onConfigurationCommitted, shardGroup [store_id: 18446744073673759996
role: Leader
]
255
2026-09-13 18:04:45 [main] [WARN] o.a.h.s.b.BusinessHandlerImpl - close all db!!! 
2026-09-13 18:04:45 [main] [INFO] o.a.h.r.a.RocksDBFactory - close 00000 's  rocksdb.
2026-09-13 18:04:45 [main] [INFO] o.a.h.r.a.RocksDBSession - shutdown db 00000, path is /tmp/junit/db/00000 
2026-09-13 18:04:45 [main] [INFO] o.a.h.r.a.RocksDBFactory - close hgstore-metadata 's  rocksdb.
2026-09-13 18:04:45 [main] [INFO] o.a.h.r.a.RocksDBSession - shutdown db hgstore-metadata, path is /tmp/junit/hgstore-metadata 
start loadSnapshot
2026-09-13 18:04:45 [main] [INFO] o.a.h.r.a.RocksDBFactory - create rocksdb for hgstore-metadata
2026-09-13 18:04:45 [main] [INFO] o.a.h.r.a.RocksDBSession - hgstore-metadata latest db path /tmp/junit/hgstore-metadata
2026-09-13 18:04:45 [main] [INFO] o.a.h.r.a.RocksDBSession - rocksdb use global WriteBufferManager
2026-09-13 18:04:45 [main] [INFO] o.a.h.r.a.RocksDBFactory - create rocksdb for 00000
2026-09-13 18:04:45 [main] [INFO] o.a.h.r.a.RocksDBSession - 00000 latest db path /tmp/junit/db/00000
2026-09-13 18:04:45 [main] [INFO] o.a.h.r.a.RocksDBSession - rocksdb use global WriteBufferManager
2026-09-13 18:04:45 [main] [INFO] o.a.h.r.a.RocksDBSession - begin load snapshot from /tmp/junit/db/00000
2026-09-13 18:04:45 [main] [INFO] o.a.h.r.a.RocksDBSession - verifySnapshot /tmp/junit/db/00000_10_temp_ Ok
2026-09-13 18:04:45 [main] [INFO] o.a.h.r.a.RocksDBSession - loaded snapshot from /tmp/junit/db/00000, time cost 3 ms
2026-09-13 18:04:45 [main] [INFO] o.a.h.r.a.RocksDBFactory - destroy 00000 's  rocksdb.
2026-09-13 18:04:45 [main] [INFO] o.a.h.r.a.RocksDBFactory - close 00000 's  rocksdb.
2026-09-13 18:04:45 [main] [INFO] o.a.h.r.a.RocksDBSession - shutdown db 00000, path is /tmp/junit/db/00000 
2026-09-13 18:04:45 [main] [INFO] o.a.h.r.a.RocksDBFactory - create rocksdb for 00000
2026-09-13 18:04:45 [main] [INFO] o.a.h.r.a.RocksDBSession - 00000 latest db path /tmp/junit/db/00000_10
2026-09-13 18:04:45 [main] [INFO] o.a.h.r.a.RocksDBSession - rocksdb use global WriteBufferManager
/tmp/junit/db/00000_10
2026-09-13 18:04:46 [main] [INFO] o.a.h.s.m.GraphIdManager - partition: 0, Graph ID 1 is allocated for graph testPut-graph1, stack: [java.base/java.lang.Thread.getStackTrace(Thread.java:2451), org.apache.hugegraph.store.meta.GraphIdManager.getGraphIdOrCreate(GraphIdManager.java:98), org.apache.hugegraph.store.business.InnerKeyCreator.getGraphIdOrCreate(InnerKeyCreator.java:64), org.apache.hugegraph.store.business.InnerKeyCreator.getKeyOrCreate(InnerKeyCreator.java:90), org.apache.hugegraph.store.business.BusinessHandlerImpl.doPut(BusinessHandlerImpl.java:281), org.apache.hugegraph.store.core.HgBusinessImplTest.testPut(HgBusinessImplTest.java:53), java.base/jdk.internal.reflect.DirectMethodHandleAccessor.invoke(DirectMethodHandleAccessor.java:103), java.base/java.lang.reflect.Method.invoke(Method.java:580), org.junit.runners.model.FrameworkMethod$1.runReflectiveCall(FrameworkMethod.java:59), org.junit.internal.runners.model.ReflectiveCallable.run(ReflectiveCallable.java:12), org.junit.runners.model.FrameworkMethod.invokeExplosively(FrameworkMethod.java:56), org.junit.internal.runners.statements.InvokeMethod.evaluate(InvokeMethod.java:17), org.junit.runners.ParentRunner$3.evaluate(ParentRunner.java:306), org.junit.runners.BlockJUnit4ClassRunner$1.evaluate(BlockJUnit4ClassRunner.java:100), org.junit.runners.ParentRunner.runLeaf(ParentRunner.java:366), org.junit.runners.BlockJUnit4ClassRunner.runChild(BlockJUnit4ClassRunner.java:103), org.junit.runners.BlockJUnit4ClassRunner.runChild(BlockJUnit4ClassRunner.java:63), org.junit.runners.ParentRunner$4.run(ParentRunner.java:331), org.junit.runners.ParentRunner$1.schedule(ParentRunner.java:79), org.junit.runners.ParentRunner.runChildren(ParentRunner.java:329), org.junit.runners.ParentRunner.access$100(ParentRunner.java:66), org.junit.runners.ParentRunner$2.evaluate(ParentRunner.java:293), org.junit.internal.runners.statements.RunBefores.evaluate(RunBefores.java:26), org.junit.internal.runners.statements.RunAfters.evaluate(RunAfters.java:27), org.junit.runners.ParentRunner$3.evaluate(ParentRunner.java:306), org.junit.runners.ParentRunner.run(ParentRunner.java:413), org.apache.maven.surefire.junit4.JUnit4Provider.execute(JUnit4Provider.java:365), org.apache.maven.surefire.junit4.JUnit4Provider.executeWithRerun(JUnit4Provider.java:272), org.apache.maven.surefire.junit4.JUnit4Provider.executeTestSet(JUnit4Provider.java:236), org.apache.maven.surefire.junit4.JUnit4Provider.invoke(JUnit4Provider.java:159), org.apache.maven.surefire.booter.ForkedBooter.invokeProviderInSameClassLoader(ForkedBooter.java:386), org.apache.maven.surefire.booter.ForkedBooter.runSuitesInProcess(ForkedBooter.java:323), org.apache.maven.surefire.booter.ForkedBooter.main(ForkedBooter.java:143)]
2026-09-13 18:04:46 [JRaft-FSMCaller-Disruptor-0] [INFO] o.a.h.s.PartitionEngine - receive sync partition graph_name: "testPut-graph1"
end_key: 65535
version: 1
state: PState_Normal

2026-09-13 18:04:46 [JRaft-FSMCaller-Disruptor-0] [INFO] o.a.h.s.HgStoreEngine - Partition testPut-graph1-0-PState_Normal sync partition status is Status[OK]
2026-09-13 18:04:46 [SegmentAllocator] [INFO] c.a.s.j.s.l.SegmentFile - Created a new segment file /tmp/junit/raft/00000/log/segments/0000000000000000002.s cost 19 ms, wrotePosition=18, bufferPosition=18, mappedSize=1073741824.
2026-09-13 18:04:46 [SegmentAllocator] [INFO] c.a.s.j.s.l.RocksDBSegmentLogStorage - Create a new segment file /tmp/junit/raft/00000/log/segments/0000000000000000002.s.
2026-09-13 18:04:46 [JRaft-FSMCaller-Disruptor-0] [INFO] o.a.h.s.PartitionEngine - receive sync partition graph_name: "testPut-graph2"
end_key: 65535
version: 1
state: PState_Normal

2026-09-13 18:04:46 [JRaft-FSMCaller-Disruptor-0] [INFO] o.a.h.s.HgStoreEngine - Partition testPut-graph2-0-PState_Normal sync partition status is Status[OK]
2026-09-13 18:04:46 [main] [INFO] o.a.h.s.m.GraphIdManager - partition: 0, Graph ID 2 is allocated for graph testPut-graph2, stack: [java.base/java.lang.Thread.getStackTrace(Thread.java:2451), org.apache.hugegraph.store.meta.GraphIdManager.getGraphIdOrCreate(GraphIdManager.java:98), org.apache.hugegraph.store.business.InnerKeyCreator.getGraphIdOrCreate(InnerKeyCreator.java:64), org.apache.hugegraph.store.business.InnerKeyCreator.getKeyOrCreate(InnerKeyCreator.java:90), org.apache.hugegraph.store.business.BusinessHandlerImpl.doPut(BusinessHandlerImpl.java:281), org.apache.hugegraph.store.core.HgBusinessImplTest.testPut(HgBusinessImplTest.java:58), java.base/jdk.internal.reflect.DirectMethodHandleAccessor.invoke(DirectMethodHandleAccessor.java:103), java.base/java.lang.reflect.Method.invoke(Method.java:580), org.junit.runners.model.FrameworkMethod$1.runReflectiveCall(FrameworkMethod.java:59), org.junit.internal.runners.model.ReflectiveCallable.run(ReflectiveCallable.java:12), org.junit.runners.model.FrameworkMethod.invokeExplosively(FrameworkMethod.java:56), org.junit.internal.runners.statements.InvokeMethod.evaluate(InvokeMethod.java:17), org.junit.runners.ParentRunner$3.evaluate(ParentRunner.java:306), org.junit.runners.BlockJUnit4ClassRunner$1.evaluate(BlockJUnit4ClassRunner.java:100), org.junit.runners.ParentRunner.runLeaf(ParentRunner.java:366), org.junit.runners.BlockJUnit4ClassRunner.runChild(BlockJUnit4ClassRunner.java:103), org.junit.runners.BlockJUnit4ClassRunner.runChild(BlockJUnit4ClassRunner.java:63), org.junit.runners.ParentRunner$4.run(ParentRunner.java:331), org.junit.runners.ParentRunner$1.schedule(ParentRunner.java:79), org.junit.runners.ParentRunner.runChildren(ParentRunner.java:329), org.junit.runners.ParentRunner.access$100(ParentRunner.java:66), org.junit.runners.ParentRunner$2.evaluate(ParentRunner.java:293), org.junit.internal.runners.statements.RunBefores.evaluate(RunBefores.java:26), org.junit.internal.runners.statements.RunAfters.evaluate(RunAfters.java:27), org.junit.runners.ParentRunner$3.evaluate(ParentRunner.java:306), org.junit.runners.ParentRunner.run(ParentRunner.java:413), org.apache.maven.surefire.junit4.JUnit4Provider.execute(JUnit4Provider.java:365), org.apache.maven.surefire.junit4.JUnit4Provider.executeWithRerun(JUnit4Provider.java:272), org.apache.maven.surefire.junit4.JUnit4Provider.executeTestSet(JUnit4Provider.java:236), org.apache.maven.surefire.junit4.JUnit4Provider.invoke(JUnit4Provider.java:159), org.apache.maven.surefire.booter.ForkedBooter.invokeProviderInSameClassLoader(ForkedBooter.java:386), org.apache.maven.surefire.booter.ForkedBooter.runSuitesInProcess(ForkedBooter.java:323), org.apache.maven.surefire.booter.ForkedBooter.main(ForkedBooter.java:143)]
--------------------dump all -------
testPut-graph1-0-default--------
HUGEGRAPH/CID/@GRAPH_ID@ -- 4855474547524150482f4349442f4047524150485f494440
HUGEGRAPH/CID_SLOT/@GRAPH_ID@/                                                                 -- 4855474547524150482f4349445f534c4f542f4047524150485f4944402f00000000000000000000000000000000000000000000000000000000000000000000000000000000000000000000000000000000000000000000000000000000
HUGEGRAPH/CID_SLOT/@GRAPH_ID@/                                                                -- 4855474547524150482f4349445f534c4f542f4047524150485f4944402f00000000000000010000000000000000000000000000000000000000000000000000000000000000000000000000000000000000000000000000000000000000
HUGEGRAPH/CID_SLOT/@GRAPH_ID@/                                                                -- 4855474547524150482f4349445f534c4f542f4047524150485f4944402f00000000000000020000000000000000000000000000000000000000000000000000000000000000000000000000000000000000000000000000000000000000
HUGEGRAPH/GRAPH_ID/LoadSnapshot-graph1 -- 4855474547524150482f47524150485f49442f4c6f6164536e617073686f742d677261706831
HUGEGRAPH/GRAPH_ID/testPut-graph1 -- 4855474547524150482f47524150485f49442f746573745075742d677261706831
HUGEGRAPH/GRAPH_ID/testPut-graph2 -- 4855474547524150482f47524150485f49442f746573745075742d677261706832
HUGEGRAPH/PARTITION/LoadSnapshot-graph1/0 -- 4855474547524150482f504152544954494f4e2f4c6f6164536e617073686f742d6772617068312f30
HUGEGRAPH/PARTITION/testPut-graph1/0 -- 4855474547524150482f504152544954494f4e2f746573745075742d6772617068312f30
HUGEGRAPH/PARTITION/testPut-graph2/0 -- 4855474547524150482f504152544954494f4e2f746573745075742d6772617068322f30
HUGEGRAPH/SHARDGROUP/0 -- 4855474547524150482f534841524447524f55502f30
testPut-graph1-0-unknown--------
  key0   -- 00006b6579300000
  key1  -- 00006b6579310001
  key10 
 -- 00006b65793130000a
  key100 d -- 00006b65793130300064
  key101 e -- 00006b65793130310065
  key102 f -- 00006b65793130320066
  key103 g -- 00006b65793130330067
  key104 h -- 00006b65793130340068
  key105 i -- 00006b65793130350069
  key106 j -- 00006b6579313036006a
  key107 k -- 00006b6579313037006b
  key108 l -- 00006b6579313038006c
  key109 m -- 00006b6579313039006d
  key11  -- 00006b65793131000b
  key110 n -- 00006b6579313130006e
  key111 o -- 00006b6579313131006f
  key112 p -- 00006b65793131320070
  key113 q -- 00006b65793131330071
  key114 r -- 00006b65793131340072
  key115 s -- 00006b65793131350073
  key116 t -- 00006b65793131360074
  key117 u -- 00006b65793131370075
  key118 v -- 00006b65793131380076
  key119 w -- 00006b65793131390077
  key12  -- 00006b65793132000c
  key120 x -- 00006b65793132300078
  key121 y -- 00006b65793132310079
  key122 z -- 00006b6579313232007a
  key123 { -- 00006b6579313233007b
  key124 | -- 00006b6579313234007c
  key125 } -- 00006b6579313235007d
  key126 ~ -- 00006b6579313236007e
  key127  -- 00006b6579313237007f
  key128 � -- 00006b65793132380080
  key129 � -- 00006b65793132390081
  key13  -- 00006b65793133000d
  key130 � -- 00006b65793133300082
  key131 � -- 00006b65793133310083
  key132 � -- 00006b65793133320084
  key133 � -- 00006b65793133330085
  key134 � -- 00006b65793133340086
  key135 � -- 00006b65793133350087
  key136 � -- 00006b65793133360088
  key137 � -- 00006b65793133370089
  key138 � -- 00006b6579313338008a
  key139 � -- 00006b6579313339008b
  key14  -- 00006b65793134000e
  key140 � -- 00006b6579313430008c
  key141 � -- 00006b6579313431008d
  key142 � -- 00006b6579313432008e
  key143 � -- 00006b6579313433008f
  key144 � -- 00006b65793134340090
  key145 � -- 00006b65793134350091
  key146 � -- 00006b65793134360092
  key147 � -- 00006b65793134370093
  key148 � -- 00006b65793134380094
  key149 � -- 00006b65793134390095
  key15  -- 00006b65793135000f
  key150 � -- 00006b65793135300096
  key151 � -- 00006b65793135310097
  key152 � -- 00006b65793135320098
  key153 � -- 00006b65793135330099
  key154 � -- 00006b6579313534009a
  key155 � -- 00006b6579313535009b
  key156 � -- 00006b6579313536009c
  key157 � -- 00006b6579313537009d
  key158 � -- 00006b6579313538009e
  key159 � -- 00006b6579313539009f
  key16  -- 00006b657931360010
  key160 � -- 00006b657931363000a0
  key161 � -- 00006b657931363100a1
  key162 � -- 00006b657931363200a2
  key163 � -- 00006b657931363300a3
  key164 � -- 00006b657931363400a4
  key165 � -- 00006b657931363500a5
  key166 � -- 00006b657931363600a6
  key167 � -- 00006b657931363700a7
  key168 � -- 00006b657931363800a8
  key169 � -- 00006b657931363900a9
  key17  -- 00006b657931370011
  key170 � -- 00006b657931373000aa
  key171 � -- 00006b657931373100ab
  key172 � -- 00006b657931373200ac
  key173 � -- 00006b657931373300ad
  key174 � -- 00006b657931373400ae
  key175 � -- 00006b657931373500af
  key176 � -- 00006b657931373600b0
  key177 � -- 00006b657931373700b1
  key178 � -- 00006b657931373800b2
  key179 � -- 00006b657931373900b3
  key18  -- 00006b657931380012
  key180 � -- 00006b657931383000b4
  key181 � -- 00006b657931383100b5
  key182 � -- 00006b657931383200b6
  key183 � -- 00006b657931383300b7
  key184 � -- 00006b657931383400b8
  key185 � -- 00006b657931383500b9
  key186 � -- 00006b657931383600ba
  key187 � -- 00006b657931383700bb
  key188 � -- 00006b657931383800bc
  key189 � -- 00006b657931383900bd
  key19  -- 00006b657931390013
  key190 � -- 00006b657931393000be
  key191 � -- 00006b657931393100bf
  key192 � -- 00006b657931393200c0
  key193 � -- 00006b657931393300c1
  key194 � -- 00006b657931393400c2
  key195 � -- 00006b657931393500c3
  key196 � -- 00006b657931393600c4
  key197 � -- 00006b657931393700c5
  key198 � -- 00006b657931393800c6
  key199 � -- 00006b657931393900c7
  key2  -- 00006b6579320002
  key20  -- 00006b657932300014
  key200 � -- 00006b657932303000c8
  key201 � -- 00006b657932303100c9
  key202 � -- 00006b657932303200ca
  key203 � -- 00006b657932303300cb
  key204 � -- 00006b657932303400cc
  key205 � -- 00006b657932303500cd
  key206 � -- 00006b657932303600ce
  key207 � -- 00006b657932303700cf
  key208 � -- 00006b657932303800d0
  key209 � -- 00006b657932303900d1
  key21  -- 00006b657932310015
  key210 � -- 00006b657932313000d2
  key211 � -- 00006b657932313100d3
  key212 � -- 00006b657932313200d4
  key213 � -- 00006b657932313300d5
  key214 � -- 00006b657932313400d6
  key215 � -- 00006b657932313500d7
  key216 � -- 00006b657932313600d8
  key217 � -- 00006b657932313700d9
  key218 � -- 00006b657932313800da
  key219 � -- 00006b657932313900db
  key22  -- 00006b657932320016
  key220 � -- 00006b657932323000dc
  key221 � -- 00006b657932323100dd
  key222 � -- 00006b657932323200de
  key223 � -- 00006b657932323300df
  key224 � -- 00006b657932323400e0
  key225 � -- 00006b657932323500e1
  key226 � -- 00006b657932323600e2
  key227 � -- 00006b657932323700e3
  key228 � -- 00006b657932323800e4
  key229 � -- 00006b657932323900e5
  key23  -- 00006b657932330017
  key230 � -- 00006b657932333000e6
  key231 � -- 00006b657932333100e7
  key232 � -- 00006b657932333200e8
  key233 � -- 00006b657932333300e9
  key234 � -- 00006b657932333400ea
  key235 � -- 00006b657932333500eb
  key236 � -- 00006b657932333600ec
  key237 � -- 00006b657932333700ed
  key238 � -- 00006b657932333800ee
  key239 � -- 00006b657932333900ef
  key24  -- 00006b657932340018
  key240 � -- 00006b657932343000f0
  key241 � -- 00006b657932343100f1
  key242 � -- 00006b657932343200f2
  key243 � -- 00006b657932343300f3
  key244 � -- 00006b657932343400f4
  key245 � -- 00006b657932343500f5
  key246 � -- 00006b657932343600f6
  key247 � -- 00006b657932343700f7
  key248 � -- 00006b657932343800f8
  key249 � -- 00006b657932343900f9
  key25  -- 00006b657932350019
  key250 � -- 00006b657932353000fa
  key251 � -- 00006b657932353100fb
  key252 � -- 00006b657932353200fc
  key253 � -- 00006b657932353300fd
  key254 � -- 00006b657932353400fe
  key255 � -- 00006b657932353500ff
  key26  -- 00006b65793236001a
  key27  -- 00006b65793237001b
  key28  -- 00006b65793238001c
  key29  -- 00006b65793239001d
  key3  -- 00006b6579330003
  key30  -- 00006b65793330001e
  key31  -- 00006b65793331001f
  key32   -- 00006b657933320020
  key33 ! -- 00006b657933330021
  key34 " -- 00006b657933340022
  key35 # -- 00006b657933350023
  key36 $ -- 00006b657933360024
  key37 % -- 00006b657933370025
  key38 & -- 00006b657933380026
  key39 ' -- 00006b657933390027
  key4  -- 00006b6579340004
  key40 ( -- 00006b657934300028
  key41 ) -- 00006b657934310029
  key42 * -- 00006b65793432002a
  key43 + -- 00006b65793433002b
  key44 , -- 00006b65793434002c
  key45 - -- 00006b65793435002d
  key46 . -- 00006b65793436002e
  key47 / -- 00006b65793437002f
  key48 0 -- 00006b657934380030
  key49 1 -- 00006b657934390031
  key5  -- 00006b6579350005
  key50 2 -- 00006b657935300032
  key51 3 -- 00006b657935310033
  key52 4 -- 00006b657935320034
  key53 5 -- 00006b657935330035
  key54 6 -- 00006b657935340036
  key55 7 -- 00006b657935350037
  key56 8 -- 00006b657935360038
  key57 9 -- 00006b657935370039
  key58 : -- 00006b65793538003a
  key59 ; -- 00006b65793539003b
  key6  -- 00006b6579360006
  key60 < -- 00006b65793630003c
  key61 = -- 00006b65793631003d
  key62 > -- 00006b65793632003e
  key63 ? -- 00006b65793633003f
  key64 @ -- 00006b657936340040
  key65 A -- 00006b657936350041
  key66 B -- 00006b657936360042
  key67 C -- 00006b657936370043
  key68 D -- 00006b657936380044
  key69 E -- 00006b657936390045
  key7  -- 00006b6579370007
  key70 F -- 00006b657937300046
  key71 G -- 00006b657937310047
  key72 H -- 00006b657937320048
  key73 I -- 00006b657937330049
  key74 J -- 00006b65793734004a
  key75 K -- 00006b65793735004b
  key76 L -- 00006b65793736004c
  key77 M -- 00006b65793737004d
  key78 N -- 00006b65793738004e
  key79 O -- 00006b65793739004f
  key8  -- 00006b6579380008
  key80 P -- 00006b657938300050
  key81 Q -- 00006b657938310051
  key82 R -- 00006b657938320052
  key83 S -- 00006b657938330053
  key84 T -- 00006b657938340054
  key85 U -- 00006b657938350055
  key86 V -- 00006b657938360056
  key87 W -- 00006b657938370057
  key88 X -- 00006b657938380058
  key89 Y -- 00006b657938390059
  key9 	 -- 00006b6579390009
  key90 Z -- 00006b65793930005a
  key91 [ -- 00006b65793931005b
  key92 \ -- 00006b65793932005c
  key93 ] -- 00006b65793933005d
  key94 ^ -- 00006b65793934005e
  key95 _ -- 00006b65793935005f
  key96 ` -- 00006b657939360060
  key97 a -- 00006b657939370061
  key98 b -- 00006b657939380062
  key99 c -- 00006b657939390063
 key1   -- 00016b6579310000
 key2  -- 00016b657932000f
 key3 � -- 00016b65793300ff
 key4� -- 00016b6579340fff
 key21   -- 00026b657932310000
 key22  -- 00026b65793232000f
 key23 � -- 00026b6579323300ff
 key24� -- 00026b657932340fff
--------------------dump scan 0 0xff -------
key1   -- 6b6579310000
key2  -- 6b657932000f
--------------------dump scan prefix -------
key1 -- 6b657931
key2 -- 6b657932
key3 -- 6b657933
key4 -- 6b657934
--------------------dump scan range key1 key4 -------
key1 -- 6b657931
key2 -- 6b657932
key3 -- 6b657933
2026-09-13 18:04:46 [main] [INFO] o.a.h.s.b.BusinessHandlerImpl - cleanPartition: graph testPut-graph1, part id: 0, 0 -> 65536, cleanType:CLEAN_TYPE_KEEP_RANGE
2026-09-13 18:04:46 [JRaft-FSMCaller-Disruptor-0] [INFO] o.a.h.s.PartitionEngine - receive sync partition graph_name: "testPut-graph1"
end_key: 65536
version: 1
state: PState_Normal

2026-09-13 18:04:46 [JRaft-Closure-Executor-6] [INFO] o.a.h.s.b.BusinessHandlerImpl - Partition testPut-graph1-0 cleanPartition begin... graph_name: "testPut-graph1"
end_key: 65536
version: 1
state: PState_Normal

2026-09-13 18:04:46 [JRaft-FSMCaller-Disruptor-0] [INFO] o.a.h.s.HgStoreEngine - Partition testPut-graph1-0-PState_Normal sync partition status is Status[OK]
2026-09-13 18:04:46 [JRaft-Closure-Executor-6] [INFO] o.a.h.s.b.BusinessHandlerImpl - partition testPut-graph1-0, table:default, delete keys 0, total:0
2026-09-13 18:04:46 [JRaft-Closure-Executor-6] [INFO] o.a.h.s.b.BusinessHandlerImpl - partition testPut-graph1-0, table:unknown, delete keys 0, total:4
2026-09-13 18:04:46 [JRaft-Closure-Executor-6] [INFO] o.a.h.s.b.BusinessHandlerImpl - Partition testPut-graph1-0 cleanPartition end
2026-09-13 18:04:48 [main] [WARN] o.a.h.s.b.BusinessHandlerImpl - close all db!!! 
2026-09-13 18:04:48 [main] [INFO] o.a.h.r.a.RocksDBFactory - close 00000 's  rocksdb.
2026-09-13 18:04:48 [main] [INFO] o.a.h.r.a.RocksDBSession - shutdown db 00000, path is /tmp/junit/db/00000_10 
2026-09-13 18:04:48 [main] [INFO] o.a.h.r.a.RocksDBFactory - close hgstore-metadata 's  rocksdb.
2026-09-13 18:04:48 [main] [INFO] o.a.h.r.a.RocksDBSession - shutdown db hgstore-metadata, path is /tmp/junit/hgstore-metadata 
2026-09-13 18:04:48 [main] [INFO] o.a.h.s.HeartbeatService - HeartbeatService shutdown
2026-09-13 18:04:48 [main] [INFO] c.a.s.j.c.NodeImpl - Node <hg_0/127.0.0.1:6510> starts to transfer leadership to any peer.
2026-09-13 18:04:48 [main] [WARN] o.a.h.s.HgStoreEngine - transfer leader error: Status[UNKNOWN<-1>: Candidate not found for any peer]
2026-09-13 18:04:48 [main] [INFO] c.a.s.j.c.NodeImpl - Node <hg_0/127.0.0.1:6510> shutdown, currTerm=1 state=STATE_LEADER.
2026-09-13 18:04:48 [main] [INFO] c.a.s.j.c.ReplicatorGroupImpl - Fail to find the next candidate.
2026-09-13 18:04:48 [JRaft-FSMCaller-Disruptor-0] [INFO] c.a.s.j.c.StateMachineAdapter - onLeaderStop: status=Status[ESHUTDOWN<1007>: Raft node is going to quit.].
2026-09-13 18:04:48 [JRaft-FSMCaller-Disruptor-0] [INFO] o.a.h.s.r.PartitionStateMachine - Raft 0 lost leader 
2026-09-13 18:04:48 [main] [INFO] c.a.s.j.s.i.LocalRaftMetaStorage - Save raft meta, path=/tmp/junit/raft/00000/meta, term=1, votedFor=127.0.0.1:6510, cost time=12 ms
2026-09-13 18:04:48 [main] [INFO] c.a.s.j.c.FSMCallerImpl - Shutting down FSMCaller...
2026-09-13 18:04:48 [main] [INFO] c.a.s.j.c.StateMachineAdapter - onShutdown.
2026-09-13 18:04:48 [main] [INFO] c.a.s.j.u.LogThreadPoolExecutor - ThreadPool is terminated: JRaft-RPC-Processor, com.alipay.sofa.jraft.util.MetricThreadPoolExecutor@6b6fde93[Shutting down, pool size = 0, active threads = 0, queued tasks = 0, completed tasks = 0].
2026-09-13 18:04:48 [main] [INFO] c.a.s.j.u.LogScheduledThreadPoolExecutor - ThreadPool is terminated: JRaft-Node-ScheduleThreadPool, com.alipay.sofa.jraft.util.MetricScheduledThreadPoolExecutor@7fba492e[Shutting down, pool size = 0, active threads = 0, queued tasks = 0, completed tasks = 0].
2026-09-13 18:04:48 [JRaft-NodeImpl-Disruptor-0] [INFO] c.a.s.j.c.NodeImpl - The number of active nodes decrement to 0.
2026-09-13 18:04:48 [JRaft-Global-ElectionTimer1] [INFO] c.a.s.j.u.LogScheduledThreadPoolExecutor - ThreadPool is terminated: JRaft-Global-ElectionTimer, com.alipay.sofa.jraft.util.MetricScheduledThreadPoolExecutor@447a557b[Shutting down, pool size = 0, active threads = 0, queued tasks = 0, completed tasks = 1].
2026-09-13 18:04:48 [main] [INFO] c.a.s.j.u.RepeatedTimer - Destroy timer: RepeatedTimer{timeout=null, stopped=true, running=false, destroyed=true, invoking=false, timeoutMs=3000, name='JRaft-ElectionTimer-<hg_0/127.0.0.1:6510>'}.
2026-09-13 18:04:48 [JRaft-Global-VoteTimer0] [INFO] c.a.s.j.u.LogScheduledThreadPoolExecutor - ThreadPool is terminated: JRaft-Global-VoteTimer, com.alipay.sofa.jraft.util.MetricScheduledThreadPoolExecutor@16e5c19f[Shutting down, pool size = 0, active threads = 0, queued tasks = 0, completed tasks = 0].
2026-09-13 18:04:48 [main] [INFO] c.a.s.j.u.RepeatedTimer - Destroy timer: RepeatedTimer{timeout=null, stopped=true, running=false, destroyed=true, invoking=false, timeoutMs=3000, name='JRaft-VoteTimer-<hg_0/127.0.0.1:6510>'}.
2026-09-13 18:04:48 [JRaft-Global-StepDownTimer1] [INFO] c.a.s.j.u.LogScheduledThreadPoolExecutor - ThreadPool is terminated: JRaft-Global-StepDownTimer, com.alipay.sofa.jraft.util.MetricScheduledThreadPoolExecutor@7d432bc0[Shutting down, pool size = 0, active threads = 0, queued tasks = 0, completed tasks = 2].
2026-09-13 18:04:48 [main] [INFO] c.a.s.j.u.RepeatedTimer - Destroy timer: RepeatedTimer{timeout=null, stopped=true, running=false, destroyed=true, invoking=false, timeoutMs=1500, name='JRaft-StepDownTimer-<hg_0/127.0.0.1:6510>'}.
2026-09-13 18:04:48 [JRaft-Global-SnapshotTimer0] [INFO] c.a.s.j.u.LogScheduledThreadPoolExecutor - ThreadPool is terminated: JRaft-Global-SnapshotTimer, com.alipay.sofa.jraft.util.MetricScheduledThreadPoolExecutor@2ad80cf6[Shutting down, pool size = 0, active threads = 0, queued tasks = 0, completed tasks = 0].
2026-09-13 18:04:48 [main] [INFO] c.a.s.j.u.RepeatedTimer - Destroy timer: RepeatedTimer{timeout=null, stopped=true, running=false, destroyed=true, invoking=false, timeoutMs=3600000, name='JRaft-SnapshotTimer-<hg_0/127.0.0.1:6510>'}.
2026-09-13 18:04:48 [main] [INFO] c.a.s.j.RaftGroupService - Stop the RaftGroupService successfully.
2026-09-13 18:04:48 [JRaft-Closure-Executor-13] [INFO] c.a.s.j.s.l.RocksDBSegmentLogStorage - RocksDBSegmentLogStorage stopped checkpoint task.
2026-09-13 18:04:48 [SegmentAllocator] [INFO] c.a.s.j.s.l.RocksDBSegmentLogStorage - SegmentAllocator exit.
2026-09-13 18:04:48 [JRaft-Closure-Executor-13] [INFO] c.a.s.j.s.l.SegmentFile - Unloaded segment file /tmp/junit/raft/00000/log/segments/0000000000000000000.s, current status: SegmentFile [firstLogIndex=2, lastLogIndex=4, size=1073741824, path=/tmp/junit/raft/00000/log/segments/0000000000000000000.s, wrotePos=18, committedPos=18].
2026-09-13 18:04:48 [JRaft-Closure-Executor-13] [INFO] c.a.s.j.s.l.SegmentFile - Unloaded segment file /tmp/junit/raft/00000/log/segments/0000000000000000001.s, current status: SegmentFile [firstLogIndex=-99, lastLogIndex=9223372036854775807, size=1073741824, path=/tmp/junit/raft/00000/log/segments/0000000000000000001.s, wrotePos=18, committedPos=18].
2026-09-13 18:04:48 [JRaft-Closure-Executor-13] [INFO] c.a.s.j.s.l.SegmentFile - Unloaded segment file /tmp/junit/raft/00000/log/segments/0000000000000000002.s, current status: SegmentFile [firstLogIndex=-99, lastLogIndex=9223372036854775807, size=1073741824, path=/tmp/junit/raft/00000/log/segments/0000000000000000002.s, wrotePos=18, committedPos=18].
2026-09-13 18:04:48 [JRaft-Closure-Executor-13] [INFO] c.a.s.j.u.LogThreadPoolExecutor - ThreadPool is terminated: RocksDBSegmentLogStorage-write-pool, com.alipay.sofa.jraft.util.MetricThreadPoolExecutor@10660795[Shutting down, pool size = 0, active threads = 0, queued tasks = 0, completed tasks = 0].
2026-09-13 18:04:48 [JRaft-Closure-Executor-13] [INFO] c.a.s.j.s.i.RocksDBLogStorage - DB destroyed, the db path is: /tmp/junit/raft/00000/log.
2026-09-13 18:04:48 [main] [INFO] o.a.h.s.PartitionEngine - PartitionEngine shutdown successfully: PartitionEngine{groupId =0, isLeader=false, options=PartitionEngineOptions(taskScheduleTime=60, splitPartitionTimeout=1800000, raftOptions=HgStoreEngineOptions.RaftOptions(rpcConnectTimeoutMs=1000, electionTimeoutMs=3000, rpcInstallSnapshotTimeout=3600000, waitLeaderTimeout=30, maxEntriesSize=256, maxBodySize=524288, overloadRateLimit=100, keepInMemorySegmentCount=2, preAllocateSegmentCount=1, splitPartitionLogIndexMargin=10, rpcDefaultTimeout=5000, snapshotIntervalSecs=3600, snapshotDownloadingThreads=4, snapshotLogIndexMargin=1024, metrics=true, disruptorBufferSize=4096, maxReplicatorInflightMsgs=256, maxLogSize=104857600, aveLogEntrySizeRatio=0.95, useRocksDBSegmentLogStorage=true, maxSegmentFileSize=67108864), raftDataPath=/tmp/junit/raft/00000, raftSnapShotPath=/tmp/junit/raft/00000, groupId=0, raftAddress=127.0.0.1:6510, peerList=[127.0.0.1:6510::100], conf=null, taskHandler=null)}.
2026-09-13 18:04:48 [main] [INFO] o.a.h.r.a.RocksDBFactory - close 00000 's  rocksdb.
2026-09-13 18:04:48 [main] [INFO] o.a.h.r.a.RocksDBFactory - closing all rocksdb....
[[1;34mINFO[m] [1;32mTests run: [0;1;32m2[m, Failures: 0, Errors: 0, Skipped: 0, Time elapsed: 5.326 s - in org.apache.hugegraph.store.core.[1mHgBusinessImplTest[m
[[1;34mINFO[m] 
[[1;34mINFO[m] Results:
[[1;34mINFO[m] 
[[1;34mINFO[m] [1;32mTests run: 2, Failures: 0, Errors: 0, Skipped: 0[m
[[1;34mINFO[m] 
[[1;34mINFO[m] [1m------------------------------------------------------------------------[m
[[1;34mINFO[m] [1mReactor Summary for hugegraph 1.7.0:[m
[[1;34mINFO[m] 
[[1;34mINFO[m] hugegraph .......................................... [1;32mSUCCESS[m [  0.861 s]
[[1;34mINFO[m] hugegraph-commons .................................. [1;32mSUCCESS[m [  0.686 s]
[[1;34mINFO[m] hugegraph-common ................................... [1;32mSUCCESS[m [  0.776 s]
[[1;34mINFO[m] hugegraph-pd ....................................... [1;32mSUCCESS[m [  0.141 s]
[[1;34mINFO[m] hg-pd-grpc ......................................... [1;32mSUCCESS[m [  5.251 s]
[[1;34mINFO[m] hg-pd-common ....................................... [1;32mSUCCESS[m [  0.089 s]
[[1;34mINFO[m] hg-pd-client ....................................... [1;32mSUCCESS[m [  0.095 s]
[[1;34mINFO[m] hugegraph-struct ................................... [1;32mSUCCESS[m [  0.359 s]
[[1;34mINFO[m] hugegraph-store .................................... [1;32mSUCCESS[m [  0.039 s]
[[1;34mINFO[m] hg-store-common .................................... [1;32mSUCCESS[m [  0.222 s]
[[1;34mINFO[m] hugegraph-server ................................... [1;32mSUCCESS[m [  0.076 s]
[[1;34mINFO[m] hugegraph-core ..................................... [1;32mSUCCESS[m [  5.285 s]
[[1;34mINFO[m] hg-store-grpc ...................................... [1;32mSUCCESS[m [  1.391 s]
[[1;34mINFO[m] hg-store-client .................................... [1;32mSUCCESS[m [  0.219 s]
[[1;34mINFO[m] hg-pd-core ......................................... [1;32mSUCCESS[m [  0.073 s]
[[1;34mINFO[m] hg-store-rocksdb ................................... [1;32mSUCCESS[m [  0.188 s]
[[1;34mINFO[m] hg-store-core ...................................... [1;32mSUCCESS[m [  0.449 s]
[[1;34mINFO[m] hg-store-node ...................................... [1;32mSUCCESS[m [  0.556 s]
[[1;34mINFO[m] hg-store-test ...................................... [1;32mSUCCESS[m [ 36.775 s]
[[1;34mINFO[m] [1m------------------------------------------------------------------------[m
[[1;34mINFO[m] [1;32mBUILD SUCCESS[m
[[1;34mINFO[m] [1m------------------------------------------------------------------------[m
[[1;34mINFO[m] Total time:  53.988 s
[[1;34mINFO[m] Finished at: 2026-09-13T18:04:49+08:00
[[1;34mINFO[m] [1m------------------------------------------------------------------------[m
