[INFO] Scanning for projects...
[INFO] ------------------------------------------------------------------------
[INFO] Detecting the operating system and CPU architecture
[INFO] ------------------------------------------------------------------------
[INFO] os.detected.name: linux
[INFO] os.detected.arch: x86_64
[INFO] os.detected.bitness: 64
[INFO] os.detected.version: 6.6
[INFO] os.detected.version.major: 6
[INFO] os.detected.version.minor: 6
[INFO] os.detected.release: ubuntu
[INFO] os.detected.release.version: 24.04
[INFO] os.detected.release.like.ubuntu: true
[INFO] os.detected.release.like.debian: true
[INFO] os.detected.classifier: linux-x86_64
[INFO] ------------------------------------------------------------------------
[INFO] Detecting the operating system and CPU architecture
[INFO] ------------------------------------------------------------------------
[INFO] os.detected.name: linux
[INFO] os.detected.arch: x86_64
[INFO] os.detected.version: 6.6
[INFO] os.detected.version.major: 6
[INFO] os.detected.version.minor: 6
[INFO] os.detected.release: ubuntu
[INFO] os.detected.release.version: 24.04
[INFO] os.detected.release.like.ubuntu: true
[INFO] os.detected.release.like.debian: true
[INFO] os.detected.classifier: linux-x86_64
[INFO] ------------------------------------------------------------------------
[INFO] Reactor Build Order:
[INFO] 
[INFO] hugegraph                                                          [pom]
[INFO] hugegraph-commons                                                  [pom]
[INFO] hugegraph-common                                                   [jar]
[INFO] hugegraph-pd                                                       [pom]
[INFO] hg-pd-grpc                                                         [jar]
[INFO] hg-pd-common                                                       [jar]
[INFO] hg-pd-client                                                       [jar]
[INFO] hugegraph-struct                                                   [jar]
[INFO] hugegraph-store                                                    [pom]
[INFO] hg-store-common                                                    [jar]
[INFO] hugegraph-server                                                   [pom]
[INFO] hugegraph-core                                                     [jar]
[INFO] hg-store-grpc                                                      [jar]
[INFO] hg-store-client                                                    [jar]
[INFO] hg-pd-core                                                         [jar]
[INFO] hg-store-rocksdb                                                   [jar]
[INFO] hg-store-core                                                      [jar]
[INFO] hg-store-node                                                      [jar]
[INFO] hg-store-test                                                      [jar]
[INFO] 
[INFO] -------------------< org.apache.hugegraph:hugegraph >-------------------
[INFO] Building hugegraph 1.7.0                                          [1/19]
[INFO] --------------------------------[ pom ]---------------------------------
[INFO] 
[INFO] --- maven-enforcer-plugin:1.4.1:enforce (enforce-version) @ hugegraph ---
[INFO] 
[INFO] --- maven-enforcer-plugin:1.4.1:enforce (enforce-maven-version) @ hugegraph ---
[INFO] 
[INFO] --- apache-rat-plugin:0.13:check (license-check) @ hugegraph ---
[INFO] Enabled default license matchers.
[INFO] Will parse SCM ignores for exclusions...
[INFO] Parsing exclusions from /home/zy/code/hugegraph/.gitignore
[INFO] Finished adding exclusions from SCM ignore files.
[INFO] 150 implicit excludes (use -debug for more details).
[INFO] 44 explicit excludes (use -debug for more details).
[INFO] 20 resources included (use -debug for more details)
[INFO] Rat check: Summary over all files. Unapproved: 0, unknown: 0, generated: 0, approved: 18 licenses.
[INFO] 
[INFO] --- maven-remote-resources-plugin:3.3.0:process (process-resource-bundles) @ hugegraph ---
[INFO] Preparing remote bundle org.apache:apache-jar-resource-bundle:1.4
[INFO] Copying 3 resources from 1 bundle.
[INFO] 
[INFO] ---------------< org.apache.hugegraph:hugegraph-commons >---------------
[INFO] Building hugegraph-commons 1.7.0                                  [2/19]
[INFO] --------------------------------[ pom ]---------------------------------
[INFO] 
[INFO] --- maven-enforcer-plugin:1.4.1:enforce (enforce-maven-version) @ hugegraph-commons ---
[INFO] 
[INFO] --- maven-checkstyle-plugin:3.1.2:check (validate) @ hugegraph-commons ---
[INFO] Starting audit...
Audit done.
[INFO] You have 0 Checkstyle violations.
[INFO] 
[INFO] --- apache-rat-plugin:0.13:check (license-check) @ hugegraph-commons ---
[INFO] Enabled default license matchers.
[INFO] Will parse SCM ignores for exclusions...
[INFO] Finished adding exclusions from SCM ignore files.
[INFO] 64 implicit excludes (use -debug for more details).
[INFO] 24 explicit excludes (use -debug for more details).
[INFO] 1 resources included (use -debug for more details)
[INFO] Rat check: Summary over all files. Unapproved: 0, unknown: 0, generated: 0, approved: 1 licenses.
[INFO] 
[INFO] --- jacoco-maven-plugin:0.8.7:prepare-agent (pre-unit-test) @ hugegraph-commons ---
[INFO] Skipping JaCoCo execution because property jacoco.skip is set.
[INFO] argLine set to empty
[INFO] 
[INFO] --- maven-remote-resources-plugin:3.3.0:process (process-resource-bundles) @ hugegraph-commons ---
[INFO] Preparing remote bundle org.apache:apache-jar-resource-bundle:1.4
[INFO] Copying 3 resources from 1 bundle.
[INFO] 
[INFO] --- flatten-maven-plugin:1.3.0:flatten (flatten) @ hugegraph-commons ---
[INFO] Generating flattened POM of project org.apache.hugegraph:hugegraph-commons:pom:1.7.0...
[INFO] 
[INFO] --- jacoco-maven-plugin:0.8.7:report (post-unit-test) @ hugegraph-commons ---
[INFO] Skipping JaCoCo execution because property jacoco.skip is set.
[INFO] 
[INFO] ---------------< org.apache.hugegraph:hugegraph-common >----------------
[INFO] Building hugegraph-common 1.7.0                                   [3/19]
[INFO] --------------------------------[ jar ]---------------------------------
[INFO] 
[INFO] --- maven-enforcer-plugin:1.4.1:enforce (enforce-maven-version) @ hugegraph-common ---
[INFO] 
[INFO] --- maven-checkstyle-plugin:3.1.2:check (validate) @ hugegraph-common ---
[INFO] Starting audit...
[INFO] /home/zy/code/hugegraph/hugegraph-commons/hugegraph-common/src/main/java/org/apache/hugegraph/rest/AbstractRestClient.java:44:1: Illegal import - org.jetbrains.annotations.NotNull. [IllegalImport]
[INFO] /home/zy/code/hugegraph/hugegraph-commons/hugegraph-common/src/main/java/org/apache/hugegraph/rest/OkHttpTokenInterceptor.java:30:1: 'CLASS_DEF' has more than 1 empty lines before. [EmptyLineSeparator]
[INFO] /home/zy/code/hugegraph/hugegraph-commons/hugegraph-common/src/main/java/org/apache/hugegraph/util/ExecutorUtil.java:33:1: 'CLASS_DEF' has more than 1 empty lines before. [EmptyLineSeparator]
Audit done.
[INFO] You have 0 Checkstyle violations.
[INFO] 
[INFO] --- apache-rat-plugin:0.13:check (license-check) @ hugegraph-common ---
[INFO] Enabled default license matchers.
[INFO] Will parse SCM ignores for exclusions...
[INFO] Finished adding exclusions from SCM ignore files.
[INFO] 62 implicit excludes (use -debug for more details).
[INFO] 24 explicit excludes (use -debug for more details).
[INFO] 135 resources included (use -debug for more details)
[INFO] Rat check: Summary over all files. Unapproved: 0, unknown: 0, generated: 0, approved: 135 licenses.
[INFO] 
[INFO] --- jacoco-maven-plugin:0.8.2:prepare-agent (pre-unit-test) @ hugegraph-common ---
[INFO] Skipping JaCoCo execution because property jacoco.skip is set.
[INFO] argLine set to empty
[INFO] 
[INFO] --- maven-remote-resources-plugin:3.3.0:process (process-resource-bundles) @ hugegraph-common ---
[INFO] Preparing remote bundle org.apache:apache-jar-resource-bundle:1.4
[INFO] Copying 3 resources from 1 bundle.
[INFO] 
[INFO] --- maven-resources-plugin:3.1.0:resources (default-resources) @ hugegraph-common ---
[INFO] Using 'UTF-8' encoding to copy filtered resources.
[INFO] Copying 1 resource
[INFO] Copying 3 resources
[INFO] 
[INFO] --- flatten-maven-plugin:1.3.0:flatten (flatten) @ hugegraph-common ---
[INFO] Generating flattened POM of project org.apache.hugegraph:hugegraph-common:jar:1.7.0...
[INFO] 
[INFO] --- maven-compiler-plugin:3.1:compile (default-compile) @ hugegraph-common ---
[INFO] Nothing to compile - all classes are up to date
[INFO] 
[INFO] --- maven-resources-plugin:3.1.0:testResources (default-testResources) @ hugegraph-common ---
[INFO] Using 'UTF-8' encoding to copy filtered resources.
[INFO] Copying 5 resources
[INFO] Copying 3 resources
[INFO] 
[INFO] --- maven-compiler-plugin:3.1:testCompile (default-testCompile) @ hugegraph-common ---
[INFO] Nothing to compile - all classes are up to date
[INFO] 
[INFO] --- maven-surefire-plugin:2.20:test (default-test) @ hugegraph-common ---
[INFO] Tests are skipped.
[INFO] 
[INFO] --- jacoco-maven-plugin:0.8.2:report (post-unit-test) @ hugegraph-common ---
[INFO] Skipping JaCoCo execution because property jacoco.skip is set.
[INFO] 
[INFO] -----------------< org.apache.hugegraph:hugegraph-pd >------------------
[INFO] Building hugegraph-pd 1.7.0                                       [4/19]
[INFO] --------------------------------[ pom ]---------------------------------
[INFO] 
[INFO] --- maven-enforcer-plugin:1.4.1:enforce (enforce-maven-version) @ hugegraph-pd ---
[INFO] 
[INFO] --- apache-rat-plugin:0.13:check (license-check) @ hugegraph-pd ---
[INFO] Enabled default license matchers.
[INFO] Will parse SCM ignores for exclusions...
[INFO] Parsing exclusions from /home/zy/code/hugegraph/hugegraph-pd/.gitignore
[INFO] Finished adding exclusions from SCM ignore files.
[INFO] 73 implicit excludes (use -debug for more details).
[INFO] 44 explicit excludes (use -debug for more details).
[INFO] 2 resources included (use -debug for more details)
[INFO] Rat check: Summary over all files. Unapproved: 0, unknown: 0, generated: 0, approved: 2 licenses.
[INFO] 
[INFO] --- jacoco-maven-plugin:0.8.8:prepare-agent (default) @ hugegraph-pd ---
[INFO] Skipping JaCoCo execution because property jacoco.skip is set.
[INFO] argLine set to empty
[INFO] 
[INFO] --- maven-remote-resources-plugin:3.3.0:process (process-resource-bundles) @ hugegraph-pd ---
[INFO] Preparing remote bundle org.apache:apache-jar-resource-bundle:1.4
[INFO] Copying 3 resources from 1 bundle.
[INFO] 
[INFO] --- flatten-maven-plugin:1.2.7:flatten (flatten) @ hugegraph-pd ---
[INFO] Generating flattened POM of project org.apache.hugegraph:hugegraph-pd:pom:1.7.0...
[INFO] 
[INFO] --- maven-surefire-plugin:2.20:test (pd-common-test) @ hugegraph-pd ---
[INFO] No tests to run.
[INFO] 
[INFO] --- maven-surefire-plugin:2.20:test (pd-core-test) @ hugegraph-pd ---
[INFO] No tests to run.
[INFO] Skipping execution of surefire because it has already been run for this configuration
[INFO] 
[INFO] --- maven-surefire-plugin:2.20:test (pd-client-test) @ hugegraph-pd ---
[INFO] No tests to run.
[INFO] Skipping execution of surefire because it has already been run for this configuration
[INFO] 
[INFO] --- maven-surefire-plugin:2.20:test (pd-rest-test) @ hugegraph-pd ---
[INFO] No tests to run.
[INFO] Skipping execution of surefire because it has already been run for this configuration
[INFO] 
[INFO] ------------------< org.apache.hugegraph:hg-pd-grpc >-------------------
[INFO] Building hg-pd-grpc 1.7.0                                         [5/19]
[INFO] --------------------------------[ jar ]---------------------------------
[INFO] 
[INFO] --- maven-enforcer-plugin:1.4.1:enforce (enforce-maven-version) @ hg-pd-grpc ---
[INFO] 
[INFO] --- apache-rat-plugin:0.13:check (license-check) @ hg-pd-grpc ---
[INFO] Enabled default license matchers.
[INFO] Will parse SCM ignores for exclusions...
[INFO] Finished adding exclusions from SCM ignore files.
[INFO] 62 implicit excludes (use -debug for more details).
[INFO] 44 explicit excludes (use -debug for more details).
[INFO] 1 resources included (use -debug for more details)
[INFO] Rat check: Summary over all files. Unapproved: 0, unknown: 0, generated: 0, approved: 1 licenses.
[INFO] 
[INFO] --- jacoco-maven-plugin:0.8.8:prepare-agent (default) @ hg-pd-grpc ---
[INFO] Skipping JaCoCo execution because property jacoco.skip is set.
[INFO] argLine set to empty
[INFO] 
[INFO] --- maven-clean-plugin:3.1.0:clean (default) @ hg-pd-grpc ---
[INFO] Deleting /home/zy/code/hugegraph/hugegraph-pd/hg-pd-grpc/target
[INFO] Deleting /home/zy/code/hugegraph/hugegraph-pd/hg-pd-grpc/src/main/java (includes = [*.tar, *.tar.gz, .flattened-pom.xml, apache-hugegraph-pd-1.7.0/**], excludes = [])
[INFO] 
[INFO] --- protobuf-maven-plugin:0.6.1:compile (default) @ hg-pd-grpc ---
[INFO] Compiling 9 proto file(s) to /home/zy/code/hugegraph/hugegraph-pd/hg-pd-grpc/src/main/java
[WARNING] PROTOC: kv.proto:21:1: warning: Import metapb.proto is unused.

[INFO] 
[INFO] --- protobuf-maven-plugin:0.6.1:compile-custom (default) @ hg-pd-grpc ---
[INFO] Compiling 9 proto file(s) to /home/zy/code/hugegraph/hugegraph-pd/hg-pd-grpc/src/main/java
[WARNING] PROTOC: kv.proto:21:1: warning: Import metapb.proto is unused.

[INFO] 
[INFO] --- maven-remote-resources-plugin:3.3.0:process (process-resource-bundles) @ hg-pd-grpc ---
[INFO] Preparing remote bundle org.apache:apache-jar-resource-bundle:1.4
[INFO] Copying 3 resources from 1 bundle.
[INFO] 
[INFO] --- maven-resources-plugin:3.1.0:resources (default-resources) @ hg-pd-grpc ---
[INFO] Using 'UTF-8' encoding to copy filtered resources.
[INFO] skip non existing resourceDirectory /home/zy/code/hugegraph/hugegraph-pd/hg-pd-grpc/src/main/resources
[INFO] Copying 9 resources
[INFO] Copying 9 resources
[INFO] Copying 9 resources
[INFO] Copying 3 resources
[INFO] 
[INFO] --- flatten-maven-plugin:1.2.7:flatten (flatten) @ hg-pd-grpc ---
[INFO] Generating flattened POM of project org.apache.hugegraph:hg-pd-grpc:jar:1.7.0...
[INFO] 
[INFO] --- maven-compiler-plugin:3.1:compile (default-compile) @ hg-pd-grpc ---
[INFO] Changes detected - recompiling the module!
[INFO] Compiling 139 source files to /home/zy/code/hugegraph/hugegraph-pd/hg-pd-grpc/target/classes
[INFO] 
[INFO] --- maven-resources-plugin:3.1.0:testResources (default-testResources) @ hg-pd-grpc ---
[INFO] Using 'UTF-8' encoding to copy filtered resources.
[INFO] skip non existing resourceDirectory /home/zy/code/hugegraph/hugegraph-pd/hg-pd-grpc/src/test/resources
[INFO] Copying 3 resources
[INFO] 
[INFO] --- maven-compiler-plugin:3.1:testCompile (default-testCompile) @ hg-pd-grpc ---
[INFO] No sources to compile
[INFO] 
[INFO] --- maven-surefire-plugin:2.20:test (default-test) @ hg-pd-grpc ---
[INFO] 
[INFO] --- maven-surefire-plugin:2.20:test (pd-common-test) @ hg-pd-grpc ---
[INFO] Skipping execution of surefire because it has already been run for this configuration
[INFO] 
[INFO] --- maven-surefire-plugin:2.20:test (pd-core-test) @ hg-pd-grpc ---
[INFO] Skipping execution of surefire because it has already been run for this configuration
[INFO] 
[INFO] --- maven-surefire-plugin:2.20:test (pd-client-test) @ hg-pd-grpc ---
[INFO] Skipping execution of surefire because it has already been run for this configuration
[INFO] 
[INFO] --- maven-surefire-plugin:2.20:test (pd-rest-test) @ hg-pd-grpc ---
[INFO] Skipping execution of surefire because it has already been run for this configuration
[INFO] 
[INFO] -----------------< org.apache.hugegraph:hg-pd-common >------------------
[INFO] Building hg-pd-common 1.7.0                                       [6/19]
[INFO] --------------------------------[ jar ]---------------------------------
[INFO] 
[INFO] --- maven-enforcer-plugin:1.4.1:enforce (enforce-maven-version) @ hg-pd-common ---
[INFO] 
[INFO] --- apache-rat-plugin:0.13:check (license-check) @ hg-pd-common ---
[INFO] Enabled default license matchers.
[INFO] Will parse SCM ignores for exclusions...
[INFO] Finished adding exclusions from SCM ignore files.
[INFO] 62 implicit excludes (use -debug for more details).
[INFO] 44 explicit excludes (use -debug for more details).
[INFO] 14 resources included (use -debug for more details)
[INFO] Rat check: Summary over all files. Unapproved: 0, unknown: 0, generated: 0, approved: 14 licenses.
[INFO] 
[INFO] --- jacoco-maven-plugin:0.8.8:prepare-agent (default) @ hg-pd-common ---
[INFO] Skipping JaCoCo execution because property jacoco.skip is set.
[INFO] argLine set to empty
[INFO] 
[INFO] --- maven-remote-resources-plugin:3.3.0:process (process-resource-bundles) @ hg-pd-common ---
[INFO] Preparing remote bundle org.apache:apache-jar-resource-bundle:1.4
[INFO] Copying 3 resources from 1 bundle.
[WARNING] Failed to build parent project for org.apache.hugegraph:hugegraph-pd:pom:1.7.0
[INFO] 
[INFO] --- maven-resources-plugin:3.1.0:resources (default-resources) @ hg-pd-common ---
[INFO] Using 'UTF-8' encoding to copy filtered resources.
[INFO] skip non existing resourceDirectory /home/zy/code/hugegraph/hugegraph-pd/hg-pd-common/src/main/resources
[INFO] Copying 3 resources
[INFO] 
[INFO] --- flatten-maven-plugin:1.2.7:flatten (flatten) @ hg-pd-common ---
[INFO] Generating flattened POM of project org.apache.hugegraph:hg-pd-common:jar:1.7.0...
[INFO] 
[INFO] --- maven-compiler-plugin:3.1:compile (default-compile) @ hg-pd-common ---
[INFO] Nothing to compile - all classes are up to date
[INFO] 
[INFO] --- maven-resources-plugin:3.1.0:testResources (default-testResources) @ hg-pd-common ---
[INFO] Using 'UTF-8' encoding to copy filtered resources.
[INFO] skip non existing resourceDirectory /home/zy/code/hugegraph/hugegraph-pd/hg-pd-common/src/test/resources
[INFO] Copying 3 resources
[INFO] 
[INFO] --- maven-compiler-plugin:3.1:testCompile (default-testCompile) @ hg-pd-common ---
[INFO] No sources to compile
[INFO] 
[INFO] --- maven-surefire-plugin:2.20:test (default-test) @ hg-pd-common ---
[INFO] 
[INFO] --- maven-surefire-plugin:2.20:test (pd-common-test) @ hg-pd-common ---
[INFO] Skipping execution of surefire because it has already been run for this configuration
[INFO] 
[INFO] --- maven-surefire-plugin:2.20:test (pd-core-test) @ hg-pd-common ---
[INFO] Skipping execution of surefire because it has already been run for this configuration
[INFO] 
[INFO] --- maven-surefire-plugin:2.20:test (pd-client-test) @ hg-pd-common ---
[INFO] Skipping execution of surefire because it has already been run for this configuration
[INFO] 
[INFO] --- maven-surefire-plugin:2.20:test (pd-rest-test) @ hg-pd-common ---
[INFO] Skipping execution of surefire because it has already been run for this configuration
[INFO] 
[INFO] -----------------< org.apache.hugegraph:hg-pd-client >------------------
[INFO] Building hg-pd-client 1.7.0                                       [7/19]
[INFO] --------------------------------[ jar ]---------------------------------
[INFO] 
[INFO] --- maven-enforcer-plugin:1.4.1:enforce (enforce-maven-version) @ hg-pd-client ---
[INFO] 
[INFO] --- apache-rat-plugin:0.13:check (license-check) @ hg-pd-client ---
[INFO] Enabled default license matchers.
[INFO] Will parse SCM ignores for exclusions...
[INFO] Finished adding exclusions from SCM ignore files.
[INFO] 62 implicit excludes (use -debug for more details).
[INFO] 44 explicit excludes (use -debug for more details).
[INFO] 34 resources included (use -debug for more details)
[INFO] Rat check: Summary over all files. Unapproved: 0, unknown: 0, generated: 0, approved: 34 licenses.
[INFO] 
[INFO] --- jacoco-maven-plugin:0.8.8:prepare-agent (default) @ hg-pd-client ---
[INFO] Skipping JaCoCo execution because property jacoco.skip is set.
[INFO] argLine set to empty
[INFO] 
[INFO] --- maven-remote-resources-plugin:3.3.0:process (process-resource-bundles) @ hg-pd-client ---
[INFO] Preparing remote bundle org.apache:apache-jar-resource-bundle:1.4
[INFO] Copying 3 resources from 1 bundle.
[WARNING] Failed to build parent project for org.apache.hugegraph:hugegraph-pd:pom:1.7.0
[WARNING] Failed to build parent project for org.apache.hugegraph:hugegraph-pd:pom:1.7.0
[INFO] 
[INFO] --- maven-resources-plugin:3.1.0:resources (default-resources) @ hg-pd-client ---
[INFO] Using 'UTF-8' encoding to copy filtered resources.
[INFO] skip non existing resourceDirectory /home/zy/code/hugegraph/hugegraph-pd/hg-pd-client/src/main/resources
[INFO] Copying 3 resources
[INFO] 
[INFO] --- flatten-maven-plugin:1.2.7:flatten (flatten) @ hg-pd-client ---
[INFO] Generating flattened POM of project org.apache.hugegraph:hg-pd-client:jar:1.7.0...
[INFO] 
[INFO] --- maven-compiler-plugin:3.1:compile (default-compile) @ hg-pd-client ---
[INFO] Nothing to compile - all classes are up to date
[INFO] 
[INFO] --- maven-resources-plugin:3.1.0:testResources (default-testResources) @ hg-pd-client ---
[INFO] Using 'UTF-8' encoding to copy filtered resources.
[INFO] Copying 1 resource
[INFO] Copying 3 resources
[INFO] 
[INFO] --- maven-compiler-plugin:3.1:testCompile (default-testCompile) @ hg-pd-client ---
[INFO] Nothing to compile - all classes are up to date
[INFO] 
[INFO] --- maven-surefire-plugin:2.20:test (default-test) @ hg-pd-client ---
[INFO] 
[INFO] -------------------------------------------------------
[INFO]  T E S T S
[INFO] -------------------------------------------------------
[INFO] 
[INFO] Results:
[INFO] 
[INFO] Tests run: 0, Failures: 0, Errors: 0, Skipped: 0
[INFO] 
[INFO] 
[INFO] --- maven-surefire-plugin:2.20:test (pd-common-test) @ hg-pd-client ---
[INFO] Skipping execution of surefire because it has already been run for this configuration
[INFO] 
[INFO] --- maven-surefire-plugin:2.20:test (pd-core-test) @ hg-pd-client ---
[INFO] Skipping execution of surefire because it has already been run for this configuration
[INFO] 
[INFO] --- maven-surefire-plugin:2.20:test (pd-client-test) @ hg-pd-client ---
[INFO] Skipping execution of surefire because it has already been run for this configuration
[INFO] 
[INFO] --- maven-surefire-plugin:2.20:test (pd-rest-test) @ hg-pd-client ---
[INFO] Skipping execution of surefire because it has already been run for this configuration
[INFO] 
[INFO] ---------------< org.apache.hugegraph:hugegraph-struct >----------------
[INFO] Building hugegraph-struct 1.7.0                                   [8/19]
[INFO] --------------------------------[ jar ]---------------------------------
[WARNING] The artifact org.lz4:lz4-java:jar:1.8.1 has been relocated to at.yawk.lz4:lz4-java:jar:1.8.1
[INFO] 
[INFO] --- maven-enforcer-plugin:1.4.1:enforce (enforce-maven-version) @ hugegraph-struct ---
[INFO] 
[INFO] --- apache-rat-plugin:0.13:check (license-check) @ hugegraph-struct ---
[INFO] Enabled default license matchers.
[INFO] Will parse SCM ignores for exclusions...
[INFO] Finished adding exclusions from SCM ignore files.
[INFO] 62 implicit excludes (use -debug for more details).
[INFO] 44 explicit excludes (use -debug for more details).
[INFO] 91 resources included (use -debug for more details)
[INFO] Rat check: Summary over all files. Unapproved: 0, unknown: 0, generated: 0, approved: 91 licenses.
[INFO] 
[INFO] --- maven-remote-resources-plugin:3.3.0:process (process-resource-bundles) @ hugegraph-struct ---
[INFO] Preparing remote bundle org.apache:apache-jar-resource-bundle:1.4
[INFO] Copying 3 resources from 1 bundle.
[WARNING] Failed to build parent project for org.apache.hugegraph:hugegraph-pd:pom:1.7.0
[WARNING] Failed to build parent project for org.apache.hugegraph:hugegraph-pd:pom:1.7.0
[WARNING] Failed to build parent project for org.apache.hugegraph:hugegraph-pd:pom:1.7.0
[WARNING] Failed to build parent project for org.apache.hugegraph:hugegraph-commons:pom:1.7.0
[INFO] 
[INFO] --- maven-resources-plugin:3.1.0:resources (default-resources) @ hugegraph-struct ---
[INFO] Using 'UTF-8' encoding to copy filtered resources.
[INFO] skip non existing resourceDirectory /home/zy/code/hugegraph/hugegraph-struct/src/main/resources
[INFO] Copying 3 resources
[INFO] 
[INFO] --- maven-compiler-plugin:3.1:compile (default-compile) @ hugegraph-struct ---
[INFO] Nothing to compile - all classes are up to date
[INFO] 
[INFO] --- maven-resources-plugin:3.1.0:testResources (default-testResources) @ hugegraph-struct ---
[INFO] Using 'UTF-8' encoding to copy filtered resources.
[INFO] skip non existing resourceDirectory /home/zy/code/hugegraph/hugegraph-struct/src/test/resources
[INFO] Copying 3 resources
[INFO] 
[INFO] --- maven-compiler-plugin:3.1:testCompile (default-testCompile) @ hugegraph-struct ---
[INFO] Nothing to compile - all classes are up to date
[INFO] 
[INFO] --- maven-surefire-plugin:2.22.0:test (default-test) @ hugegraph-struct ---
[INFO] 
[INFO] -------------------------------------------------------
[INFO]  T E S T S
[INFO] -------------------------------------------------------
[INFO] Running org.apache.hugegraph.struct.schema.PropertyKeyTest
[INFO] Tests run: 2, Failures: 0, Errors: 0, Skipped: 0, Time elapsed: 0.077 s - in org.apache.hugegraph.struct.schema.PropertyKeyTest
[INFO] Running org.apache.hugegraph.query.ConditionTest
[INFO] Tests run: 1, Failures: 0, Errors: 0, Skipped: 0, Time elapsed: 0.005 s - in org.apache.hugegraph.query.ConditionTest
[INFO] 
[INFO] Results:
[INFO] 
[INFO] Tests run: 3, Failures: 0, Errors: 0, Skipped: 0
[INFO] 
[INFO] 
[INFO] ----------------< org.apache.hugegraph:hugegraph-store >----------------
[INFO] Building hugegraph-store 1.7.0                                    [9/19]
[INFO] --------------------------------[ pom ]---------------------------------
[INFO] 
[INFO] --- maven-enforcer-plugin:1.4.1:enforce (enforce-maven-version) @ hugegraph-store ---
[INFO] 
[INFO] --- apache-rat-plugin:0.13:check (license-check) @ hugegraph-store ---
[INFO] Enabled default license matchers.
[INFO] Will parse SCM ignores for exclusions...
[INFO] Parsing exclusions from /home/zy/code/hugegraph/hugegraph-store/.gitignore
[INFO] Finished adding exclusions from SCM ignore files.
[INFO] 74 implicit excludes (use -debug for more details).
[INFO] 44 explicit excludes (use -debug for more details).
[INFO] 2 resources included (use -debug for more details)
[INFO] Rat check: Summary over all files. Unapproved: 0, unknown: 0, generated: 0, approved: 2 licenses.
[INFO] 
[INFO] --- jacoco-maven-plugin:0.8.8:prepare-agent (default) @ hugegraph-store ---
[INFO] Skipping JaCoCo execution because property jacoco.skip is set.
[INFO] argLine set to empty
[INFO] 
[INFO] --- maven-remote-resources-plugin:3.3.0:process (process-resource-bundles) @ hugegraph-store ---
[INFO] Preparing remote bundle org.apache:apache-jar-resource-bundle:1.4
[INFO] Copying 3 resources from 1 bundle.
[INFO] 
[INFO] --- flatten-maven-plugin:1.2.7:flatten (flatten) @ hugegraph-store ---
[INFO] Generating flattened POM of project org.apache.hugegraph:hugegraph-store:pom:1.7.0...
[INFO] 
[INFO] --- maven-surefire-plugin:2.20:test (store-core-test) @ hugegraph-store ---
[INFO] No tests to run.
[INFO] 
[INFO] ----------------< org.apache.hugegraph:hg-store-common >----------------
[INFO] Building hg-store-common 1.7.0                                   [10/19]
[INFO] --------------------------------[ jar ]---------------------------------
[INFO] 
[INFO] --- maven-enforcer-plugin:1.4.1:enforce (enforce-maven-version) @ hg-store-common ---
[INFO] 
[INFO] --- apache-rat-plugin:0.13:check (license-check) @ hg-store-common ---
[INFO] Enabled default license matchers.
[INFO] Will parse SCM ignores for exclusions...
[INFO] Finished adding exclusions from SCM ignore files.
[INFO] 62 implicit excludes (use -debug for more details).
[INFO] 44 explicit excludes (use -debug for more details).
[INFO] 24 resources included (use -debug for more details)
[INFO] Rat check: Summary over all files. Unapproved: 0, unknown: 0, generated: 0, approved: 24 licenses.
[INFO] 
[INFO] --- jacoco-maven-plugin:0.8.8:prepare-agent (default) @ hg-store-common ---
[INFO] Skipping JaCoCo execution because property jacoco.skip is set.
[INFO] argLine set to empty
[INFO] 
[INFO] --- maven-remote-resources-plugin:3.3.0:process (process-resource-bundles) @ hg-store-common ---
[INFO] Preparing remote bundle org.apache:apache-jar-resource-bundle:1.4
[INFO] Copying 3 resources from 1 bundle.
[WARNING] Failed to build parent project for org.apache.hugegraph:hugegraph-pd:pom:1.7.0
[WARNING] Failed to build parent project for org.apache.hugegraph:hugegraph-pd:pom:1.7.0
[WARNING] Failed to build parent project for org.apache.hugegraph:hugegraph-pd:pom:1.7.0
[WARNING] Failed to build parent project for org.apache.hugegraph:hugegraph-commons:pom:1.7.0
[INFO] 
[INFO] --- maven-resources-plugin:3.1.0:resources (default-resources) @ hg-store-common ---
[INFO] Using 'UTF-8' encoding to copy filtered resources.
[INFO] skip non existing resourceDirectory /home/zy/code/hugegraph/hugegraph-store/hg-store-common/src/main/resources
[INFO] Copying 3 resources
[INFO] 
[INFO] --- flatten-maven-plugin:1.2.7:flatten (flatten) @ hg-store-common ---
[INFO] Generating flattened POM of project org.apache.hugegraph:hg-store-common:jar:1.7.0...
[INFO] 
[INFO] --- maven-compiler-plugin:3.1:compile (default-compile) @ hg-store-common ---
[INFO] Nothing to compile - all classes are up to date
[INFO] 
[INFO] --- maven-resources-plugin:3.1.0:testResources (default-testResources) @ hg-store-common ---
[INFO] Using 'UTF-8' encoding to copy filtered resources.
[INFO] skip non existing resourceDirectory /home/zy/code/hugegraph/hugegraph-store/hg-store-common/src/test/resources
[INFO] Copying 3 resources
[INFO] 
[INFO] --- maven-compiler-plugin:3.1:testCompile (default-testCompile) @ hg-store-common ---
[INFO] No sources to compile
[INFO] 
[INFO] --- maven-surefire-plugin:2.20:test (default-test) @ hg-store-common ---
[INFO] 
[INFO] --- maven-surefire-plugin:2.20:test (store-core-test) @ hg-store-common ---
[INFO] Skipping execution of surefire because it has already been run for this configuration
[INFO] 
[INFO] ---------------< org.apache.hugegraph:hugegraph-server >----------------
[INFO] Building hugegraph-server 1.7.0                                  [11/19]
[INFO] --------------------------------[ pom ]---------------------------------
[INFO] 
[INFO] --- maven-enforcer-plugin:1.4.1:enforce (enforce-maven-version) @ hugegraph-server ---
[INFO] 
[INFO] --- apache-rat-plugin:0.13:check (license-check) @ hugegraph-server ---
[INFO] Enabled default license matchers.
[INFO] Will parse SCM ignores for exclusions...
[INFO] Finished adding exclusions from SCM ignore files.
[INFO] 70 implicit excludes (use -debug for more details).
[INFO] 44 explicit excludes (use -debug for more details).
[INFO] 3 resources included (use -debug for more details)
[INFO] Rat check: Summary over all files. Unapproved: 0, unknown: 0, generated: 0, approved: 3 licenses.
[INFO] 
[INFO] --- maven-checkstyle-plugin:3.1.2:check (validate) @ hugegraph-server ---
[INFO] Starting audit...
Audit done.
[INFO] You have 0 Checkstyle violations.
[INFO] 
[INFO] --- maven-remote-resources-plugin:3.3.0:process (process-resource-bundles) @ hugegraph-server ---
[INFO] Preparing remote bundle org.apache:apache-jar-resource-bundle:1.4
[INFO] Copying 3 resources from 1 bundle.
[INFO] 
[INFO] --- flatten-maven-plugin:1.2.7:flatten (flatten) @ hugegraph-server ---
[INFO] Generating flattened POM of project org.apache.hugegraph:hugegraph-server:pom:1.7.0...
[INFO] 
[INFO] --- maven-surefire-plugin:2.22.0:test (core-test) @ hugegraph-server ---
[INFO] No tests to run.
[INFO] 
[INFO] ----------------< org.apache.hugegraph:hugegraph-core >-----------------
[INFO] Building hugegraph-core 1.7.0                                    [12/19]
[INFO] --------------------------------[ jar ]---------------------------------
[WARNING] The artifact org.lz4:lz4-java:jar:1.8.1 has been relocated to at.yawk.lz4:lz4-java:jar:1.8.1
[INFO] 
[INFO] --- maven-enforcer-plugin:1.4.1:enforce (enforce-maven-version) @ hugegraph-core ---
[INFO] 
[INFO] --- apache-rat-plugin:0.13:check (license-check) @ hugegraph-core ---
[INFO] Enabled default license matchers.
[INFO] Will parse SCM ignores for exclusions...
[INFO] Finished adding exclusions from SCM ignore files.
[INFO] 62 implicit excludes (use -debug for more details).
[INFO] 44 explicit excludes (use -debug for more details).
[INFO] 472 resources included (use -debug for more details)
[INFO] Rat check: Summary over all files. Unapproved: 0, unknown: 0, generated: 0, approved: 472 licenses.
[INFO] 
[INFO] --- maven-checkstyle-plugin:3.1.2:check (validate) @ hugegraph-core ---
[INFO] Starting audit...
[INFO] /home/zy/code/hugegraph/hugegraph-server/hugegraph-core/src/main/java/org/apache/hugegraph/task/HugeTask.java:866:17: 'array initialization' child has incorrect indentation level 16, expected level should be 12. [Indentation]
[INFO] /home/zy/code/hugegraph/hugegraph-server/hugegraph-core/src/main/java/org/apache/hugegraph/task/HugeTask.java:867:17: 'array initialization' child has incorrect indentation level 16, expected level should be 12. [Indentation]
[INFO] /home/zy/code/hugegraph/hugegraph-server/hugegraph-core/src/main/java/org/apache/hugegraph/task/ServerInfoManager.java:28:8: Unused import - org.apache.hugegraph.exception.ConnectionException. [UnusedImports]
[INFO] /home/zy/code/hugegraph/hugegraph-server/hugegraph-core/src/main/java/org/apache/hugegraph/task/StandardTaskScheduler.java:292:5: 'METHOD_DEF' should be separated from previous line. [EmptyLineSeparator]
[INFO] /home/zy/code/hugegraph/hugegraph-server/hugegraph-core/src/main/java/org/apache/hugegraph/k8s/K8sRegister.java:144:22: 'static' modifier out of order with the JLS suggestions. [ModifierOrder]
[INFO] /home/zy/code/hugegraph/hugegraph-server/hugegraph-core/src/main/java/org/apache/hugegraph/k8s/K8sRegister.java:144:41: Name 'instance' must match pattern '^[A-Z][A-Z0-9]*(_[A-Z0-9]+)*$'. [ConstantName]
[INFO] /home/zy/code/hugegraph/hugegraph-server/hugegraph-core/src/main/java/org/apache/hugegraph/k8s/K8sManager.java:30:15: Using the '.*' form of import should be avoided - java.io.*. [AvoidStarImport]
[INFO] /home/zy/code/hugegraph/hugegraph-server/hugegraph-core/src/main/java/org/apache/hugegraph/k8s/K8sManager.java:82:39: Empty catch block. [EmptyCatchBlock]
[INFO] /home/zy/code/hugegraph/hugegraph-server/hugegraph-core/src/main/java/org/apache/hugegraph/k8s/K8sManager.java:157:9: switch without "default" clause. [MissingSwitchDefault]
[INFO] /home/zy/code/hugegraph/hugegraph-server/hugegraph-core/src/main/java/org/apache/hugegraph/k8s/K8sManager.java:160:13: Fall through from previous branch of the switch statement. [FallThrough]
[INFO] /home/zy/code/hugegraph/hugegraph-server/hugegraph-core/src/main/java/org/apache/hugegraph/k8s/K8sManager.java:173:9: switch without "default" clause. [MissingSwitchDefault]
[INFO] /home/zy/code/hugegraph/hugegraph-server/hugegraph-core/src/main/java/org/apache/hugegraph/k8s/K8sManager.java:273:47: Empty catch block. [EmptyCatchBlock]
[INFO] /home/zy/code/hugegraph/hugegraph-server/hugegraph-core/src/main/java/org/apache/hugegraph/k8s/K8sDriver.java:20:39: Using the '.*' form of import should be avoided - io.fabric8.kubernetes.api.model.*. [AvoidStarImport]
[INFO] /home/zy/code/hugegraph/hugegraph-server/hugegraph-core/src/main/java/org/apache/hugegraph/k8s/K8sDriver.java:28:36: Using the '.*' form of import should be avoided - io.fabric8.kubernetes.client.*. [AvoidStarImport]
[INFO] /home/zy/code/hugegraph/hugegraph-server/hugegraph-core/src/main/java/org/apache/hugegraph/k8s/K8sDriver.java:45:17: Using the '.*' form of import should be avoided - java.util.*. [AvoidStarImport]
[INFO] /home/zy/code/hugegraph/hugegraph-server/hugegraph-core/src/main/java/org/apache/hugegraph/k8s/K8sDriver.java:755:33: Empty catch block. [EmptyCatchBlock]
[INFO] /home/zy/code/hugegraph/hugegraph-server/hugegraph-core/src/main/java/org/apache/hugegraph/masterelection/StandardClusterRoleStore.java:129:52: Empty catch block. [EmptyCatchBlock]
[INFO] /home/zy/code/hugegraph/hugegraph-server/hugegraph-core/src/main/java/org/apache/hugegraph/backend/store/BackendProviderFactory.java:46:77: Name 'providers' must match pattern '^[A-Z][A-Z0-9]*(_[A-Z0-9]+)*$'. [ConstantName]
[INFO] /home/zy/code/hugegraph/hugegraph-server/hugegraph-core/src/main/java/org/apache/hugegraph/backend/store/BackendProviderFactory.java:62:24: '+' should be on the previous line. [OperatorWrap]
[INFO] /home/zy/code/hugegraph/hugegraph-server/hugegraph-core/src/main/java/org/apache/hugegraph/backend/serializer/BytesBuffer.java:875:10: Comment has incorrect indentation level 9, expected is 8, indentation should be the same level as line 876. [CommentsIndentation]
[INFO] /home/zy/code/hugegraph/hugegraph-server/hugegraph-core/src/main/java/org/apache/hugegraph/backend/serializer/SerializerFactory.java:28:75: Name 'serializers' must match pattern '^[A-Z][A-Z0-9]*(_[A-Z0-9]+)*$'. [ConstantName]
[INFO] /home/zy/code/hugegraph/hugegraph-server/hugegraph-core/src/main/java/org/apache/hugegraph/backend/tx/IdCounter.java:38:70: Name 'ids' must match pattern '^[A-Z][A-Z0-9]*(_[A-Z0-9]+)*$'. [ConstantName]
[INFO] /home/zy/code/hugegraph/hugegraph-server/hugegraph-core/src/main/java/org/apache/hugegraph/backend/query/QueryResults.java:35:8: Unused import - org.apache.hugegraph.iterator.MapperIterator. [UnusedImports]
[INFO] /home/zy/code/hugegraph/hugegraph-server/hugegraph-core/src/main/java/org/apache/hugegraph/backend/query/ConditionQuery.java:81:31: Name 'gson' must match pattern '^[A-Z][A-Z0-9]*(_[A-Z0-9]+)*$'. [ConstantName]
[INFO] /home/zy/code/hugegraph/hugegraph-server/hugegraph-core/src/main/java/org/apache/hugegraph/backend/query/Query.java:647: Line is longer than 120 characters (found 124). [LineLength]
[INFO] /home/zy/code/hugegraph/hugegraph-server/hugegraph-core/src/main/java/org/apache/hugegraph/backend/cache/CachedSchemaTransactionV2.java:65:40: Name 'metaEventListenerRegistered' must match pattern '^[A-Z][A-Z0-9]*(_[A-Z0-9]+)*$'. [ConstantName]
[INFO] /home/zy/code/hugegraph/hugegraph-server/hugegraph-core/src/main/java/org/apache/hugegraph/backend/cache/CachedSchemaTransactionV2.java:228:23: '?' should be on the previous line. [OperatorWrap]
[INFO] /home/zy/code/hugegraph/hugegraph-server/hugegraph-core/src/main/java/org/apache/hugegraph/backend/id/EdgeId.java:44:13: 'array initialization' child has incorrect indentation level 12, expected level should be 8. [Indentation]
[INFO] /home/zy/code/hugegraph/hugegraph-server/hugegraph-core/src/main/java/org/apache/hugegraph/backend/id/EdgeId.java:45:13: 'array initialization' child has incorrect indentation level 12, expected level should be 8. [Indentation]
[INFO] /home/zy/code/hugegraph/hugegraph-server/hugegraph-core/src/main/java/org/apache/hugegraph/backend/id/EdgeId.java:46:13: 'array initialization' child has incorrect indentation level 12, expected level should be 8. [Indentation]
[INFO] /home/zy/code/hugegraph/hugegraph-server/hugegraph-core/src/main/java/org/apache/hugegraph/backend/id/EdgeId.java:47:13: 'array initialization' child has incorrect indentation level 12, expected level should be 8. [Indentation]
[INFO] /home/zy/code/hugegraph/hugegraph-server/hugegraph-core/src/main/java/org/apache/hugegraph/backend/id/EdgeId.java:48:13: 'array initialization' child has incorrect indentation level 12, expected level should be 8. [Indentation]
[INFO] /home/zy/code/hugegraph/hugegraph-server/hugegraph-core/src/main/java/org/apache/hugegraph/backend/id/EdgeId.java:49:13: 'array initialization' child has incorrect indentation level 12, expected level should be 8. [Indentation]
[INFO] /home/zy/code/hugegraph/hugegraph-server/hugegraph-core/src/main/java/org/apache/hugegraph/meta/lock/EtcdDistributedLock.java:40:19: 'static' modifier out of order with the JLS suggestions. [ModifierOrder]
[INFO] /home/zy/code/hugegraph/hugegraph-server/hugegraph-core/src/main/java/org/apache/hugegraph/meta/lock/EtcdDistributedLock.java:40:33: Name 'mutex' must match pattern '^[A-Z][A-Z0-9]*(_[A-Z0-9]+)*$'. [ConstantName]
[INFO] /home/zy/code/hugegraph/hugegraph-server/hugegraph-core/src/main/java/org/apache/hugegraph/meta/lock/EtcdDistributedLock.java:46:30: Name 'poolSize' must match pattern '^[A-Z][A-Z0-9]*(_[A-Z0-9]+)*$'. [ConstantName]
[INFO] /home/zy/code/hugegraph/hugegraph-server/hugegraph-core/src/main/java/org/apache/hugegraph/meta/lock/PdDistributedLock.java:32:30: Name 'poolSize' must match pattern '^[A-Z][A-Z0-9]*(_[A-Z0-9]+)*$'. [ConstantName]
[INFO] /home/zy/code/hugegraph/hugegraph-server/hugegraph-core/src/main/java/org/apache/hugegraph/meta/managers/ConfigMetaManager.java:124:5: 'METHOD_DEF' has more than 1 empty lines before. [EmptyLineSeparator]
[INFO] /home/zy/code/hugegraph/hugegraph-server/hugegraph-core/src/main/java/org/apache/hugegraph/meta/managers/SchemaMetaManager.java:63:1: Comment has incorrect indentation level 0, expected is 8, indentation should be the same level as line 64. [CommentsIndentation]
[INFO] /home/zy/code/hugegraph/hugegraph-server/hugegraph-core/src/main/java/org/apache/hugegraph/meta/managers/SchemaMetaManager.java:67: Prohibit invoking System.out.println in source code ! [RegexpSingleline]
[INFO] /home/zy/code/hugegraph/hugegraph-server/hugegraph-core/src/main/java/org/apache/hugegraph/meta/managers/SchemaMetaManager.java:70: Prohibit invoking System.out.println in source code ! [RegexpSingleline]
[INFO] /home/zy/code/hugegraph/hugegraph-server/hugegraph-core/src/main/java/org/apache/hugegraph/meta/managers/SchemaMetaManager.java:70:1: Comment has incorrect indentation level 0, expected is 8, indentation should be the same level as line 64. [CommentsIndentation]
[INFO] /home/zy/code/hugegraph/hugegraph-server/hugegraph-core/src/main/java/org/apache/hugegraph/meta/EtcdMetaDriver.java:122:18: Local variable name 'KeyFile' must match pattern '^[a-z]([a-zA-Z0-9]*)?$'. [LocalVariableName]
[INFO] /home/zy/code/hugegraph/hugegraph-server/hugegraph-core/src/main/java/org/apache/hugegraph/util/Consumers.java:49:21: Member name 'QUEUE_END' must match pattern '^[a-z][a-zA-Z0-9]*$'. [MemberName]
[INFO] /home/zy/code/hugegraph/hugegraph-server/hugegraph-core/src/main/java/org/apache/hugegraph/util/SafeDateUtil.java:29:69: Name 'simpleDateFormats' must match pattern '^[A-Z][A-Z0-9]*(_[A-Z0-9]+)*$'. [ConstantName]
[INFO] /home/zy/code/hugegraph/hugegraph-server/hugegraph-core/src/main/java/org/apache/hugegraph/memory/consumer/impl/id/StringIdOffHeap.java:30:1: Illegal import - org.jetbrains.annotations.TestOnly. [IllegalImport]
[INFO] /home/zy/code/hugegraph/hugegraph-server/hugegraph-core/src/main/java/org/apache/hugegraph/memory/consumer/impl/id/QueryIdOffHeap.java:73:5: Definition of 'equals()' without corresponding definition of 'hashCode()'. [EqualsHashCode]
[INFO] /home/zy/code/hugegraph/hugegraph-server/hugegraph-core/src/main/java/org/apache/hugegraph/memory/util/OutOfMemoryException.java:17:1: 'package' should be separated from previous line. [EmptyLineSeparator]
[INFO] /home/zy/code/hugegraph/hugegraph-server/hugegraph-core/src/main/java/org/apache/hugegraph/memory/util/RoundUtil.java:17:1: 'package' should be separated from previous line. [EmptyLineSeparator]
[INFO] /home/zy/code/hugegraph/hugegraph-server/hugegraph-core/src/main/java/org/apache/hugegraph/memory/util/OffHeapMemoryUtil.java:49: Prohibit invoking System.out.println in source code ! [RegexpSingleline]
[INFO] /home/zy/code/hugegraph/hugegraph-server/hugegraph-core/src/main/java/org/apache/hugegraph/memory/util/OffHeapMemoryUtil.java:92:9: 'if' construct must use '{}'s. [NeedBraces]
[INFO] /home/zy/code/hugegraph/hugegraph-server/hugegraph-core/src/main/java/org/apache/hugegraph/memory/MemoryManager.java:38:1: Illegal import - org.jetbrains.annotations.TestOnly. [IllegalImport]
[INFO] /home/zy/code/hugegraph/hugegraph-server/hugegraph-core/src/main/java/org/apache/hugegraph/memory/pool/AbstractMemoryPool.java:32:1: Illegal import - org.jetbrains.annotations.TestOnly. [IllegalImport]
[INFO] /home/zy/code/hugegraph/hugegraph-server/hugegraph-core/src/main/java/org/apache/hugegraph/memory/pool/MemoryPool.java:23:1: Illegal import - org.jetbrains.annotations.TestOnly. [IllegalImport]
[INFO] /home/zy/code/hugegraph/hugegraph-server/hugegraph-core/src/main/java/org/apache/hugegraph/memory/pool/impl/TaskMemoryPool.java:37:24: Member name 'CURRENT_WORKING_OPERATOR_MEMORY_POOL' must match pattern '^[a-z][a-zA-Z0-9]*$'. [MemberName]
[INFO] /home/zy/code/hugegraph/hugegraph-server/hugegraph-core/src/main/java/org/apache/hugegraph/memory/pool/impl/TaskMemoryPool.java:103:38: WhitespaceAround: '{' is not preceded with whitespace. [WhitespaceAround]
[INFO] /home/zy/code/hugegraph/hugegraph-server/hugegraph-core/src/main/java/org/apache/hugegraph/memory/pool/impl/MemoryPoolStats.java:37:35: Parameter name 'MemoryPoolName' must match pattern '^[a-z]([a-zA-Z0-9]*)?$'. [ParameterName]
[INFO] /home/zy/code/hugegraph/hugegraph-server/hugegraph-core/src/main/java/org/apache/hugegraph/auth/HugeResource.java:22:8: Unused import - java.util.Arrays. [UnusedImports]
[INFO] /home/zy/code/hugegraph/hugegraph-server/hugegraph-core/src/main/java/org/apache/hugegraph/auth/HugeResource.java:305:5: 'CLASS_DEF' should be separated from previous line. [EmptyLineSeparator]
[INFO] /home/zy/code/hugegraph/hugegraph-server/hugegraph-core/src/main/java/org/apache/hugegraph/auth/HugeBelong.java:115:5: 'METHOD_DEF' should be separated from previous line. [EmptyLineSeparator]
[INFO] /home/zy/code/hugegraph/hugegraph-server/hugegraph-core/src/main/java/org/apache/hugegraph/auth/HugeBelong.java:131:5: 'METHOD_DEF' has more than 1 empty lines before. [EmptyLineSeparator]
[INFO] /home/zy/code/hugegraph/hugegraph-server/hugegraph-core/src/main/java/org/apache/hugegraph/auth/SchemaDefine.java:241:21: 'array initialization' child has incorrect indentation level 20, expected level should be 16. [Indentation]
[INFO] /home/zy/code/hugegraph/hugegraph-server/hugegraph-core/src/main/java/org/apache/hugegraph/auth/SchemaDefine.java:243:21: 'array initialization' child has incorrect indentation level 20, expected level should be 16. [Indentation]
[INFO] /home/zy/code/hugegraph/hugegraph-server/hugegraph-core/src/main/java/org/apache/hugegraph/auth/SchemaDefine.java:245:21: 'array initialization' child has incorrect indentation level 20, expected level should be 16. [Indentation]
[INFO] /home/zy/code/hugegraph/hugegraph-server/hugegraph-core/src/main/java/org/apache/hugegraph/auth/SchemaDefine.java:246:21: 'array initialization' child has incorrect indentation level 20, expected level should be 16. [Indentation]
[INFO] /home/zy/code/hugegraph/hugegraph-server/hugegraph-core/src/main/java/org/apache/hugegraph/auth/SchemaDefine.java:247:21: 'array initialization' child has incorrect indentation level 20, expected level should be 16. [Indentation]
[INFO] /home/zy/code/hugegraph/hugegraph-server/hugegraph-core/src/main/java/org/apache/hugegraph/auth/SchemaDefine.java:248:21: 'array initialization' child has incorrect indentation level 20, expected level should be 16. [Indentation]
[INFO] /home/zy/code/hugegraph/hugegraph-server/hugegraph-core/src/main/java/org/apache/hugegraph/auth/SchemaDefine.java:259:44: Empty catch block. [EmptyCatchBlock]
[INFO] /home/zy/code/hugegraph/hugegraph-server/hugegraph-core/src/main/java/org/apache/hugegraph/space/register/RegisterConfig.java:17:1: 'package' should be separated from previous line. [EmptyLineSeparator]
[INFO] /home/zy/code/hugegraph/hugegraph-server/hugegraph-core/src/main/java/org/apache/hugegraph/space/register/RegisterConfig.java:166:24: Local variable name 'this$grpcAddress' must match pattern '^[a-z]([a-zA-Z0-9]*)?$'. [LocalVariableName]
[INFO] /home/zy/code/hugegraph/hugegraph-server/hugegraph-core/src/main/java/org/apache/hugegraph/space/register/RegisterConfig.java:167:24: Local variable name 'other$grpcAddress' must match pattern '^[a-z]([a-zA-Z0-9]*)?$'. [LocalVariableName]
[INFO] /home/zy/code/hugegraph/hugegraph-server/hugegraph-core/src/main/java/org/apache/hugegraph/space/register/RegisterConfig.java:176:24: Local variable name 'this$appName' must match pattern '^[a-z]([a-zA-Z0-9]*)?$'. [LocalVariableName]
[INFO] /home/zy/code/hugegraph/hugegraph-server/hugegraph-core/src/main/java/org/apache/hugegraph/space/register/RegisterConfig.java:177:24: Local variable name 'other$appName' must match pattern '^[a-z]([a-zA-Z0-9]*)?$'. [LocalVariableName]
[INFO] /home/zy/code/hugegraph/hugegraph-server/hugegraph-core/src/main/java/org/apache/hugegraph/space/register/RegisterConfig.java:186:24: Local variable name 'this$nodeName' must match pattern '^[a-z]([a-zA-Z0-9]*)?$'. [LocalVariableName]
[INFO] /home/zy/code/hugegraph/hugegraph-server/hugegraph-core/src/main/java/org/apache/hugegraph/space/register/RegisterConfig.java:187:24: Local variable name 'other$nodeName' must match pattern '^[a-z]([a-zA-Z0-9]*)?$'. [LocalVariableName]
[INFO] /home/zy/code/hugegraph/hugegraph-server/hugegraph-core/src/main/java/org/apache/hugegraph/space/register/RegisterConfig.java:196:24: Local variable name 'this$nodePort' must match pattern '^[a-z]([a-zA-Z0-9]*)?$'. [LocalVariableName]
[INFO] /home/zy/code/hugegraph/hugegraph-server/hugegraph-core/src/main/java/org/apache/hugegraph/space/register/RegisterConfig.java:197:24: Local variable name 'other$nodePort' must match pattern '^[a-z]([a-zA-Z0-9]*)?$'. [LocalVariableName]
[INFO] /home/zy/code/hugegraph/hugegraph-server/hugegraph-core/src/main/java/org/apache/hugegraph/space/register/RegisterConfig.java:206:24: Local variable name 'this$podIp' must match pattern '^[a-z]([a-zA-Z0-9]*)?$'. [LocalVariableName]
[INFO] /home/zy/code/hugegraph/hugegraph-server/hugegraph-core/src/main/java/org/apache/hugegraph/space/register/RegisterConfig.java:207:24: Local variable name 'other$podIp' must match pattern '^[a-z]([a-zA-Z0-9]*)?$'. [LocalVariableName]
[INFO] /home/zy/code/hugegraph/hugegraph-server/hugegraph-core/src/main/java/org/apache/hugegraph/space/register/RegisterConfig.java:216:24: Local variable name 'this$podPort' must match pattern '^[a-z]([a-zA-Z0-9]*)?$'. [LocalVariableName]
[INFO] /home/zy/code/hugegraph/hugegraph-server/hugegraph-core/src/main/java/org/apache/hugegraph/space/register/RegisterConfig.java:217:24: Local variable name 'other$podPort' must match pattern '^[a-z]([a-zA-Z0-9]*)?$'. [LocalVariableName]
[INFO] /home/zy/code/hugegraph/hugegraph-server/hugegraph-core/src/main/java/org/apache/hugegraph/space/register/RegisterConfig.java:226:24: Local variable name 'this$version' must match pattern '^[a-z]([a-zA-Z0-9]*)?$'. [LocalVariableName]
[INFO] /home/zy/code/hugegraph/hugegraph-server/hugegraph-core/src/main/java/org/apache/hugegraph/space/register/RegisterConfig.java:227:24: Local variable name 'other$version' must match pattern '^[a-z]([a-zA-Z0-9]*)?$'. [LocalVariableName]
[INFO] /home/zy/code/hugegraph/hugegraph-server/hugegraph-core/src/main/java/org/apache/hugegraph/space/register/RegisterConfig.java:236:24: Local variable name 'this$labelMap' must match pattern '^[a-z]([a-zA-Z0-9]*)?$'. [LocalVariableName]
[INFO] /home/zy/code/hugegraph/hugegraph-server/hugegraph-core/src/main/java/org/apache/hugegraph/space/register/RegisterConfig.java:237:24: Local variable name 'other$labelMap' must match pattern '^[a-z]([a-zA-Z0-9]*)?$'. [LocalVariableName]
[INFO] /home/zy/code/hugegraph/hugegraph-server/hugegraph-core/src/main/java/org/apache/hugegraph/space/register/RegisterConfig.java:246:24: Local variable name 'this$urls' must match pattern '^[a-z]([a-zA-Z0-9]*)?$'. [LocalVariableName]
[INFO] /home/zy/code/hugegraph/hugegraph-server/hugegraph-core/src/main/java/org/apache/hugegraph/space/register/RegisterConfig.java:247:24: Local variable name 'other$urls' must match pattern '^[a-z]([a-zA-Z0-9]*)?$'. [LocalVariableName]
[INFO] /home/zy/code/hugegraph/hugegraph-server/hugegraph-core/src/main/java/org/apache/hugegraph/space/register/RegisterConfig.java:259:28: Local variable name 'this$ddsHost' must match pattern '^[a-z]([a-zA-Z0-9]*)?$'. [LocalVariableName]
[INFO] /home/zy/code/hugegraph/hugegraph-server/hugegraph-core/src/main/java/org/apache/hugegraph/space/register/RegisterConfig.java:260:28: Local variable name 'other$ddsHost' must match pattern '^[a-z]([a-zA-Z0-9]*)?$'. [LocalVariableName]
[INFO] /home/zy/code/hugegraph/hugegraph-server/hugegraph-core/src/main/java/org/apache/hugegraph/space/register/RegisterConfig.java:269:28: Local variable name 'this$ddsSlave' must match pattern '^[a-z]([a-zA-Z0-9]*)?$'. [LocalVariableName]
[INFO] /home/zy/code/hugegraph/hugegraph-server/hugegraph-core/src/main/java/org/apache/hugegraph/space/register/RegisterConfig.java:270:28: Local variable name 'other$ddsSlave' must match pattern '^[a-z]([a-zA-Z0-9]*)?$'. [LocalVariableName]
[INFO] /home/zy/code/hugegraph/hugegraph-server/hugegraph-core/src/main/java/org/apache/hugegraph/space/register/RegisterConfig.java:279:28: Local variable name 'this$consumer' must match pattern '^[a-z]([a-zA-Z0-9]*)?$'. [LocalVariableName]
[INFO] /home/zy/code/hugegraph/hugegraph-server/hugegraph-core/src/main/java/org/apache/hugegraph/space/register/RegisterConfig.java:280:28: Local variable name 'other$consumer' must match pattern '^[a-z]([a-zA-Z0-9]*)?$'. [LocalVariableName]
[INFO] /home/zy/code/hugegraph/hugegraph-server/hugegraph-core/src/main/java/org/apache/hugegraph/space/register/RegisterConfig.java:283:23: 'else' construct must use '{}'s. [NeedBraces]
[INFO] /home/zy/code/hugegraph/hugegraph-server/hugegraph-core/src/main/java/org/apache/hugegraph/space/register/RegisterConfig.java:294:13: Local variable name 'PRIME' must match pattern '^[a-z]([a-zA-Z0-9]*)?$'. [LocalVariableName]
[INFO] /home/zy/code/hugegraph/hugegraph-server/hugegraph-core/src/main/java/org/apache/hugegraph/space/register/RegisterConfig.java:296:16: Local variable name '$grpcAddress' must match pattern '^[a-z]([a-zA-Z0-9]*)?$'. [LocalVariableName]
[INFO] /home/zy/code/hugegraph/hugegraph-server/hugegraph-core/src/main/java/org/apache/hugegraph/space/register/RegisterConfig.java:298:16: Local variable name '$appName' must match pattern '^[a-z]([a-zA-Z0-9]*)?$'. [LocalVariableName]
[INFO] /home/zy/code/hugegraph/hugegraph-server/hugegraph-core/src/main/java/org/apache/hugegraph/space/register/RegisterConfig.java:300:16: Local variable name '$nodeName' must match pattern '^[a-z]([a-zA-Z0-9]*)?$'. [LocalVariableName]
[INFO] /home/zy/code/hugegraph/hugegraph-server/hugegraph-core/src/main/java/org/apache/hugegraph/space/register/RegisterConfig.java:302:16: Local variable name '$nodePort' must match pattern '^[a-z]([a-zA-Z0-9]*)?$'. [LocalVariableName]
[INFO] /home/zy/code/hugegraph/hugegraph-server/hugegraph-core/src/main/java/org/apache/hugegraph/space/register/RegisterConfig.java:304:16: Local variable name '$podIp' must match pattern '^[a-z]([a-zA-Z0-9]*)?$'. [LocalVariableName]
[INFO] /home/zy/code/hugegraph/hugegraph-server/hugegraph-core/src/main/java/org/apache/hugegraph/space/register/RegisterConfig.java:306:16: Local variable name '$podPort' must match pattern '^[a-z]([a-zA-Z0-9]*)?$'. [LocalVariableName]
[INFO] /home/zy/code/hugegraph/hugegraph-server/hugegraph-core/src/main/java/org/apache/hugegraph/space/register/RegisterConfig.java:308:16: Local variable name '$version' must match pattern '^[a-z]([a-zA-Z0-9]*)?$'. [LocalVariableName]
[INFO] /home/zy/code/hugegraph/hugegraph-server/hugegraph-core/src/main/java/org/apache/hugegraph/space/register/RegisterConfig.java:310:16: Local variable name '$labelMap' must match pattern '^[a-z]([a-zA-Z0-9]*)?$'. [LocalVariableName]
[INFO] /home/zy/code/hugegraph/hugegraph-server/hugegraph-core/src/main/java/org/apache/hugegraph/space/register/RegisterConfig.java:312:16: Local variable name '$urls' must match pattern '^[a-z]([a-zA-Z0-9]*)?$'. [LocalVariableName]
[INFO] /home/zy/code/hugegraph/hugegraph-server/hugegraph-core/src/main/java/org/apache/hugegraph/space/register/RegisterConfig.java:315:16: Local variable name '$ddsHost' must match pattern '^[a-z]([a-zA-Z0-9]*)?$'. [LocalVariableName]
[INFO] /home/zy/code/hugegraph/hugegraph-server/hugegraph-core/src/main/java/org/apache/hugegraph/space/register/RegisterConfig.java:317:16: Local variable name '$ddsSlave' must match pattern '^[a-z]([a-zA-Z0-9]*)?$'. [LocalVariableName]
[INFO] /home/zy/code/hugegraph/hugegraph-server/hugegraph-core/src/main/java/org/apache/hugegraph/space/register/RegisterConfig.java:319:16: Local variable name '$consumer' must match pattern '^[a-z]([a-zA-Z0-9]*)?$'. [LocalVariableName]
[INFO] /home/zy/code/hugegraph/hugegraph-server/hugegraph-core/src/main/java/org/apache/hugegraph/space/register/registerImpl/SampleRegister.java:18:9: Package name 'org.apache.hugegraph.space.register.registerImpl' must match pattern '^[a-z]+(\.[a-z][a-z0-9]*)*$'. [PackageName]
[INFO] /home/zy/code/hugegraph/hugegraph-server/hugegraph-core/src/main/java/org/apache/hugegraph/space/register/registerImpl/SampleRegister.java:32:8: Unused import - org.apache.hugegraph.space.register.dto.PortDTO. [UnusedImports]
[INFO] /home/zy/code/hugegraph/hugegraph-server/hugegraph-core/src/main/java/org/apache/hugegraph/space/register/registerImpl/SampleRegister.java:66:39: Empty catch block. [EmptyCatchBlock]
[INFO] /home/zy/code/hugegraph/hugegraph-server/hugegraph-core/src/main/java/org/apache/hugegraph/space/register/registerImpl/SampleRegister.java:77: Prohibit invoking System.out.println in source code ! [RegexpSingleline]
[INFO] /home/zy/code/hugegraph/hugegraph-server/hugegraph-core/src/main/java/org/apache/hugegraph/space/register/registerImpl/SampleRegister.java:95: Prohibit invoking System.out.println in source code ! [RegexpSingleline]
[INFO] /home/zy/code/hugegraph/hugegraph-server/hugegraph-core/src/main/java/org/apache/hugegraph/space/register/registerImpl/PdRegister.java:18:9: Package name 'org.apache.hugegraph.space.register.registerImpl' must match pattern '^[a-z]+(\.[a-z][a-z0-9]*)*$'. [PackageName]
[INFO] /home/zy/code/hugegraph/hugegraph-server/hugegraph-core/src/main/java/org/apache/hugegraph/space/register/registerImpl/PdRegister.java:112:49: Empty catch block. [EmptyCatchBlock]
[INFO] /home/zy/code/hugegraph/hugegraph-server/hugegraph-core/src/main/java/org/apache/hugegraph/space/register/registerImpl/PdRegister.java:185: Prohibit invoking System.out.println in source code ! [RegexpSingleline]
[INFO] /home/zy/code/hugegraph/hugegraph-server/hugegraph-core/src/main/java/org/apache/hugegraph/space/register/registerImpl/PdRegister.java:187:35: Empty catch block. [EmptyCatchBlock]
[INFO] /home/zy/code/hugegraph/hugegraph-server/hugegraph-core/src/main/java/org/apache/hugegraph/space/register/registerImpl/PdRegister.java:212: Prohibit invoking System.out.println in source code ! [RegexpSingleline]
[INFO] /home/zy/code/hugegraph/hugegraph-server/hugegraph-core/src/main/java/org/apache/hugegraph/space/register/registerImpl/PdRegister.java:214:35: Empty catch block. [EmptyCatchBlock]
[INFO] /home/zy/code/hugegraph/hugegraph-server/hugegraph-core/src/main/java/org/apache/hugegraph/space/register/registerImpl/PdRegister.java:231: Prohibit invoking System.out.println in source code ! [RegexpSingleline]
[INFO] /home/zy/code/hugegraph/hugegraph-server/hugegraph-core/src/main/java/org/apache/hugegraph/space/register/registerImpl/PdRegister.java:274:42: Empty catch block. [EmptyCatchBlock]
[INFO] /home/zy/code/hugegraph/hugegraph-server/hugegraph-core/src/main/java/org/apache/hugegraph/space/register/registerImpl/PdRegister.java:288:38: Empty catch block. [EmptyCatchBlock]
[INFO] /home/zy/code/hugegraph/hugegraph-server/hugegraph-core/src/main/java/org/apache/hugegraph/space/register/registerImpl/PdRegister.java:300:38: Empty catch block. [EmptyCatchBlock]
[INFO] /home/zy/code/hugegraph/hugegraph-server/hugegraph-core/src/main/java/org/apache/hugegraph/space/register/registerImpl/PdRegister.java:376:51: Empty catch block. [EmptyCatchBlock]
[INFO] /home/zy/code/hugegraph/hugegraph-server/hugegraph-core/src/main/java/org/apache/hugegraph/space/register/registerImpl/PdRegister.java:379:43: Empty catch block. [EmptyCatchBlock]
[INFO] /home/zy/code/hugegraph/hugegraph-server/hugegraph-core/src/main/java/org/apache/hugegraph/space/register/dto/MetadataDTO.java:80:24: Local variable name 'this$name' must match pattern '^[a-z]([a-zA-Z0-9]*)?$'. [LocalVariableName]
[INFO] /home/zy/code/hugegraph/hugegraph-server/hugegraph-core/src/main/java/org/apache/hugegraph/space/register/dto/MetadataDTO.java:81:24: Local variable name 'other$name' must match pattern '^[a-z]([a-zA-Z0-9]*)?$'. [LocalVariableName]
[INFO] /home/zy/code/hugegraph/hugegraph-server/hugegraph-core/src/main/java/org/apache/hugegraph/space/register/dto/MetadataDTO.java:90:24: Local variable name 'this$namespace' must match pattern '^[a-z]([a-zA-Z0-9]*)?$'. [LocalVariableName]
[INFO] /home/zy/code/hugegraph/hugegraph-server/hugegraph-core/src/main/java/org/apache/hugegraph/space/register/dto/MetadataDTO.java:91:24: Local variable name 'other$namespace' must match pattern '^[a-z]([a-zA-Z0-9]*)?$'. [LocalVariableName]
[INFO] /home/zy/code/hugegraph/hugegraph-server/hugegraph-core/src/main/java/org/apache/hugegraph/space/register/dto/MetadataDTO.java:100:24: Local variable name 'this$uid' must match pattern '^[a-z]([a-zA-Z0-9]*)?$'. [LocalVariableName]
[INFO] /home/zy/code/hugegraph/hugegraph-server/hugegraph-core/src/main/java/org/apache/hugegraph/space/register/dto/MetadataDTO.java:101:24: Local variable name 'other$uid' must match pattern '^[a-z]([a-zA-Z0-9]*)?$'. [LocalVariableName]
[INFO] /home/zy/code/hugegraph/hugegraph-server/hugegraph-core/src/main/java/org/apache/hugegraph/space/register/dto/MetadataDTO.java:110:24: Local variable name 'this$resourceVersion' must match pattern '^[a-z]([a-zA-Z0-9]*)?$'. [LocalVariableName]
[INFO] /home/zy/code/hugegraph/hugegraph-server/hugegraph-core/src/main/java/org/apache/hugegraph/space/register/dto/MetadataDTO.java:111:24: Local variable name 'other$resourceVersion' must match pattern '^[a-z]([a-zA-Z0-9]*)?$'. [LocalVariableName]
[INFO] /home/zy/code/hugegraph/hugegraph-server/hugegraph-core/src/main/java/org/apache/hugegraph/space/register/dto/MetadataDTO.java:120:24: Local variable name 'this$creationTimestamp' must match pattern '^[a-z]([a-zA-Z0-9]*)?$'. [LocalVariableName]
[INFO] /home/zy/code/hugegraph/hugegraph-server/hugegraph-core/src/main/java/org/apache/hugegraph/space/register/dto/MetadataDTO.java:121:24: Local variable name 'other$creationTimestamp' must match pattern '^[a-z]([a-zA-Z0-9]*)?$'. [LocalVariableName]
[INFO] /home/zy/code/hugegraph/hugegraph-server/hugegraph-core/src/main/java/org/apache/hugegraph/space/register/dto/MetadataDTO.java:124:19: 'else' construct must use '{}'s. [NeedBraces]
[INFO] /home/zy/code/hugegraph/hugegraph-server/hugegraph-core/src/main/java/org/apache/hugegraph/space/register/dto/MetadataDTO.java:134:13: Local variable name 'PRIME' must match pattern '^[a-z]([a-zA-Z0-9]*)?$'. [LocalVariableName]
[INFO] /home/zy/code/hugegraph/hugegraph-server/hugegraph-core/src/main/java/org/apache/hugegraph/space/register/dto/MetadataDTO.java:136:16: Local variable name '$name' must match pattern '^[a-z]([a-zA-Z0-9]*)?$'. [LocalVariableName]
[INFO] /home/zy/code/hugegraph/hugegraph-server/hugegraph-core/src/main/java/org/apache/hugegraph/space/register/dto/MetadataDTO.java:138:16: Local variable name '$namespace' must match pattern '^[a-z]([a-zA-Z0-9]*)?$'. [LocalVariableName]
[INFO] /home/zy/code/hugegraph/hugegraph-server/hugegraph-core/src/main/java/org/apache/hugegraph/space/register/dto/MetadataDTO.java:140:16: Local variable name '$uid' must match pattern '^[a-z]([a-zA-Z0-9]*)?$'. [LocalVariableName]
[INFO] /home/zy/code/hugegraph/hugegraph-server/hugegraph-core/src/main/java/org/apache/hugegraph/space/register/dto/MetadataDTO.java:142:16: Local variable name '$resourceVersion' must match pattern '^[a-z]([a-zA-Z0-9]*)?$'. [LocalVariableName]
[INFO] /home/zy/code/hugegraph/hugegraph-server/hugegraph-core/src/main/java/org/apache/hugegraph/space/register/dto/MetadataDTO.java:144:16: Local variable name '$creationTimestamp' must match pattern '^[a-z]([a-zA-Z0-9]*)?$'. [LocalVariableName]
[INFO] /home/zy/code/hugegraph/hugegraph-server/hugegraph-core/src/main/java/org/apache/hugegraph/space/register/dto/EurekaDTO.java:43:24: Local variable name 'this$instance' must match pattern '^[a-z]([a-zA-Z0-9]*)?$'. [LocalVariableName]
[INFO] /home/zy/code/hugegraph/hugegraph-server/hugegraph-core/src/main/java/org/apache/hugegraph/space/register/dto/EurekaDTO.java:44:24: Local variable name 'other$instance' must match pattern '^[a-z]([a-zA-Z0-9]*)?$'. [LocalVariableName]
[INFO] /home/zy/code/hugegraph/hugegraph-server/hugegraph-core/src/main/java/org/apache/hugegraph/space/register/dto/EurekaDTO.java:47:19: 'else' construct must use '{}'s. [NeedBraces]
[INFO] /home/zy/code/hugegraph/hugegraph-server/hugegraph-core/src/main/java/org/apache/hugegraph/space/register/dto/EurekaDTO.java:57:13: Local variable name 'PRIME' must match pattern '^[a-z]([a-zA-Z0-9]*)?$'. [LocalVariableName]
[INFO] /home/zy/code/hugegraph/hugegraph-server/hugegraph-core/src/main/java/org/apache/hugegraph/space/register/dto/EurekaDTO.java:59:16: Local variable name '$instance' must match pattern '^[a-z]([a-zA-Z0-9]*)?$'. [LocalVariableName]
[INFO] /home/zy/code/hugegraph/hugegraph-server/hugegraph-core/src/main/java/org/apache/hugegraph/space/register/dto/EurekaRespDTO.java:54:24: Local variable name 'this$name' must match pattern '^[a-z]([a-zA-Z0-9]*)?$'. [LocalVariableName]
[INFO] /home/zy/code/hugegraph/hugegraph-server/hugegraph-core/src/main/java/org/apache/hugegraph/space/register/dto/EurekaRespDTO.java:55:24: Local variable name 'other$name' must match pattern '^[a-z]([a-zA-Z0-9]*)?$'. [LocalVariableName]
[INFO] /home/zy/code/hugegraph/hugegraph-server/hugegraph-core/src/main/java/org/apache/hugegraph/space/register/dto/EurekaRespDTO.java:64:24: Local variable name 'this$instance' must match pattern '^[a-z]([a-zA-Z0-9]*)?$'. [LocalVariableName]
[INFO] /home/zy/code/hugegraph/hugegraph-server/hugegraph-core/src/main/java/org/apache/hugegraph/space/register/dto/EurekaRespDTO.java:65:24: Local variable name 'other$instance' must match pattern '^[a-z]([a-zA-Z0-9]*)?$'. [LocalVariableName]
[INFO] /home/zy/code/hugegraph/hugegraph-server/hugegraph-core/src/main/java/org/apache/hugegraph/space/register/dto/EurekaRespDTO.java:68:19: 'else' construct must use '{}'s. [NeedBraces]
[INFO] /home/zy/code/hugegraph/hugegraph-server/hugegraph-core/src/main/java/org/apache/hugegraph/space/register/dto/EurekaRespDTO.java:78:13: Local variable name 'PRIME' must match pattern '^[a-z]([a-zA-Z0-9]*)?$'. [LocalVariableName]
[INFO] /home/zy/code/hugegraph/hugegraph-server/hugegraph-core/src/main/java/org/apache/hugegraph/space/register/dto/EurekaRespDTO.java:80:16: Local variable name '$name' must match pattern '^[a-z]([a-zA-Z0-9]*)?$'. [LocalVariableName]
[INFO] /home/zy/code/hugegraph/hugegraph-server/hugegraph-core/src/main/java/org/apache/hugegraph/space/register/dto/EurekaRespDTO.java:82:16: Local variable name '$instance' must match pattern '^[a-z]([a-zA-Z0-9]*)?$'. [LocalVariableName]
[INFO] /home/zy/code/hugegraph/hugegraph-server/hugegraph-core/src/main/java/org/apache/hugegraph/space/register/dto/SpecDTO.java:62:24: Local variable name 'this$ports' must match pattern '^[a-z]([a-zA-Z0-9]*)?$'. [LocalVariableName]
[INFO] /home/zy/code/hugegraph/hugegraph-server/hugegraph-core/src/main/java/org/apache/hugegraph/space/register/dto/SpecDTO.java:63:24: Local variable name 'other$ports' must match pattern '^[a-z]([a-zA-Z0-9]*)?$'. [LocalVariableName]
[INFO] /home/zy/code/hugegraph/hugegraph-server/hugegraph-core/src/main/java/org/apache/hugegraph/space/register/dto/SpecDTO.java:72:24: Local variable name 'this$clusterIP' must match pattern '^[a-z]([a-zA-Z0-9]*)?$'. [LocalVariableName]
[INFO] /home/zy/code/hugegraph/hugegraph-server/hugegraph-core/src/main/java/org/apache/hugegraph/space/register/dto/SpecDTO.java:73:24: Local variable name 'other$clusterIP' must match pattern '^[a-z]([a-zA-Z0-9]*)?$'. [LocalVariableName]
[INFO] /home/zy/code/hugegraph/hugegraph-server/hugegraph-core/src/main/java/org/apache/hugegraph/space/register/dto/SpecDTO.java:82:24: Local variable name 'this$type' must match pattern '^[a-z]([a-zA-Z0-9]*)?$'. [LocalVariableName]
[INFO] /home/zy/code/hugegraph/hugegraph-server/hugegraph-core/src/main/java/org/apache/hugegraph/space/register/dto/SpecDTO.java:83:24: Local variable name 'other$type' must match pattern '^[a-z]([a-zA-Z0-9]*)?$'. [LocalVariableName]
[INFO] /home/zy/code/hugegraph/hugegraph-server/hugegraph-core/src/main/java/org/apache/hugegraph/space/register/dto/SpecDTO.java:86:19: 'else' construct must use '{}'s. [NeedBraces]
[INFO] /home/zy/code/hugegraph/hugegraph-server/hugegraph-core/src/main/java/org/apache/hugegraph/space/register/dto/SpecDTO.java:96:13: Local variable name 'PRIME' must match pattern '^[a-z]([a-zA-Z0-9]*)?$'. [LocalVariableName]
[INFO] /home/zy/code/hugegraph/hugegraph-server/hugegraph-core/src/main/java/org/apache/hugegraph/space/register/dto/SpecDTO.java:98:16: Local variable name '$ports' must match pattern '^[a-z]([a-zA-Z0-9]*)?$'. [LocalVariableName]
[INFO] /home/zy/code/hugegraph/hugegraph-server/hugegraph-core/src/main/java/org/apache/hugegraph/space/register/dto/SpecDTO.java:100:16: Local variable name '$clusterIP' must match pattern '^[a-z]([a-zA-Z0-9]*)?$'. [LocalVariableName]
[INFO] /home/zy/code/hugegraph/hugegraph-server/hugegraph-core/src/main/java/org/apache/hugegraph/space/register/dto/SpecDTO.java:102:16: Local variable name '$type' must match pattern '^[a-z]([a-zA-Z0-9]*)?$'. [LocalVariableName]
[INFO] /home/zy/code/hugegraph/hugegraph-server/hugegraph-core/src/main/java/org/apache/hugegraph/space/register/dto/ServiceDTO.java:69:24: Local variable name 'this$kind' must match pattern '^[a-z]([a-zA-Z0-9]*)?$'. [LocalVariableName]
[INFO] /home/zy/code/hugegraph/hugegraph-server/hugegraph-core/src/main/java/org/apache/hugegraph/space/register/dto/ServiceDTO.java:70:24: Local variable name 'other$kind' must match pattern '^[a-z]([a-zA-Z0-9]*)?$'. [LocalVariableName]
[INFO] /home/zy/code/hugegraph/hugegraph-server/hugegraph-core/src/main/java/org/apache/hugegraph/space/register/dto/ServiceDTO.java:79:24: Local variable name 'this$apiVersion' must match pattern '^[a-z]([a-zA-Z0-9]*)?$'. [LocalVariableName]
[INFO] /home/zy/code/hugegraph/hugegraph-server/hugegraph-core/src/main/java/org/apache/hugegraph/space/register/dto/ServiceDTO.java:80:24: Local variable name 'other$apiVersion' must match pattern '^[a-z]([a-zA-Z0-9]*)?$'. [LocalVariableName]
[INFO] /home/zy/code/hugegraph/hugegraph-server/hugegraph-core/src/main/java/org/apache/hugegraph/space/register/dto/ServiceDTO.java:89:24: Local variable name 'this$metadata' must match pattern '^[a-z]([a-zA-Z0-9]*)?$'. [LocalVariableName]
[INFO] /home/zy/code/hugegraph/hugegraph-server/hugegraph-core/src/main/java/org/apache/hugegraph/space/register/dto/ServiceDTO.java:90:24: Local variable name 'other$metadata' must match pattern '^[a-z]([a-zA-Z0-9]*)?$'. [LocalVariableName]
[INFO] /home/zy/code/hugegraph/hugegraph-server/hugegraph-core/src/main/java/org/apache/hugegraph/space/register/dto/ServiceDTO.java:99:24: Local variable name 'this$spec' must match pattern '^[a-z]([a-zA-Z0-9]*)?$'. [LocalVariableName]
[INFO] /home/zy/code/hugegraph/hugegraph-server/hugegraph-core/src/main/java/org/apache/hugegraph/space/register/dto/ServiceDTO.java:100:24: Local variable name 'other$spec' must match pattern '^[a-z]([a-zA-Z0-9]*)?$'. [LocalVariableName]
[INFO] /home/zy/code/hugegraph/hugegraph-server/hugegraph-core/src/main/java/org/apache/hugegraph/space/register/dto/ServiceDTO.java:103:19: 'else' construct must use '{}'s. [NeedBraces]
[INFO] /home/zy/code/hugegraph/hugegraph-server/hugegraph-core/src/main/java/org/apache/hugegraph/space/register/dto/ServiceDTO.java:113:13: Local variable name 'PRIME' must match pattern '^[a-z]([a-zA-Z0-9]*)?$'. [LocalVariableName]
[INFO] /home/zy/code/hugegraph/hugegraph-server/hugegraph-core/src/main/java/org/apache/hugegraph/space/register/dto/ServiceDTO.java:115:16: Local variable name '$kind' must match pattern '^[a-z]([a-zA-Z0-9]*)?$'. [LocalVariableName]
[INFO] /home/zy/code/hugegraph/hugegraph-server/hugegraph-core/src/main/java/org/apache/hugegraph/space/register/dto/ServiceDTO.java:117:16: Local variable name '$apiVersion' must match pattern '^[a-z]([a-zA-Z0-9]*)?$'. [LocalVariableName]
[INFO] /home/zy/code/hugegraph/hugegraph-server/hugegraph-core/src/main/java/org/apache/hugegraph/space/register/dto/ServiceDTO.java:119:16: Local variable name '$metadata' must match pattern '^[a-z]([a-zA-Z0-9]*)?$'. [LocalVariableName]
[INFO] /home/zy/code/hugegraph/hugegraph-server/hugegraph-core/src/main/java/org/apache/hugegraph/space/register/dto/ServiceDTO.java:121:16: Local variable name '$spec' must match pattern '^[a-z]([a-zA-Z0-9]*)?$'. [LocalVariableName]
[INFO] /home/zy/code/hugegraph/hugegraph-server/hugegraph-core/src/main/java/org/apache/hugegraph/space/register/dto/PortDTO.java:78:24: Local variable name 'this$name' must match pattern '^[a-z]([a-zA-Z0-9]*)?$'. [LocalVariableName]
[INFO] /home/zy/code/hugegraph/hugegraph-server/hugegraph-core/src/main/java/org/apache/hugegraph/space/register/dto/PortDTO.java:79:24: Local variable name 'other$name' must match pattern '^[a-z]([a-zA-Z0-9]*)?$'. [LocalVariableName]
[INFO] /home/zy/code/hugegraph/hugegraph-server/hugegraph-core/src/main/java/org/apache/hugegraph/space/register/dto/PortDTO.java:88:24: Local variable name 'this$protocol' must match pattern '^[a-z]([a-zA-Z0-9]*)?$'. [LocalVariableName]
[INFO] /home/zy/code/hugegraph/hugegraph-server/hugegraph-core/src/main/java/org/apache/hugegraph/space/register/dto/PortDTO.java:89:24: Local variable name 'other$protocol' must match pattern '^[a-z]([a-zA-Z0-9]*)?$'. [LocalVariableName]
[INFO] /home/zy/code/hugegraph/hugegraph-server/hugegraph-core/src/main/java/org/apache/hugegraph/space/register/dto/PortDTO.java:98:24: Local variable name 'this$port' must match pattern '^[a-z]([a-zA-Z0-9]*)?$'. [LocalVariableName]
[INFO] /home/zy/code/hugegraph/hugegraph-server/hugegraph-core/src/main/java/org/apache/hugegraph/space/register/dto/PortDTO.java:99:24: Local variable name 'other$port' must match pattern '^[a-z]([a-zA-Z0-9]*)?$'. [LocalVariableName]
[INFO] /home/zy/code/hugegraph/hugegraph-server/hugegraph-core/src/main/java/org/apache/hugegraph/space/register/dto/PortDTO.java:108:24: Local variable name 'this$targetPort' must match pattern '^[a-z]([a-zA-Z0-9]*)?$'. [LocalVariableName]
[INFO] /home/zy/code/hugegraph/hugegraph-server/hugegraph-core/src/main/java/org/apache/hugegraph/space/register/dto/PortDTO.java:109:24: Local variable name 'other$targetPort' must match pattern '^[a-z]([a-zA-Z0-9]*)?$'. [LocalVariableName]
[INFO] /home/zy/code/hugegraph/hugegraph-server/hugegraph-core/src/main/java/org/apache/hugegraph/space/register/dto/PortDTO.java:118:24: Local variable name 'this$nodePort' must match pattern '^[a-z]([a-zA-Z0-9]*)?$'. [LocalVariableName]
[INFO] /home/zy/code/hugegraph/hugegraph-server/hugegraph-core/src/main/java/org/apache/hugegraph/space/register/dto/PortDTO.java:119:24: Local variable name 'other$nodePort' must match pattern '^[a-z]([a-zA-Z0-9]*)?$'. [LocalVariableName]
[INFO] /home/zy/code/hugegraph/hugegraph-server/hugegraph-core/src/main/java/org/apache/hugegraph/space/register/dto/PortDTO.java:122:19: 'else' construct must use '{}'s. [NeedBraces]
[INFO] /home/zy/code/hugegraph/hugegraph-server/hugegraph-core/src/main/java/org/apache/hugegraph/space/register/dto/PortDTO.java:132:13: Local variable name 'PRIME' must match pattern '^[a-z]([a-zA-Z0-9]*)?$'. [LocalVariableName]
[INFO] /home/zy/code/hugegraph/hugegraph-server/hugegraph-core/src/main/java/org/apache/hugegraph/space/register/dto/PortDTO.java:134:16: Local variable name '$name' must match pattern '^[a-z]([a-zA-Z0-9]*)?$'. [LocalVariableName]
[INFO] /home/zy/code/hugegraph/hugegraph-server/hugegraph-core/src/main/java/org/apache/hugegraph/space/register/dto/PortDTO.java:136:16: Local variable name '$protocol' must match pattern '^[a-z]([a-zA-Z0-9]*)?$'. [LocalVariableName]
[INFO] /home/zy/code/hugegraph/hugegraph-server/hugegraph-core/src/main/java/org/apache/hugegraph/space/register/dto/PortDTO.java:138:16: Local variable name '$port' must match pattern '^[a-z]([a-zA-Z0-9]*)?$'. [LocalVariableName]
[INFO] /home/zy/code/hugegraph/hugegraph-server/hugegraph-core/src/main/java/org/apache/hugegraph/space/register/dto/PortDTO.java:140:16: Local variable name '$targetPort' must match pattern '^[a-z]([a-zA-Z0-9]*)?$'. [LocalVariableName]
[INFO] /home/zy/code/hugegraph/hugegraph-server/hugegraph-core/src/main/java/org/apache/hugegraph/space/register/dto/PortDTO.java:142:16: Local variable name '$nodePort' must match pattern '^[a-z]([a-zA-Z0-9]*)?$'. [LocalVariableName]
[INFO] /home/zy/code/hugegraph/hugegraph-server/hugegraph-core/src/main/java/org/apache/hugegraph/space/register/dto/EurekaInstanceDTO.java:175:24: Local variable name 'this$instanceId' must match pattern '^[a-z]([a-zA-Z0-9]*)?$'. [LocalVariableName]
[INFO] /home/zy/code/hugegraph/hugegraph-server/hugegraph-core/src/main/java/org/apache/hugegraph/space/register/dto/EurekaInstanceDTO.java:176:24: Local variable name 'other$instanceId' must match pattern '^[a-z]([a-zA-Z0-9]*)?$'. [LocalVariableName]
[INFO] /home/zy/code/hugegraph/hugegraph-server/hugegraph-core/src/main/java/org/apache/hugegraph/space/register/dto/EurekaInstanceDTO.java:185:24: Local variable name 'this$ipAddr' must match pattern '^[a-z]([a-zA-Z0-9]*)?$'. [LocalVariableName]
[INFO] /home/zy/code/hugegraph/hugegraph-server/hugegraph-core/src/main/java/org/apache/hugegraph/space/register/dto/EurekaInstanceDTO.java:186:24: Local variable name 'other$ipAddr' must match pattern '^[a-z]([a-zA-Z0-9]*)?$'. [LocalVariableName]
[INFO] /home/zy/code/hugegraph/hugegraph-server/hugegraph-core/src/main/java/org/apache/hugegraph/space/register/dto/EurekaInstanceDTO.java:195:24: Local variable name 'this$port' must match pattern '^[a-z]([a-zA-Z0-9]*)?$'. [LocalVariableName]
[INFO] /home/zy/code/hugegraph/hugegraph-server/hugegraph-core/src/main/java/org/apache/hugegraph/space/register/dto/EurekaInstanceDTO.java:196:24: Local variable name 'other$port' must match pattern '^[a-z]([a-zA-Z0-9]*)?$'. [LocalVariableName]
[INFO] /home/zy/code/hugegraph/hugegraph-server/hugegraph-core/src/main/java/org/apache/hugegraph/space/register/dto/EurekaInstanceDTO.java:205:24: Local variable name 'this$hostName' must match pattern '^[a-z]([a-zA-Z0-9]*)?$'. [LocalVariableName]
[INFO] /home/zy/code/hugegraph/hugegraph-server/hugegraph-core/src/main/java/org/apache/hugegraph/space/register/dto/EurekaInstanceDTO.java:206:24: Local variable name 'other$hostName' must match pattern '^[a-z]([a-zA-Z0-9]*)?$'. [LocalVariableName]
[INFO] /home/zy/code/hugegraph/hugegraph-server/hugegraph-core/src/main/java/org/apache/hugegraph/space/register/dto/EurekaInstanceDTO.java:215:24: Local variable name 'this$app' must match pattern '^[a-z]([a-zA-Z0-9]*)?$'. [LocalVariableName]
[INFO] /home/zy/code/hugegraph/hugegraph-server/hugegraph-core/src/main/java/org/apache/hugegraph/space/register/dto/EurekaInstanceDTO.java:216:24: Local variable name 'other$app' must match pattern '^[a-z]([a-zA-Z0-9]*)?$'. [LocalVariableName]
[INFO] /home/zy/code/hugegraph/hugegraph-server/hugegraph-core/src/main/java/org/apache/hugegraph/space/register/dto/EurekaInstanceDTO.java:225:24: Local variable name 'this$status' must match pattern '^[a-z]([a-zA-Z0-9]*)?$'. [LocalVariableName]
[INFO] /home/zy/code/hugegraph/hugegraph-server/hugegraph-core/src/main/java/org/apache/hugegraph/space/register/dto/EurekaInstanceDTO.java:226:24: Local variable name 'other$status' must match pattern '^[a-z]([a-zA-Z0-9]*)?$'. [LocalVariableName]
[INFO] /home/zy/code/hugegraph/hugegraph-server/hugegraph-core/src/main/java/org/apache/hugegraph/space/register/dto/EurekaInstanceDTO.java:235:24: Local variable name 'this$metadata' must match pattern '^[a-z]([a-zA-Z0-9]*)?$'. [LocalVariableName]
[INFO] /home/zy/code/hugegraph/hugegraph-server/hugegraph-core/src/main/java/org/apache/hugegraph/space/register/dto/EurekaInstanceDTO.java:236:24: Local variable name 'other$metadata' must match pattern '^[a-z]([a-zA-Z0-9]*)?$'. [LocalVariableName]
[INFO] /home/zy/code/hugegraph/hugegraph-server/hugegraph-core/src/main/java/org/apache/hugegraph/space/register/dto/EurekaInstanceDTO.java:245:24: Local variable name 'this$dataCenterInfo' must match pattern '^[a-z]([a-zA-Z0-9]*)?$'. [LocalVariableName]
[INFO] /home/zy/code/hugegraph/hugegraph-server/hugegraph-core/src/main/java/org/apache/hugegraph/space/register/dto/EurekaInstanceDTO.java:246:24: Local variable name 'other$dataCenterInfo' must match pattern '^[a-z]([a-zA-Z0-9]*)?$'. [LocalVariableName]
[INFO] /home/zy/code/hugegraph/hugegraph-server/hugegraph-core/src/main/java/org/apache/hugegraph/space/register/dto/EurekaInstanceDTO.java:255:24: Local variable name 'this$healthCheckUrl' must match pattern '^[a-z]([a-zA-Z0-9]*)?$'. [LocalVariableName]
[INFO] /home/zy/code/hugegraph/hugegraph-server/hugegraph-core/src/main/java/org/apache/hugegraph/space/register/dto/EurekaInstanceDTO.java:256:24: Local variable name 'other$healthCheckUrl' must match pattern '^[a-z]([a-zA-Z0-9]*)?$'. [LocalVariableName]
[INFO] /home/zy/code/hugegraph/hugegraph-server/hugegraph-core/src/main/java/org/apache/hugegraph/space/register/dto/EurekaInstanceDTO.java:265:24: Local variable name 'this$secureViaAddress' must match pattern '^[a-z]([a-zA-Z0-9]*)?$'. [LocalVariableName]
[INFO] /home/zy/code/hugegraph/hugegraph-server/hugegraph-core/src/main/java/org/apache/hugegraph/space/register/dto/EurekaInstanceDTO.java:266:24: Local variable name 'other$secureViaAddress' must match pattern '^[a-z]([a-zA-Z0-9]*)?$'. [LocalVariableName]
[INFO] /home/zy/code/hugegraph/hugegraph-server/hugegraph-core/src/main/java/org/apache/hugegraph/space/register/dto/EurekaInstanceDTO.java:275:24: Local variable name 'this$vipAddress' must match pattern '^[a-z]([a-zA-Z0-9]*)?$'. [LocalVariableName]
[INFO] /home/zy/code/hugegraph/hugegraph-server/hugegraph-core/src/main/java/org/apache/hugegraph/space/register/dto/EurekaInstanceDTO.java:276:24: Local variable name 'other$vipAddress' must match pattern '^[a-z]([a-zA-Z0-9]*)?$'. [LocalVariableName]
[INFO] /home/zy/code/hugegraph/hugegraph-server/hugegraph-core/src/main/java/org/apache/hugegraph/space/register/dto/EurekaInstanceDTO.java:285:24: Local variable name 'this$securePort' must match pattern '^[a-z]([a-zA-Z0-9]*)?$'. [LocalVariableName]
[INFO] /home/zy/code/hugegraph/hugegraph-server/hugegraph-core/src/main/java/org/apache/hugegraph/space/register/dto/EurekaInstanceDTO.java:286:24: Local variable name 'other$securePort' must match pattern '^[a-z]([a-zA-Z0-9]*)?$'. [LocalVariableName]
[INFO] /home/zy/code/hugegraph/hugegraph-server/hugegraph-core/src/main/java/org/apache/hugegraph/space/register/dto/EurekaInstanceDTO.java:295:24: Local variable name 'this$homePageUrl' must match pattern '^[a-z]([a-zA-Z0-9]*)?$'. [LocalVariableName]
[INFO] /home/zy/code/hugegraph/hugegraph-server/hugegraph-core/src/main/java/org/apache/hugegraph/space/register/dto/EurekaInstanceDTO.java:296:24: Local variable name 'other$homePageUrl' must match pattern '^[a-z]([a-zA-Z0-9]*)?$'. [LocalVariableName]
[INFO] /home/zy/code/hugegraph/hugegraph-server/hugegraph-core/src/main/java/org/apache/hugegraph/space/register/dto/EurekaInstanceDTO.java:305:24: Local variable name 'this$statusPageUrl' must match pattern '^[a-z]([a-zA-Z0-9]*)?$'. [LocalVariableName]
[INFO] /home/zy/code/hugegraph/hugegraph-server/hugegraph-core/src/main/java/org/apache/hugegraph/space/register/dto/EurekaInstanceDTO.java:306:24: Local variable name 'other$statusPageUrl' must match pattern '^[a-z]([a-zA-Z0-9]*)?$'. [LocalVariableName]
[INFO] /home/zy/code/hugegraph/hugegraph-server/hugegraph-core/src/main/java/org/apache/hugegraph/space/register/dto/EurekaInstanceDTO.java:309:19: 'else' construct must use '{}'s. [NeedBraces]
[INFO] /home/zy/code/hugegraph/hugegraph-server/hugegraph-core/src/main/java/org/apache/hugegraph/space/register/dto/EurekaInstanceDTO.java:319:13: Local variable name 'PRIME' must match pattern '^[a-z]([a-zA-Z0-9]*)?$'. [LocalVariableName]
[INFO] /home/zy/code/hugegraph/hugegraph-server/hugegraph-core/src/main/java/org/apache/hugegraph/space/register/dto/EurekaInstanceDTO.java:321:16: Local variable name '$instanceId' must match pattern '^[a-z]([a-zA-Z0-9]*)?$'. [LocalVariableName]
[INFO] /home/zy/code/hugegraph/hugegraph-server/hugegraph-core/src/main/java/org/apache/hugegraph/space/register/dto/EurekaInstanceDTO.java:323:16: Local variable name '$ipAddr' must match pattern '^[a-z]([a-zA-Z0-9]*)?$'. [LocalVariableName]
[INFO] /home/zy/code/hugegraph/hugegraph-server/hugegraph-core/src/main/java/org/apache/hugegraph/space/register/dto/EurekaInstanceDTO.java:325:16: Local variable name '$port' must match pattern '^[a-z]([a-zA-Z0-9]*)?$'. [LocalVariableName]
[INFO] /home/zy/code/hugegraph/hugegraph-server/hugegraph-core/src/main/java/org/apache/hugegraph/space/register/dto/EurekaInstanceDTO.java:327:16: Local variable name '$hostName' must match pattern '^[a-z]([a-zA-Z0-9]*)?$'. [LocalVariableName]
[INFO] /home/zy/code/hugegraph/hugegraph-server/hugegraph-core/src/main/java/org/apache/hugegraph/space/register/dto/EurekaInstanceDTO.java:329:16: Local variable name '$app' must match pattern '^[a-z]([a-zA-Z0-9]*)?$'. [LocalVariableName]
[INFO] /home/zy/code/hugegraph/hugegraph-server/hugegraph-core/src/main/java/org/apache/hugegraph/space/register/dto/EurekaInstanceDTO.java:331:16: Local variable name '$status' must match pattern '^[a-z]([a-zA-Z0-9]*)?$'. [LocalVariableName]
[INFO] /home/zy/code/hugegraph/hugegraph-server/hugegraph-core/src/main/java/org/apache/hugegraph/space/register/dto/EurekaInstanceDTO.java:333:16: Local variable name '$metadata' must match pattern '^[a-z]([a-zA-Z0-9]*)?$'. [LocalVariableName]
[INFO] /home/zy/code/hugegraph/hugegraph-server/hugegraph-core/src/main/java/org/apache/hugegraph/space/register/dto/EurekaInstanceDTO.java:335:16: Local variable name '$dataCenterInfo' must match pattern '^[a-z]([a-zA-Z0-9]*)?$'. [LocalVariableName]
[INFO] /home/zy/code/hugegraph/hugegraph-server/hugegraph-core/src/main/java/org/apache/hugegraph/space/register/dto/EurekaInstanceDTO.java:337:16: Local variable name '$healthCheckUrl' must match pattern '^[a-z]([a-zA-Z0-9]*)?$'. [LocalVariableName]
[INFO] /home/zy/code/hugegraph/hugegraph-server/hugegraph-core/src/main/java/org/apache/hugegraph/space/register/dto/EurekaInstanceDTO.java:339:16: Local variable name '$secureViaAddress' must match pattern '^[a-z]([a-zA-Z0-9]*)?$'. [LocalVariableName]
[INFO] /home/zy/code/hugegraph/hugegraph-server/hugegraph-core/src/main/java/org/apache/hugegraph/space/register/dto/EurekaInstanceDTO.java:341:16: Local variable name '$vipAddress' must match pattern '^[a-z]([a-zA-Z0-9]*)?$'. [LocalVariableName]
[INFO] /home/zy/code/hugegraph/hugegraph-server/hugegraph-core/src/main/java/org/apache/hugegraph/space/register/dto/EurekaInstanceDTO.java:343:16: Local variable name '$securePort' must match pattern '^[a-z]([a-zA-Z0-9]*)?$'. [LocalVariableName]
[INFO] /home/zy/code/hugegraph/hugegraph-server/hugegraph-core/src/main/java/org/apache/hugegraph/space/register/dto/EurekaInstanceDTO.java:345:16: Local variable name '$homePageUrl' must match pattern '^[a-z]([a-zA-Z0-9]*)?$'. [LocalVariableName]
[INFO] /home/zy/code/hugegraph/hugegraph-server/hugegraph-core/src/main/java/org/apache/hugegraph/space/register/dto/EurekaInstanceDTO.java:347:16: Local variable name '$statusPageUrl' must match pattern '^[a-z]([a-zA-Z0-9]*)?$'. [LocalVariableName]
[INFO] /home/zy/code/hugegraph/hugegraph-server/hugegraph-core/src/main/java/org/apache/hugegraph/space/register/dto/ApplicationDTO.java:42:24: Local variable name 'this$application' must match pattern '^[a-z]([a-zA-Z0-9]*)?$'. [LocalVariableName]
[INFO] /home/zy/code/hugegraph/hugegraph-server/hugegraph-core/src/main/java/org/apache/hugegraph/space/register/dto/ApplicationDTO.java:43:24: Local variable name 'other$application' must match pattern '^[a-z]([a-zA-Z0-9]*)?$'. [LocalVariableName]
[INFO] /home/zy/code/hugegraph/hugegraph-server/hugegraph-core/src/main/java/org/apache/hugegraph/space/register/dto/ApplicationDTO.java:46:19: 'else' construct must use '{}'s. [NeedBraces]
[INFO] /home/zy/code/hugegraph/hugegraph-server/hugegraph-core/src/main/java/org/apache/hugegraph/space/register/dto/ApplicationDTO.java:56:13: Local variable name 'PRIME' must match pattern '^[a-z]([a-zA-Z0-9]*)?$'. [LocalVariableName]
[INFO] /home/zy/code/hugegraph/hugegraph-server/hugegraph-core/src/main/java/org/apache/hugegraph/space/register/dto/ApplicationDTO.java:58:16: Local variable name '$application' must match pattern '^[a-z]([a-zA-Z0-9]*)?$'. [LocalVariableName]
[INFO] /home/zy/code/hugegraph/hugegraph-server/hugegraph-core/src/main/java/org/apache/hugegraph/space/register/RegisterLoader.java:39:23: Empty finally block. [EmptyBlock]
[INFO] /home/zy/code/hugegraph/hugegraph-server/hugegraph-core/src/main/java/org/apache/hugegraph/space/register/RegisterPlugin.java:17:1: 'package' should be separated from previous line. [EmptyLineSeparator]
[INFO] /home/zy/code/hugegraph/hugegraph-server/hugegraph-core/src/main/java/org/apache/hugegraph/space/register/RegisterPlugin.java:68: Prohibit invoking System.out.println in source code ! [RegexpSingleline]
[INFO] /home/zy/code/hugegraph/hugegraph-server/hugegraph-core/src/main/java/org/apache/hugegraph/space/register/RegisterPlugin.java:87:34: Empty catch block. [EmptyCatchBlock]
[INFO] /home/zy/code/hugegraph/hugegraph-server/hugegraph-core/src/main/java/org/apache/hugegraph/traversal/algorithm/iterator/NestedIterator.java:38:23: Member name 'MAX_CACHED_COUNT' must match pattern '^[a-z][a-zA-Z0-9]*$'. [MemberName]
[INFO] /home/zy/code/hugegraph/hugegraph-server/hugegraph-core/src/main/java/org/apache/hugegraph/traversal/algorithm/iterator/NestedIterator.java:45:23: Member name 'MAX_VISITED_COUNT' must match pattern '^[a-z][a-zA-Z0-9]*$'. [MemberName]
[INFO] /home/zy/code/hugegraph/hugegraph-server/hugegraph-core/src/main/java/org/apache/hugegraph/traversal/optimize/HugeCountStrategy.java:19:1: 'package' should be separated from previous line. [EmptyLineSeparator]
[INFO] /home/zy/code/hugegraph/hugegraph-server/hugegraph-core/src/main/java/org/apache/hugegraph/traversal/optimize/HugePrimaryKeyStrategy.java:77:17: '||' should be on the previous line. [OperatorWrap]
[INFO] /home/zy/code/hugegraph/hugegraph-server/hugegraph-core/src/main/java/org/apache/hugegraph/job/algorithm/comm/LouvainTraverser.java:812:9: Definition of 'equals()' without corresponding definition of 'hashCode()'. [EqualsHashCode]
[INFO] /home/zy/code/hugegraph/hugegraph-server/hugegraph-core/src/main/java/org/apache/hugegraph/job/algorithm/comm/KCoreAlgorithm.java:85:26: Method name 'k' must match pattern '^[a-z][a-z0-9][a-zA-Z0-9_]*$'. [MethodName]
[INFO] /home/zy/code/hugegraph/hugegraph-server/hugegraph-core/src/main/java/org/apache/hugegraph/job/algorithm/comm/LpaAlgorithm.java:88:30: Member name 'R' must match pattern '^[a-z][a-zA-Z0-9]*$'. [MemberName]
[INFO] /home/zy/code/hugegraph/hugegraph-server/hugegraph-core/src/main/java/org/apache/hugegraph/job/algorithm/cent/ClosenessCentralityAlgorithmV2.java:17:1: 'package' should be separated from previous line. [EmptyLineSeparator]
[INFO] /home/zy/code/hugegraph/hugegraph-server/hugegraph-core/src/main/java/org/apache/hugegraph/config/CoreOptions.java:27:56: Using the '.*' form of import should be avoided - org.apache.hugegraph.config.OptionChecker.*. [AvoidStarImport]
[INFO] /home/zy/code/hugegraph/hugegraph-server/hugegraph-core/src/main/java/org/apache/hugegraph/StandardHugeGraph.java:135:13: 'array initialization' child has incorrect indentation level 12, expected level should be 8. [Indentation]
[INFO] /home/zy/code/hugegraph/hugegraph-server/hugegraph-core/src/main/java/org/apache/hugegraph/StandardHugeGraph.java:136:13: 'array initialization' child has incorrect indentation level 12, expected level should be 8. [Indentation]
[INFO] /home/zy/code/hugegraph/hugegraph-server/hugegraph-core/src/main/java/org/apache/hugegraph/StandardHugeGraph.java:137:13: 'array initialization' child has incorrect indentation level 12, expected level should be 8. [Indentation]
[INFO] /home/zy/code/hugegraph/hugegraph-server/hugegraph-core/src/main/java/org/apache/hugegraph/StandardHugeGraph.java:138:13: 'array initialization' child has incorrect indentation level 12, expected level should be 8. [Indentation]
[INFO] /home/zy/code/hugegraph/hugegraph-server/hugegraph-core/src/main/java/org/apache/hugegraph/StandardHugeGraph.java:139:13: 'array initialization' child has incorrect indentation level 12, expected level should be 8. [Indentation]
Audit done.
[INFO] You have 0 Checkstyle violations.
[INFO] 
[INFO] --- build-helper-maven-plugin:1.4:add-source (add-source) @ hugegraph-core ---
[INFO] Downloading from central: https://repo.maven.apache.org/maven2/org/codehaus/plexus/plexus-utils/1.5.8/plexus-utils-1.5.8.jar
[INFO] Downloading from central: https://repo.maven.apache.org/maven2/commons-cli/commons-cli/1.0/commons-cli-1.0.jar
[INFO] Downloaded from central: https://repo.maven.apache.org/maven2/commons-cli/commons-cli/1.0/commons-cli-1.0.jar (30 kB at 26 kB/s)
[INFO] Downloaded from central: https://repo.maven.apache.org/maven2/org/codehaus/plexus/plexus-utils/1.5.8/plexus-utils-1.5.8.jar (268 kB at 217 kB/s)
[INFO] Source directory: /home/zy/code/hugegraph/hugegraph-server/hugegraph-core/target/generated-sources/protobuf/java added.
[INFO] 
[INFO] --- protobuf-maven-plugin:0.6.1:compile (default) @ hugegraph-core ---
[INFO] Downloading from central: https://repo.maven.apache.org/maven2/com/google/protobuf/protoc/3.21.7/protoc-3.21.7.pom
[INFO] Downloaded from central: https://repo.maven.apache.org/maven2/com/google/protobuf/protoc/3.21.7/protoc-3.21.7.pom (5.4 kB at 15 kB/s)
[INFO] Downloading from central: https://repo.maven.apache.org/maven2/com/google/protobuf/protoc/3.21.7/protoc-3.21.7-linux-x86_64.exe
[INFO] Downloaded from central: https://repo.maven.apache.org/maven2/com/google/protobuf/protoc/3.21.7/protoc-3.21.7-linux-x86_64.exe (4.6 MB at 3.0 MB/s)
[INFO] Compiling 1 proto file(s) to /home/zy/code/hugegraph/hugegraph-server/hugegraph-core/target/generated-sources/protobuf/java
[INFO] 
[INFO] --- maven-remote-resources-plugin:3.3.0:process (process-resource-bundles) @ hugegraph-core ---
[INFO] Preparing remote bundle org.apache:apache-jar-resource-bundle:1.4
[INFO] Copying 3 resources from 1 bundle.
[WARNING] Failed to build parent project for org.apache.hugegraph:hugegraph-commons:pom:1.7.0
[WARNING] Failed to build parent project for org.apache.hugegraph:hugegraph-pd:pom:1.7.0
[WARNING] Failed to build parent project for org.apache.hugegraph:hugegraph-pd:pom:1.7.0
[WARNING] Failed to build parent project for org.apache.hugegraph:hugegraph-pd:pom:1.7.0
[WARNING] Failed to build parent project for org.apache.hugegraph:hugegraph-store:pom:1.7.0
[INFO] 
[INFO] --- maven-resources-plugin:3.1.0:resources (default-resources) @ hugegraph-core ---
[INFO] Using 'UTF-8' encoding to copy filtered resources.
[INFO] Copying 3 resources
[INFO] Copying 1 resource
[INFO] Copying 3 resources
[INFO] 
[INFO] --- flatten-maven-plugin:1.2.7:flatten (flatten) @ hugegraph-core ---
[INFO] Generating flattened POM of project org.apache.hugegraph:hugegraph-core:jar:1.7.0...
[INFO] 
[INFO] --- maven-compiler-plugin:3.1:compile (default-compile) @ hugegraph-core ---
[INFO] Changes detected - recompiling the module!
[INFO] Compiling 471 source files to /home/zy/code/hugegraph/hugegraph-server/hugegraph-core/target/classes
[WARNING] /home/zy/code/hugegraph/hugegraph-server/hugegraph-core/src/main/java/org/apache/hugegraph/util/collection/IntMap.java:[31,16] sun.misc.Unsafe is internal proprietary API and may be removed in a future release
[WARNING] /home/zy/code/hugegraph/hugegraph-server/hugegraph-core/src/main/java/org/apache/hugegraph/memory/util/OffHeapMemoryUtil.java:[26,16] sun.misc.Unsafe is internal proprietary API and may be removed in a future release
[WARNING] /home/zy/code/hugegraph/hugegraph-server/hugegraph-core/src/main/java/org/apache/hugegraph/util/collection/IntMapByDynamicHash.java:[26,16] sun.misc.Unsafe is internal proprietary API and may be removed in a future release
[WARNING] /home/zy/code/hugegraph/hugegraph-server/hugegraph-core/src/main/java/org/apache/hugegraph/util/collection/IntMap.java:[31,16] sun.misc.Unsafe is internal proprietary API and may be removed in a future release
[WARNING] /home/zy/code/hugegraph/hugegraph-server/hugegraph-core/src/main/java/org/apache/hugegraph/memory/util/OffHeapMemoryUtil.java:[26,16] sun.misc.Unsafe is internal proprietary API and may be removed in a future release
[WARNING] /home/zy/code/hugegraph/hugegraph-server/hugegraph-core/src/main/java/org/apache/hugegraph/util/collection/IntMapByDynamicHash.java:[26,16] sun.misc.Unsafe is internal proprietary API and may be removed in a future release
[WARNING] /home/zy/code/hugegraph/hugegraph-server/hugegraph-core/src/main/java/org/apache/hugegraph/util/collection/IntMap.java:[31,16] sun.misc.Unsafe is internal proprietary API and may be removed in a future release
[WARNING] /home/zy/code/hugegraph/hugegraph-server/hugegraph-core/src/main/java/org/apache/hugegraph/memory/util/OffHeapMemoryUtil.java:[26,16] sun.misc.Unsafe is internal proprietary API and may be removed in a future release
[WARNING] /home/zy/code/hugegraph/hugegraph-server/hugegraph-core/src/main/java/org/apache/hugegraph/util/collection/IntMapByDynamicHash.java:[26,16] sun.misc.Unsafe is internal proprietary API and may be removed in a future release
[WARNING] /home/zy/code/hugegraph/hugegraph-server/hugegraph-core/src/main/java/org/apache/hugegraph/HugeGraph.java:[384,36] unchecked generic array creation for varargs parameter of type java.lang.Class<? extends org.apache.tinkerpop.gremlin.process.traversal.TraversalStrategy>[]
[WARNING] /home/zy/code/hugegraph/hugegraph-server/hugegraph-core/src/main/java/org/apache/hugegraph/schema/VertexLabel.java:[143,39] unchecked conversion
  required: java.util.HashMap<java.lang.String,java.lang.Object>
  found:    java.util.HashMap
[WARNING] /home/zy/code/hugegraph/hugegraph-server/hugegraph-core/src/main/java/org/apache/hugegraph/util/collection/IntSet.java:[552,13] sun.misc.Unsafe is internal proprietary API and may be removed in a future release
[WARNING] /home/zy/code/hugegraph/hugegraph-server/hugegraph-core/src/main/java/org/apache/hugegraph/util/collection/IntSet.java:[552,13] sun.misc.Unsafe is internal proprietary API and may be removed in a future release
[WARNING] /home/zy/code/hugegraph/hugegraph-server/hugegraph-core/src/main/java/org/apache/hugegraph/util/collection/IntSet.java:[552,13] sun.misc.Unsafe is internal proprietary API and may be removed in a future release
[WARNING] /home/zy/code/hugegraph/hugegraph-server/hugegraph-core/src/main/java/org/apache/hugegraph/util/collection/IntMap.java:[602,5] sun.misc.Unsafe is internal proprietary API and may be removed in a future release
[WARNING] /home/zy/code/hugegraph/hugegraph-server/hugegraph-core/src/main/java/org/apache/hugegraph/util/collection/IntMap.java:[602,5] sun.misc.Unsafe is internal proprietary API and may be removed in a future release
[WARNING] /home/zy/code/hugegraph/hugegraph-server/hugegraph-core/src/main/java/org/apache/hugegraph/util/collection/IntMap.java:[602,5] sun.misc.Unsafe is internal proprietary API and may be removed in a future release
[WARNING] /home/zy/code/hugegraph/hugegraph-server/hugegraph-core/src/main/java/org/apache/hugegraph/meta/MetaManager.java:[373,31] unchecked conversion
  required: java.util.List<java.lang.String>
  found:    java.util.List
[WARNING] /home/zy/code/hugegraph/hugegraph-server/hugegraph-core/src/main/java/org/apache/hugegraph/meta/MetaManager.java:[1252,31] unchecked conversion
  required: java.util.List<java.lang.String>
  found:    java.util.List
[WARNING] /home/zy/code/hugegraph/hugegraph-server/hugegraph-core/src/main/java/org/apache/hugegraph/meta/MetaManager.java:[1263,31] unchecked conversion
  required: java.util.List<java.lang.String>
  found:    java.util.List
[WARNING] /home/zy/code/hugegraph/hugegraph-server/hugegraph-core/src/main/java/org/apache/hugegraph/meta/managers/AuthMetaManager.java:[76,40] unchecked method invocation: method fromMap in class org.apache.hugegraph.auth.HugeUser is applied to given types
  required: java.util.Map<java.lang.String,java.lang.Object>
  found:    java.util.Map
[WARNING] /home/zy/code/hugegraph/hugegraph-server/hugegraph-core/src/main/java/org/apache/hugegraph/meta/managers/AuthMetaManager.java:[76,58] unchecked conversion
  required: java.util.Map<java.lang.String,java.lang.Object>
  found:    java.util.Map
[WARNING] /home/zy/code/hugegraph/hugegraph-server/hugegraph-core/src/main/java/org/apache/hugegraph/meta/managers/AuthMetaManager.java:[95,52] unchecked conversion
  required: java.util.Map<java.lang.String,java.lang.Object>
  found:    java.util.Map
[WARNING] /home/zy/code/hugegraph/hugegraph-server/hugegraph-core/src/main/java/org/apache/hugegraph/meta/managers/AuthMetaManager.java:[118,60] unchecked conversion
  required: java.util.Map<java.lang.String,java.lang.Object>
  found:    java.util.Map
[WARNING] /home/zy/code/hugegraph/hugegraph-server/hugegraph-core/src/main/java/org/apache/hugegraph/meta/managers/AuthMetaManager.java:[196,52] unchecked conversion
  required: java.util.Map<java.lang.String,java.lang.Object>
  found:    java.util.Map
[WARNING] /home/zy/code/hugegraph/hugegraph-server/hugegraph-core/src/main/java/org/apache/hugegraph/meta/managers/AuthMetaManager.java:[215,52] unchecked conversion
  required: java.util.Map<java.lang.String,java.lang.Object>
  found:    java.util.Map
[WARNING] /home/zy/code/hugegraph/hugegraph-server/hugegraph-core/src/main/java/org/apache/hugegraph/meta/managers/AuthMetaManager.java:[224,33] unchecked method invocation: method fromMap in class org.apache.hugegraph.auth.HugeGroup is applied to given types
  required: java.util.Map<java.lang.String,java.lang.Object>
  found:    java.util.Map
[WARNING] /home/zy/code/hugegraph/hugegraph-server/hugegraph-core/src/main/java/org/apache/hugegraph/meta/managers/AuthMetaManager.java:[224,51] unchecked conversion
  required: java.util.Map<java.lang.String,java.lang.Object>
  found:    java.util.Map
[WARNING] /home/zy/code/hugegraph/hugegraph-server/hugegraph-core/src/main/java/org/apache/hugegraph/meta/managers/AuthMetaManager.java:[236,56] unchecked conversion
  required: java.util.Map<java.lang.String,java.lang.Object>
  found:    java.util.Map
[WARNING] /home/zy/code/hugegraph/hugegraph-server/hugegraph-core/src/main/java/org/apache/hugegraph/meta/managers/AuthMetaManager.java:[835,56] unchecked conversion
  required: java.util.Map<java.lang.String,java.lang.Object>
  found:    java.util.Map
[WARNING] /home/zy/code/hugegraph/hugegraph-server/hugegraph-core/src/main/java/org/apache/hugegraph/memory/consumer/impl/property/HugeVertexPropertyOffHeap.java:[83,58] unchecked cast
  required: V
  found:    java.lang.Object
[WARNING] /home/zy/code/hugegraph/hugegraph-server/hugegraph-core/src/main/java/org/apache/hugegraph/task/EphemeralJobQueue.java:[197,51] unchecked call to reduce(T,T) as a member of the raw type org.apache.hugegraph.task.EphemeralJobQueue.Reduce
[WARNING] /home/zy/code/hugegraph/hugegraph-server/hugegraph-core/src/main/java/org/apache/hugegraph/util/ConfigUtil.java:[61,21] unchecked call to FileBasedConfigurationBuilder(java.lang.Class<? extends T>) as a member of the raw type org.apache.commons.configuration2.builder.FileBasedConfigurationBuilder
[WARNING] /home/zy/code/hugegraph/hugegraph-server/hugegraph-core/src/main/java/org/apache/hugegraph/util/ConfigUtil.java:[62,39] unchecked conversion
  required: org.apache.commons.configuration2.builder.FileBasedConfigurationBuilder<org.apache.commons.configuration2.FileBasedConfiguration>
  found:    org.apache.commons.configuration2.builder.FileBasedConfigurationBuilder
[WARNING] /home/zy/code/hugegraph/hugegraph-server/hugegraph-core/src/main/java/org/apache/hugegraph/util/Consumers.java:[49,37] unchecked cast
  required: V
  found:    java.lang.Object
[WARNING] /home/zy/code/hugegraph/hugegraph-server/hugegraph-core/src/main/java/org/apache/hugegraph/memory/util/OffHeapMemoryUtil.java:[32,26] sun.misc.Unsafe is internal proprietary API and may be removed in a future release
[WARNING] /home/zy/code/hugegraph/hugegraph-server/hugegraph-core/src/main/java/org/apache/hugegraph/memory/util/OffHeapMemoryUtil.java:[32,26] sun.misc.Unsafe is internal proprietary API and may be removed in a future release
[WARNING] /home/zy/code/hugegraph/hugegraph-server/hugegraph-core/src/main/java/org/apache/hugegraph/memory/util/OffHeapMemoryUtil.java:[32,26] sun.misc.Unsafe is internal proprietary API and may be removed in a future release
[WARNING] /home/zy/code/hugegraph/hugegraph-server/hugegraph-core/src/main/java/org/apache/hugegraph/memory/util/OffHeapMemoryUtil.java:[35,9] sun.misc.Unsafe is internal proprietary API and may be removed in a future release
[WARNING] /home/zy/code/hugegraph/hugegraph-server/hugegraph-core/src/main/java/org/apache/hugegraph/memory/util/OffHeapMemoryUtil.java:[37,33] sun.misc.Unsafe is internal proprietary API and may be removed in a future release
[WARNING] /home/zy/code/hugegraph/hugegraph-server/hugegraph-core/src/main/java/org/apache/hugegraph/memory/util/OffHeapMemoryUtil.java:[39,23] sun.misc.Unsafe is internal proprietary API and may be removed in a future release
[WARNING] /home/zy/code/hugegraph/hugegraph-server/hugegraph-core/src/main/java/org/apache/hugegraph/memory/util/OffHeapMemoryUtil.java:[82,20] sun.misc.Unsafe is internal proprietary API and may be removed in a future release
[WARNING] /home/zy/code/hugegraph/hugegraph-server/hugegraph-core/src/main/java/org/apache/hugegraph/memory/util/OffHeapMemoryUtil.java:[82,20] sun.misc.Unsafe is internal proprietary API and may be removed in a future release
[WARNING] /home/zy/code/hugegraph/hugegraph-server/hugegraph-core/src/main/java/org/apache/hugegraph/memory/util/OffHeapMemoryUtil.java:[82,20] sun.misc.Unsafe is internal proprietary API and may be removed in a future release
[WARNING] /home/zy/code/hugegraph/hugegraph-server/hugegraph-core/src/main/java/org/apache/hugegraph/memory/util/OffHeapMemoryUtil.java:[87,9] sun.misc.Unsafe is internal proprietary API and may be removed in a future release
[WARNING] /home/zy/code/hugegraph/hugegraph-server/hugegraph-core/src/main/java/org/apache/hugegraph/traversal/optimize/HugeScriptTraversal.java:[107,46] unchecked method invocation: method addStep in interface org.apache.tinkerpop.gremlin.process.traversal.Traversal.Admin is applied to given types
  required: org.apache.tinkerpop.gremlin.process.traversal.Step<?,E2>
  found:    org.apache.tinkerpop.gremlin.process.traversal.Step
[WARNING] /home/zy/code/hugegraph/hugegraph-server/hugegraph-core/src/main/java/org/apache/hugegraph/variables/HugeVariables.java:[304,50] unchecked conversion
  required: java.util.Iterator<org.apache.tinkerpop.gremlin.structure.Vertex>
  found:    java.util.Iterator
[WARNING] /home/zy/code/hugegraph/hugegraph-server/hugegraph-core/src/main/java/org/apache/hugegraph/variables/HugeVariables.java:[339,50] unchecked conversion
  required: java.util.Iterator<org.apache.tinkerpop.gremlin.structure.Vertex>
  found:    java.util.Iterator
[WARNING] /home/zy/code/hugegraph/hugegraph-server/hugegraph-core/src/main/java/org/apache/hugegraph/variables/HugeVariables.java:[344,22] unchecked call to FilterIterator(java.util.Iterator<T>,java.util.function.Function<T,java.lang.Boolean>) as a member of the raw type org.apache.hugegraph.iterator.FilterIterator
[WARNING] /home/zy/code/hugegraph/hugegraph-server/hugegraph-core/src/main/java/org/apache/hugegraph/variables/HugeVariables.java:[351,20] unchecked conversion
  required: java.util.Iterator<org.apache.tinkerpop.gremlin.structure.Vertex>
  found:    java.util.Iterator
[WARNING] /home/zy/code/hugegraph/hugegraph-server/hugegraph-core/src/main/java/org/apache/hugegraph/variables/HugeVariables.java:[357,44] unchecked method invocation: method closeIterator in interface org.apache.tinkerpop.gremlin.structure.util.CloseableIterator is applied to given types
  required: java.util.Iterator<T>
  found:    java.util.Iterator
[WARNING] /home/zy/code/hugegraph/hugegraph-server/hugegraph-core/src/main/java/org/apache/hugegraph/variables/HugeVariables.java:[357,45] unchecked conversion
  required: java.util.Iterator<T>
  found:    java.util.Iterator
[WARNING] /home/zy/code/hugegraph/hugegraph-server/hugegraph-core/src/main/java/org/apache/hugegraph/meta/EtcdMetaDriver.java:[148,65] unchecked cast
  required: java.util.List<java.lang.String>
  found:    java.lang.Object
[WARNING] /home/zy/code/hugegraph/hugegraph-server/hugegraph-core/src/main/java/org/apache/hugegraph/space/register/registerImpl/PdRegister.java:[79,65] unchecked conversion
  required: java.util.Map<java.lang.String,java.util.Set<org.apache.hugegraph.pd.client.DiscoveryClient>>
  found:    java.util.concurrent.ConcurrentHashMap
[WARNING] /home/zy/code/hugegraph/hugegraph-server/hugegraph-core/src/main/java/org/apache/hugegraph/space/register/registerImpl/PdRegister.java:[80,59] unchecked conversion
  required: java.util.Map<java.lang.String,org.apache.hugegraph.space.register.RegisterConfig>
  found:    java.util.HashMap
[WARNING] /home/zy/code/hugegraph/hugegraph-server/hugegraph-core/src/main/java/org/apache/hugegraph/space/register/registerImpl/PdRegister.java:[81,51] unchecked conversion
  required: java.util.Map<java.lang.String,org.apache.hugegraph.space.register.dto.EurekaDTO>
  found:    java.util.concurrent.ConcurrentHashMap
[WARNING] /home/zy/code/hugegraph/hugegraph-server/hugegraph-core/src/main/java/org/apache/hugegraph/space/register/registerImpl/PdRegister.java:[263,35] unchecked conversion
  required: java.util.List<org.apache.hugegraph.space.register.dto.EurekaDTO>
  found:    java.util.ArrayList
[WARNING] /home/zy/code/hugegraph/hugegraph-server/hugegraph-core/src/main/java/org/apache/hugegraph/space/register/registerImpl/PdRegister.java:[407,47] unchecked conversion
  required: java.util.Map<java.lang.String,org.apache.hugegraph.pd.grpc.discovery.NodeInfos>
  found:    java.util.HashMap
[WARNING] /home/zy/code/hugegraph/hugegraph-server/hugegraph-core/src/main/java/org/apache/hugegraph/space/register/registerImpl/PdRegister.java:[446,43] unchecked method invocation: method computeIfAbsent in interface java.util.Map is applied to given types
  required: K,java.util.function.Function<? super K,? extends V>
  found:    java.lang.String,java.util.function.Function<java.lang.String,java.util.Set<org.apache.hugegraph.pd.client.DiscoveryClient>>
[WARNING] /home/zy/code/hugegraph/hugegraph-server/hugegraph-core/src/main/java/org/apache/hugegraph/space/register/registerImpl/PdRegister.java:[446,80] unchecked call to add(E) as a member of the raw type java.util.Set
[WARNING] /home/zy/code/hugegraph/hugegraph-server/hugegraph-core/src/main/java/org/apache/hugegraph/space/register/registerImpl/PdRegister.java:[467,43] unchecked method invocation: method computeIfAbsent in interface java.util.Map is applied to given types
  required: K,java.util.function.Function<? super K,? extends V>
  found:    java.lang.String,java.util.function.Function<java.lang.String,java.util.Set<org.apache.hugegraph.pd.client.DiscoveryClient>>
[WARNING] /home/zy/code/hugegraph/hugegraph-server/hugegraph-core/src/main/java/org/apache/hugegraph/space/register/registerImpl/PdRegister.java:[467,80] unchecked call to add(E) as a member of the raw type java.util.Set
[WARNING] /home/zy/code/hugegraph/hugegraph-server/hugegraph-core/src/main/java/org/apache/hugegraph/space/register/registerImpl/PdRegister.java:[488,47] unchecked method invocation: method computeIfAbsent in interface java.util.Map is applied to given types
  required: K,java.util.function.Function<? super K,? extends V>
  found:    java.lang.String,java.util.function.Function<java.lang.String,java.util.Set<org.apache.hugegraph.pd.client.DiscoveryClient>>
[WARNING] /home/zy/code/hugegraph/hugegraph-server/hugegraph-core/src/main/java/org/apache/hugegraph/space/register/registerImpl/PdRegister.java:[488,84] unchecked call to add(E) as a member of the raw type java.util.Set
[WARNING] /home/zy/code/hugegraph/hugegraph-server/hugegraph-core/src/main/java/org/apache/hugegraph/memory/consumer/impl/property/HugeEdgePropertyOffHeap.java:[91,58] unchecked cast
  required: V
  found:    java.lang.Object
[WARNING] /home/zy/code/hugegraph/hugegraph-server/hugegraph-core/src/main/java/org/apache/hugegraph/traversal/optimize/ConditionP.java:[50,30] eq(java.lang.Object) in org.apache.hugegraph.traversal.optimize.ConditionP overrides <V>eq(V) in org.apache.tinkerpop.gremlin.process.traversal.P
  return type requires unchecked conversion from org.apache.hugegraph.traversal.optimize.ConditionP to org.apache.tinkerpop.gremlin.process.traversal.P<V>
[WARNING] /home/zy/code/hugegraph/hugegraph-server/hugegraph-core/src/main/java/org/apache/hugegraph/memory/allocator/OnHeapMemoryAllocator.java:[58,36] unchecked cast
  required: java.util.concurrent.atomic.AtomicReference<byte[]>
  found:    java.lang.Object
[WARNING] /home/zy/code/hugegraph/hugegraph-server/hugegraph-core/src/main/java/org/apache/hugegraph/meta/PdMetaDriver.java:[113,63] unchecked cast
  required: java.util.function.Consumer<org.apache.hugegraph.pd.grpc.kv.WatchResponse>
  found:    java.util.function.Consumer<T>
[WARNING] /home/zy/code/hugegraph/hugegraph-server/hugegraph-core/src/main/java/org/apache/hugegraph/meta/PdMetaDriver.java:[122,72] unchecked cast
  required: java.util.function.Consumer<org.apache.hugegraph.pd.grpc.kv.WatchResponse>
  found:    java.util.function.Consumer<T>
[WARNING] /home/zy/code/hugegraph/hugegraph-server/hugegraph-core/src/main/java/org/apache/hugegraph/space/register/RegisterPlugin.java:[36,61] unchecked conversion
  required: java.util.Map<java.lang.Class<?>,org.apache.hugegraph.space.register.IServiceRegister>
  found:    java.util.concurrent.ConcurrentHashMap
[WARNING] /home/zy/code/hugegraph/hugegraph-server/hugegraph-core/src/main/java/org/apache/hugegraph/util/collection/IntMapByDynamicHash.java:[997,26] sun.misc.Unsafe is internal proprietary API and may be removed in a future release
[WARNING] /home/zy/code/hugegraph/hugegraph-server/hugegraph-core/src/main/java/org/apache/hugegraph/util/collection/IntMapByDynamicHash.java:[997,26] sun.misc.Unsafe is internal proprietary API and may be removed in a future release
[WARNING] /home/zy/code/hugegraph/hugegraph-server/hugegraph-core/src/main/java/org/apache/hugegraph/util/collection/IntMapByDynamicHash.java:[997,26] sun.misc.Unsafe is internal proprietary API and may be removed in a future release
[WARNING] /home/zy/code/hugegraph/hugegraph-server/hugegraph-core/src/main/java/org/apache/hugegraph/schema/PropertyKey.java: Some input files use or override a deprecated API.
[WARNING] /home/zy/code/hugegraph/hugegraph-server/hugegraph-core/src/main/java/org/apache/hugegraph/schema/PropertyKey.java: Recompile with -Xlint:deprecation for details.
[WARNING] /home/zy/code/hugegraph/hugegraph-server/hugegraph-core/src/main/java/org/apache/hugegraph/security/HugeSecurityManager.java: Some input files use or override a deprecated API that is marked for removal.
[WARNING] /home/zy/code/hugegraph/hugegraph-server/hugegraph-core/src/main/java/org/apache/hugegraph/security/HugeSecurityManager.java: Recompile with -Xlint:removal for details.
[INFO] 
[INFO] --- maven-resources-plugin:3.1.0:testResources (default-testResources) @ hugegraph-core ---
[INFO] Using 'UTF-8' encoding to copy filtered resources.
[INFO] skip non existing resourceDirectory /home/zy/code/hugegraph/hugegraph-server/hugegraph-core/src/test/resources
[INFO] Copying 3 resources
[INFO] 
[INFO] --- maven-compiler-plugin:3.1:testCompile (default-testCompile) @ hugegraph-core ---
[INFO] Nothing to compile - all classes are up to date
[INFO] 
[INFO] --- maven-surefire-plugin:2.22.0:test (default-test) @ hugegraph-core ---
[INFO] 
[INFO] -------------------------------------------------------
[INFO]  T E S T S
[INFO] -------------------------------------------------------
[INFO] Running org.apache.hugegraph.security.HugeSecurityManagerTest
[INFO] Tests run: 1, Failures: 0, Errors: 0, Skipped: 0, Time elapsed: 0.039 s - in org.apache.hugegraph.security.HugeSecurityManagerTest
[INFO] 
[INFO] Results:
[INFO] 
[INFO] Tests run: 1, Failures: 0, Errors: 0, Skipped: 0
[INFO] 
[INFO] 
[INFO] --- maven-surefire-plugin:2.22.0:test (core-test) @ hugegraph-core ---
[INFO] Skipping execution of surefire because it has already been run for this configuration
[INFO] 
[INFO] -----------------< org.apache.hugegraph:hg-store-grpc >-----------------
[INFO] Building hg-store-grpc 1.7.0                                     [13/19]
[INFO] --------------------------------[ jar ]---------------------------------
[INFO] Downloading from central: https://repo.maven.apache.org/maven2/org/codehaus/mojo/build-helper-maven-plugin/3.3.0/build-helper-maven-plugin-3.3.0.pom
[INFO] Downloaded from central: https://repo.maven.apache.org/maven2/org/codehaus/mojo/build-helper-maven-plugin/3.3.0/build-helper-maven-plugin-3.3.0.pom (7.4 kB at 20 kB/s)
[INFO] Downloading from central: https://repo.maven.apache.org/maven2/org/codehaus/mojo/mojo-parent/65/mojo-parent-65.pom
[INFO] Downloaded from central: https://repo.maven.apache.org/maven2/org/codehaus/mojo/mojo-parent/65/mojo-parent-65.pom (35 kB at 98 kB/s)
[INFO] Downloading from central: https://repo.maven.apache.org/maven2/org/junit/junit-bom/5.8.1/junit-bom-5.8.1.pom
[INFO] Downloaded from central: https://repo.maven.apache.org/maven2/org/junit/junit-bom/5.8.1/junit-bom-5.8.1.pom (5.6 kB at 15 kB/s)
[INFO] Downloading from central: https://repo.maven.apache.org/maven2/org/codehaus/mojo/build-helper-maven-plugin/3.3.0/build-helper-maven-plugin-3.3.0.jar
[INFO] Downloaded from central: https://repo.maven.apache.org/maven2/org/codehaus/mojo/build-helper-maven-plugin/3.3.0/build-helper-maven-plugin-3.3.0.jar (68 kB at 188 kB/s)
[INFO] 
[INFO] --- maven-enforcer-plugin:1.4.1:enforce (enforce-maven-version) @ hg-store-grpc ---
[INFO] 
[INFO] --- apache-rat-plugin:0.13:check (license-check) @ hg-store-grpc ---
[INFO] Enabled default license matchers.
[INFO] Will parse SCM ignores for exclusions...
[INFO] Finished adding exclusions from SCM ignore files.
[INFO] 62 implicit excludes (use -debug for more details).
[INFO] 44 explicit excludes (use -debug for more details).
[INFO] 1 resources included (use -debug for more details)
[INFO] Rat check: Summary over all files. Unapproved: 0, unknown: 0, generated: 0, approved: 1 licenses.
[INFO] 
[INFO] --- jacoco-maven-plugin:0.8.8:prepare-agent (default) @ hg-store-grpc ---
[INFO] Skipping JaCoCo execution because property jacoco.skip is set.
[INFO] argLine set to empty
[INFO] 
[INFO] --- maven-clean-plugin:3.1.0:clean (default) @ hg-store-grpc ---
[INFO] Deleting /home/zy/code/hugegraph/hugegraph-store/hg-store-grpc/target
[INFO] Deleting /home/zy/code/hugegraph/hugegraph-store/hg-store-grpc/src/main/java (includes = [*.tar, *.tar.gz, .flattened-pom.xml, apache-hugegraph-store-1.7.0/**], excludes = [])
[INFO] 
[INFO] --- protobuf-maven-plugin:0.6.1:compile (default) @ hg-store-grpc ---
[INFO] Compiling 7 proto file(s) to /home/zy/code/hugegraph/hugegraph-store/hg-store-grpc/src/main/java
[WARNING] PROTOC: store_state.proto:21:1: warning: Import store_common.proto is unused.

[INFO] 
[INFO] --- protobuf-maven-plugin:0.6.1:compile-custom (default) @ hg-store-grpc ---
[INFO] Compiling 7 proto file(s) to /home/zy/code/hugegraph/hugegraph-store/hg-store-grpc/src/main/java
[WARNING] PROTOC: store_state.proto:21:1: warning: Import store_common.proto is unused.

[INFO] 
[INFO] --- build-helper-maven-plugin:3.3.0:add-source (add-source) @ hg-store-grpc ---
[INFO] Downloading from central: https://repo.maven.apache.org/maven2/org/apache/maven/maven-plugin-api/3.8.4/maven-plugin-api-3.8.4.pom
[INFO] Downloaded from central: https://repo.maven.apache.org/maven2/org/apache/maven/maven-plugin-api/3.8.4/maven-plugin-api-3.8.4.pom (3.0 kB at 8.3 kB/s)
[INFO] Downloading from central: https://repo.maven.apache.org/maven2/org/apache/maven/maven/3.8.4/maven-3.8.4.pom
[INFO] Downloaded from central: https://repo.maven.apache.org/maven2/org/apache/maven/maven/3.8.4/maven-3.8.4.pom (27 kB at 70 kB/s)
[INFO] Downloading from central: https://repo.maven.apache.org/maven2/org/apache/maven/maven-model/3.8.4/maven-model-3.8.4.pom
[INFO] Downloaded from central: https://repo.maven.apache.org/maven2/org/apache/maven/maven-model/3.8.4/maven-model-3.8.4.pom (2.8 kB at 7.1 kB/s)
[INFO] Downloading from central: https://repo.maven.apache.org/maven2/org/apache/maven/maven-artifact/3.8.4/maven-artifact-3.8.4.pom
[INFO] Downloaded from central: https://repo.maven.apache.org/maven2/org/apache/maven/maven-artifact/3.8.4/maven-artifact-3.8.4.pom (2.4 kB at 6.3 kB/s)
[INFO] Downloading from central: https://repo.maven.apache.org/maven2/org/apache/commons/commons-lang3/3.8.1/commons-lang3-3.8.1.pom
[INFO] Downloaded from central: https://repo.maven.apache.org/maven2/org/apache/commons/commons-lang3/3.8.1/commons-lang3-3.8.1.pom (28 kB at 71 kB/s)
[INFO] Downloading from central: https://repo.maven.apache.org/maven2/org/eclipse/sisu/org.eclipse.sisu.plexus/0.3.5/org.eclipse.sisu.plexus-0.3.5.pom
[INFO] Downloaded from central: https://repo.maven.apache.org/maven2/org/eclipse/sisu/org.eclipse.sisu.plexus/0.3.5/org.eclipse.sisu.plexus-0.3.5.pom (4.3 kB at 10 kB/s)
[INFO] Downloading from central: https://repo.maven.apache.org/maven2/org/eclipse/sisu/sisu-plexus/0.3.5/sisu-plexus-0.3.5.pom
[INFO] Downloaded from central: https://repo.maven.apache.org/maven2/org/eclipse/sisu/sisu-plexus/0.3.5/sisu-plexus-0.3.5.pom (14 kB at 36 kB/s)
[INFO] Downloading from central: https://repo.maven.apache.org/maven2/javax/annotation/javax.annotation-api/1.2/javax.annotation-api-1.2.pom
[INFO] Downloaded from central: https://repo.maven.apache.org/maven2/javax/annotation/javax.annotation-api/1.2/javax.annotation-api-1.2.pom (13 kB at 32 kB/s)
[INFO] Downloading from central: https://repo.maven.apache.org/maven2/org/eclipse/sisu/org.eclipse.sisu.inject/0.3.5/org.eclipse.sisu.inject-0.3.5.pom
[INFO] Downloaded from central: https://repo.maven.apache.org/maven2/org/eclipse/sisu/org.eclipse.sisu.inject/0.3.5/org.eclipse.sisu.inject-0.3.5.pom (2.6 kB at 6.1 kB/s)
[INFO] Downloading from central: https://repo.maven.apache.org/maven2/org/eclipse/sisu/sisu-inject/0.3.5/sisu-inject-0.3.5.pom
[INFO] Downloaded from central: https://repo.maven.apache.org/maven2/org/eclipse/sisu/sisu-inject/0.3.5/sisu-inject-0.3.5.pom (14 kB at 36 kB/s)
[INFO] Downloading from central: https://repo.maven.apache.org/maven2/org/codehaus/plexus/plexus-classworlds/2.6.0/plexus-classworlds-2.6.0.pom
[INFO] Downloaded from central: https://repo.maven.apache.org/maven2/org/codehaus/plexus/plexus-classworlds/2.6.0/plexus-classworlds-2.6.0.pom (7.9 kB at 21 kB/s)
[INFO] Downloading from central: https://repo.maven.apache.org/maven2/org/apache-extras/beanshell/bsh/2.0b6/bsh-2.0b6.pom
[INFO] Downloaded from central: https://repo.maven.apache.org/maven2/org/apache-extras/beanshell/bsh/2.0b6/bsh-2.0b6.pom (5.0 kB at 12 kB/s)
[INFO] Downloading from central: https://repo.maven.apache.org/maven2/org/apache/maven/shared/file-management/3.0.0/file-management-3.0.0.pom
[INFO] Downloaded from central: https://repo.maven.apache.org/maven2/org/apache/maven/shared/file-management/3.0.0/file-management-3.0.0.pom (4.7 kB at 12 kB/s)
[INFO] Downloading from central: https://repo.maven.apache.org/maven2/org/apache/maven/shared/maven-shared-io/3.0.0/maven-shared-io-3.0.0.pom
[INFO] Downloaded from central: https://repo.maven.apache.org/maven2/org/apache/maven/shared/maven-shared-io/3.0.0/maven-shared-io-3.0.0.pom (4.2 kB at 11 kB/s)
[INFO] Downloading from central: https://repo.maven.apache.org/maven2/org/codehaus/plexus/plexus-utils/1.4.2/plexus-utils-1.4.2.pom
[INFO] Downloaded from central: https://repo.maven.apache.org/maven2/org/codehaus/plexus/plexus-utils/1.4.2/plexus-utils-1.4.2.pom (2.0 kB at 5.5 kB/s)
[INFO] Downloading from central: https://repo.maven.apache.org/maven2/org/apache/maven/wagon/wagon-provider-api/2.10/wagon-provider-api-2.10.pom
[INFO] Downloaded from central: https://repo.maven.apache.org/maven2/org/apache/maven/wagon/wagon-provider-api/2.10/wagon-provider-api-2.10.pom (1.7 kB at 4.8 kB/s)
[INFO] Downloading from central: https://repo.maven.apache.org/maven2/org/apache/maven/wagon/wagon/2.10/wagon-2.10.pom
[INFO] Downloaded from central: https://repo.maven.apache.org/maven2/org/apache/maven/wagon/wagon/2.10/wagon-2.10.pom (21 kB at 56 kB/s)
[INFO] Downloading from central: https://repo.maven.apache.org/maven2/org/codehaus/plexus/plexus-utils/3.0.24/plexus-utils-3.0.24.jar
[INFO] Downloading from central: https://repo.maven.apache.org/maven2/org/apache-extras/beanshell/bsh/2.0b6/bsh-2.0b6.jar
[INFO] Downloading from central: https://repo.maven.apache.org/maven2/org/apache/maven/shared/file-management/3.0.0/file-management-3.0.0.jar
[INFO] Downloading from central: https://repo.maven.apache.org/maven2/org/apache/maven/shared/maven-shared-io/3.0.0/maven-shared-io-3.0.0.jar
[INFO] Downloading from central: https://repo.maven.apache.org/maven2/org/apache/maven/wagon/wagon-provider-api/2.10/wagon-provider-api-2.10.jar
[INFO] Downloaded from central: https://repo.maven.apache.org/maven2/org/codehaus/plexus/plexus-utils/3.0.24/plexus-utils-3.0.24.jar (247 kB at 365 kB/s)
[INFO] Downloaded from central: https://repo.maven.apache.org/maven2/org/apache/maven/shared/maven-shared-io/3.0.0/maven-shared-io-3.0.0.jar (41 kB at 61 kB/s)
[INFO] Downloaded from central: https://repo.maven.apache.org/maven2/org/apache/maven/wagon/wagon-provider-api/2.10/wagon-provider-api-2.10.jar (54 kB at 77 kB/s)
[INFO] Downloaded from central: https://repo.maven.apache.org/maven2/org/apache/maven/shared/file-management/3.0.0/file-management-3.0.0.jar (35 kB at 37 kB/s)
[INFO] Downloaded from central: https://repo.maven.apache.org/maven2/org/apache-extras/beanshell/bsh/2.0b6/bsh-2.0b6.jar (389 kB at 372 kB/s)
[INFO] Source directory: /home/zy/code/hugegraph/hugegraph-store/hg-store-grpc/src/main/java added.
[INFO] Source directory: /home/zy/code/hugegraph/hugegraph-store/hg-store-grpc/src/main/dev added.
[INFO] 
[INFO] --- maven-remote-resources-plugin:3.3.0:process (process-resource-bundles) @ hg-store-grpc ---
[INFO] Preparing remote bundle org.apache:apache-jar-resource-bundle:1.4
[INFO] Copying 3 resources from 1 bundle.
[INFO] 
[INFO] --- maven-resources-plugin:3.1.0:resources (default-resources) @ hg-store-grpc ---
[INFO] Using 'UTF-8' encoding to copy filtered resources.
[INFO] skip non existing resourceDirectory /home/zy/code/hugegraph/hugegraph-store/hg-store-grpc/src/main/resources
[INFO] Copying 7 resources
[INFO] Copying 7 resources
[INFO] Copying 7 resources
[INFO] Copying 3 resources
[INFO] 
[INFO] --- flatten-maven-plugin:1.2.7:flatten (flatten) @ hg-store-grpc ---
[INFO] Generating flattened POM of project org.apache.hugegraph:hg-store-grpc:jar:1.7.0...
[INFO] 
[INFO] --- maven-compiler-plugin:3.1:compile (default-compile) @ hg-store-grpc ---
[INFO] Changes detected - recompiling the module!
[INFO] Compiling 119 source files to /home/zy/code/hugegraph/hugegraph-store/hg-store-grpc/target/classes
[INFO] 
[INFO] --- maven-resources-plugin:3.1.0:testResources (default-testResources) @ hg-store-grpc ---
[INFO] Using 'UTF-8' encoding to copy filtered resources.
[INFO] skip non existing resourceDirectory /home/zy/code/hugegraph/hugegraph-store/hg-store-grpc/src/test/resources
[INFO] Copying 3 resources
[INFO] 
[INFO] --- maven-compiler-plugin:3.1:testCompile (default-testCompile) @ hg-store-grpc ---
[INFO] No sources to compile
[INFO] 
[INFO] --- maven-surefire-plugin:2.20:test (default-test) @ hg-store-grpc ---
[INFO] 
[INFO] --- maven-surefire-plugin:2.20:test (store-core-test) @ hg-store-grpc ---
[INFO] Skipping execution of surefire because it has already been run for this configuration
[INFO] 
[INFO] ----------------< org.apache.hugegraph:hg-store-client >----------------
[INFO] Building hg-store-client 1.7.0                                   [14/19]
[INFO] --------------------------------[ jar ]---------------------------------
[INFO] Downloading from central: https://repo.maven.apache.org/maven2/com/fasterxml/jackson/core/jackson-databind/2.13.0/jackson-databind-2.13.0.pom
[INFO] Downloaded from central: https://repo.maven.apache.org/maven2/com/fasterxml/jackson/core/jackson-databind/2.13.0/jackson-databind-2.13.0.pom (15 kB at 34 kB/s)
[INFO] Downloading from central: https://repo.maven.apache.org/maven2/com/fasterxml/jackson/jackson-base/2.13.0/jackson-base-2.13.0.pom
[INFO] Downloaded from central: https://repo.maven.apache.org/maven2/com/fasterxml/jackson/jackson-base/2.13.0/jackson-base-2.13.0.pom (9.7 kB at 24 kB/s)
[INFO] Downloading from central: https://repo.maven.apache.org/maven2/com/fasterxml/jackson/jackson-bom/2.13.0/jackson-bom-2.13.0.pom
[INFO] Downloaded from central: https://repo.maven.apache.org/maven2/com/fasterxml/jackson/jackson-bom/2.13.0/jackson-bom-2.13.0.pom (17 kB at 42 kB/s)
[INFO] Downloading from central: https://repo.maven.apache.org/maven2/com/fasterxml/jackson/core/jackson-annotations/2.13.0/jackson-annotations-2.13.0.pom
[INFO] Downloaded from central: https://repo.maven.apache.org/maven2/com/fasterxml/jackson/core/jackson-annotations/2.13.0/jackson-annotations-2.13.0.pom (6.1 kB at 5.7 kB/s)
[INFO] Downloading from central: https://repo.maven.apache.org/maven2/com/fasterxml/jackson/core/jackson-core/2.13.0/jackson-core-2.13.0.pom
[INFO] Downloaded from central: https://repo.maven.apache.org/maven2/com/fasterxml/jackson/core/jackson-core/2.13.0/jackson-core-2.13.0.pom (5.5 kB at 14 kB/s)
[INFO] Downloading from central: https://repo.maven.apache.org/maven2/commons-codec/commons-codec/1.15/commons-codec-1.15.pom
[INFO] Downloaded from central: https://repo.maven.apache.org/maven2/commons-codec/commons-codec/1.15/commons-codec-1.15.pom (15 kB at 38 kB/s)
[INFO] Downloading from central: https://repo.maven.apache.org/maven2/org/apache/logging/log4j/log4j-api/2.15.0/log4j-api-2.15.0.jar
[INFO] Downloading from central: https://repo.maven.apache.org/maven2/org/apache/logging/log4j/log4j-core/2.15.0/log4j-core-2.15.0.jar
[INFO] Downloading from central: https://repo.maven.apache.org/maven2/com/fasterxml/jackson/core/jackson-databind/2.13.0/jackson-databind-2.13.0.jar
[INFO] Downloading from central: https://repo.maven.apache.org/maven2/com/fasterxml/jackson/core/jackson-annotations/2.13.0/jackson-annotations-2.13.0.jar
[INFO] Downloading from central: https://repo.maven.apache.org/maven2/com/fasterxml/jackson/core/jackson-core/2.13.0/jackson-core-2.13.0.jar
[INFO] Downloaded from central: https://repo.maven.apache.org/maven2/com/fasterxml/jackson/core/jackson-databind/2.13.0/jackson-databind-2.13.0.jar (1.5 MB at 3.3 MB/s)
[INFO] Downloading from central: https://repo.maven.apache.org/maven2/commons-codec/commons-codec/1.15/commons-codec-1.15.jar
[INFO] Downloaded from central: https://repo.maven.apache.org/maven2/com/fasterxml/jackson/core/jackson-annotations/2.13.0/jackson-annotations-2.13.0.jar (76 kB at 110 kB/s)
[INFO] Downloaded from central: https://repo.maven.apache.org/maven2/com/fasterxml/jackson/core/jackson-core/2.13.0/jackson-core-2.13.0.jar (375 kB at 455 kB/s)
[INFO] Downloaded from central: https://repo.maven.apache.org/maven2/org/apache/logging/log4j/log4j-api/2.15.0/log4j-api-2.15.0.jar (302 kB at 284 kB/s)
[INFO] Downloaded from central: https://repo.maven.apache.org/maven2/commons-codec/commons-codec/1.15/commons-codec-1.15.jar (354 kB at 293 kB/s)
[INFO] Downloaded from central: https://repo.maven.apache.org/maven2/org/apache/logging/log4j/log4j-core/2.15.0/log4j-core-2.15.0.jar (1.8 MB at 1.2 MB/s)
[INFO] 
[INFO] --- maven-enforcer-plugin:1.4.1:enforce (enforce-maven-version) @ hg-store-client ---
[INFO] 
[INFO] --- apache-rat-plugin:0.13:check (license-check) @ hg-store-client ---
[INFO] Enabled default license matchers.
[INFO] Will parse SCM ignores for exclusions...
[INFO] Finished adding exclusions from SCM ignore files.
[INFO] 62 implicit excludes (use -debug for more details).
[INFO] 44 explicit excludes (use -debug for more details).
[INFO] 92 resources included (use -debug for more details)
[INFO] Rat check: Summary over all files. Unapproved: 0, unknown: 0, generated: 0, approved: 92 licenses.
[INFO] 
[INFO] --- jacoco-maven-plugin:0.8.8:prepare-agent (default) @ hg-store-client ---
[INFO] Skipping JaCoCo execution because property jacoco.skip is set.
[INFO] argLine set to empty
[INFO] 
[INFO] --- maven-remote-resources-plugin:3.3.0:process (process-resource-bundles) @ hg-store-client ---
[INFO] Preparing remote bundle org.apache:apache-jar-resource-bundle:1.4
[INFO] Copying 3 resources from 1 bundle.
[WARNING] Failed to build parent project for org.apache.hugegraph:hugegraph-store:pom:1.7.0
[WARNING] Failed to build parent project for org.apache.hugegraph:hugegraph-store:pom:1.7.0
[WARNING] Failed to build parent project for org.apache.hugegraph:hugegraph-commons:pom:1.7.0
[WARNING] Failed to build parent project for org.apache.hugegraph:hugegraph-pd:pom:1.7.0
[WARNING] Failed to build parent project for org.apache.hugegraph:hugegraph-pd:pom:1.7.0
[WARNING] Failed to build parent project for org.apache.hugegraph:hugegraph-pd:pom:1.7.0
[INFO] 
[INFO] --- maven-resources-plugin:3.1.0:resources (default-resources) @ hg-store-client ---
[INFO] Using 'UTF-8' encoding to copy filtered resources.
[INFO] Copying 2 resources
[INFO] Copying 3 resources
[INFO] 
[INFO] --- flatten-maven-plugin:1.2.7:flatten (flatten) @ hg-store-client ---
[INFO] Generating flattened POM of project org.apache.hugegraph:hg-store-client:jar:1.7.0...
[INFO] 
[INFO] --- maven-compiler-plugin:3.1:compile (default-compile) @ hg-store-client ---
[INFO] Nothing to compile - all classes are up to date
[INFO] 
[INFO] --- maven-resources-plugin:3.1.0:testResources (default-testResources) @ hg-store-client ---
[INFO] Not copying test resources
[INFO] 
[INFO] --- maven-compiler-plugin:3.1:testCompile (default-testCompile) @ hg-store-client ---
[INFO] Not compiling test sources
[INFO] 
[INFO] --- maven-surefire-plugin:2.20:test (default-test) @ hg-store-client ---
[INFO] Tests are skipped.
[INFO] 
[INFO] --- maven-surefire-plugin:2.20:test (store-core-test) @ hg-store-client ---
[INFO] Tests are skipped.
[INFO] 
[INFO] ------------------< org.apache.hugegraph:hg-pd-core >-------------------
[INFO] Building hg-pd-core 1.7.0                                        [15/19]
[INFO] --------------------------------[ jar ]---------------------------------
[INFO] Downloading from central: https://repo.maven.apache.org/maven2/com/alipay/sofa/jraft-core/1.3.13/jraft-core-1.3.13.pom
[INFO] Downloaded from central: https://repo.maven.apache.org/maven2/com/alipay/sofa/jraft-core/1.3.13/jraft-core-1.3.13.pom (4.4 kB at 11 kB/s)
[INFO] Downloading from central: https://repo.maven.apache.org/maven2/com/alipay/sofa/jraft-parent/1.3.13/jraft-parent-1.3.13.pom
[INFO] Downloaded from central: https://repo.maven.apache.org/maven2/com/alipay/sofa/jraft-parent/1.3.13/jraft-parent-1.3.13.pom (23 kB at 61 kB/s)
[INFO] Downloading from central: https://repo.maven.apache.org/maven2/org/slf4j/slf4j-api/1.7.21/slf4j-api-1.7.21.pom
[INFO] Downloaded from central: https://repo.maven.apache.org/maven2/org/slf4j/slf4j-api/1.7.21/slf4j-api-1.7.21.pom (2.8 kB at 7.6 kB/s)
[INFO] Downloading from central: https://repo.maven.apache.org/maven2/org/slf4j/slf4j-parent/1.7.21/slf4j-parent-1.7.21.pom
[INFO] Downloaded from central: https://repo.maven.apache.org/maven2/org/slf4j/slf4j-parent/1.7.21/slf4j-parent-1.7.21.pom (14 kB at 36 kB/s)
[INFO] Downloading from central: https://repo.maven.apache.org/maven2/com/google/protobuf/protobuf-java/3.5.1/protobuf-java-3.5.1.pom
[INFO] Downloaded from central: https://repo.maven.apache.org/maven2/com/google/protobuf/protobuf-java/3.5.1/protobuf-java-3.5.1.pom (4.7 kB at 13 kB/s)
[INFO] Downloading from central: https://repo.maven.apache.org/maven2/com/google/protobuf/protobuf-parent/3.5.1/protobuf-parent-3.5.1.pom
[INFO] Downloaded from central: https://repo.maven.apache.org/maven2/com/google/protobuf/protobuf-parent/3.5.1/protobuf-parent-3.5.1.pom (6.8 kB at 18 kB/s)
[INFO] Downloading from central: https://repo.maven.apache.org/maven2/org/rocksdb/rocksdbjni/6.29.5/rocksdbjni-6.29.5.pom
[INFO] Downloaded from central: https://repo.maven.apache.org/maven2/org/rocksdb/rocksdbjni/6.29.5/rocksdbjni-6.29.5.pom (7.4 kB at 20 kB/s)
[INFO] Downloading from central: https://repo.maven.apache.org/maven2/org/springframework/spring-context/5.3.20/spring-context-5.3.20.pom
[INFO] Downloaded from central: https://repo.maven.apache.org/maven2/org/springframework/spring-context/5.3.20/spring-context-5.3.20.pom (2.6 kB at 7.0 kB/s)
[INFO] Downloading from central: https://repo.maven.apache.org/maven2/org/springframework/spring-aop/5.3.20/spring-aop-5.3.20.pom
[INFO] Downloaded from central: https://repo.maven.apache.org/maven2/org/springframework/spring-aop/5.3.20/spring-aop-5.3.20.pom (2.2 kB at 5.7 kB/s)
[INFO] Downloading from central: https://repo.maven.apache.org/maven2/org/springframework/spring-beans/5.3.20/spring-beans-5.3.20.pom
[INFO] Downloaded from central: https://repo.maven.apache.org/maven2/org/springframework/spring-beans/5.3.20/spring-beans-5.3.20.pom (2.0 kB at 5.1 kB/s)
[INFO] Downloading from central: https://repo.maven.apache.org/maven2/org/springframework/spring-core/5.3.20/spring-core-5.3.20.pom
[INFO] Downloaded from central: https://repo.maven.apache.org/maven2/org/springframework/spring-core/5.3.20/spring-core-5.3.20.pom (2.0 kB at 5.1 kB/s)
[INFO] Downloading from central: https://repo.maven.apache.org/maven2/org/springframework/spring-jcl/5.3.20/spring-jcl-5.3.20.pom
[INFO] Downloaded from central: https://repo.maven.apache.org/maven2/org/springframework/spring-jcl/5.3.20/spring-jcl-5.3.20.pom (1.8 kB at 4.6 kB/s)
[INFO] Downloading from central: https://repo.maven.apache.org/maven2/org/springframework/spring-expression/5.3.20/spring-expression-5.3.20.pom
[INFO] Downloaded from central: https://repo.maven.apache.org/maven2/org/springframework/spring-expression/5.3.20/spring-expression-5.3.20.pom (2.1 kB at 5.3 kB/s)
[INFO] Downloading from central: https://repo.maven.apache.org/maven2/org/springframework/boot/spring-boot/2.5.14/spring-boot-2.5.14.pom
[INFO] Downloaded from central: https://repo.maven.apache.org/maven2/org/springframework/boot/spring-boot/2.5.14/spring-boot-2.5.14.pom (2.2 kB at 5.4 kB/s)
[INFO] Downloading from central: https://repo.maven.apache.org/maven2/com/alipay/sofa/jraft-core/1.3.13/jraft-core-1.3.13.jar
[INFO] Downloading from central: https://repo.maven.apache.org/maven2/net/java/dev/jna/jna/5.5.0/jna-5.5.0.jar
[INFO] Downloading from central: https://repo.maven.apache.org/maven2/org/slf4j/slf4j-api/1.7.21/slf4j-api-1.7.21.jar
[INFO] Downloading from central: https://repo.maven.apache.org/maven2/com/google/protobuf/protobuf-java/3.5.1/protobuf-java-3.5.1.jar
[INFO] Downloading from central: https://repo.maven.apache.org/maven2/io/netty/netty-all/4.1.42.Final/netty-all-4.1.42.Final.jar
[INFO] Downloaded from central: https://repo.maven.apache.org/maven2/org/slf4j/slf4j-api/1.7.21/slf4j-api-1.7.21.jar (41 kB at 100 kB/s)
[INFO] Downloading from central: https://repo.maven.apache.org/maven2/org/rocksdb/rocksdbjni/6.29.5/rocksdbjni-6.29.5.jar
[INFO] Downloaded from central: https://repo.maven.apache.org/maven2/com/alipay/sofa/jraft-core/1.3.13/jraft-core-1.3.13.jar (1.3 MB at 2.2 MB/s)
[INFO] Downloading from central: https://repo.maven.apache.org/maven2/org/springframework/spring-context/5.3.20/spring-context-5.3.20.jar
[INFO] Downloaded from central: https://repo.maven.apache.org/maven2/com/google/protobuf/protobuf-java/3.5.1/protobuf-java-3.5.1.jar (1.4 MB)
[INFO] Downloading from central: https://repo.maven.apache.org/maven2/org/springframework/spring-aop/5.3.20/spring-aop-5.3.20.jar
[INFO] Downloaded from central: https://repo.maven.apache.org/maven2/net/java/dev/jna/jna/5.5.0/jna-5.5.0.jar (1.5 MB)
[INFO] Downloading from central: https://repo.maven.apache.org/maven2/org/springframework/spring-beans/5.3.20/spring-beans-5.3.20.jar
[INFO] Downloaded from central: https://repo.maven.apache.org/maven2/org/springframework/spring-context/5.3.20/spring-context-5.3.20.jar (1.3 MB)
[INFO] Downloading from central: https://repo.maven.apache.org/maven2/org/springframework/spring-core/5.3.20/spring-core-5.3.20.jar
[INFO] Downloaded from central: https://repo.maven.apache.org/maven2/org/springframework/spring-aop/5.3.20/spring-aop-5.3.20.jar (383 kB at 1.4 MB/s)
[INFO] Downloading from central: https://repo.maven.apache.org/maven2/org/springframework/spring-jcl/5.3.20/spring-jcl-5.3.20.jar
[INFO] Downloaded from central: https://repo.maven.apache.org/maven2/io/netty/netty-all/4.1.42.Final/netty-all-4.1.42.Final.jar (4.1 MB at 11 MB/s)
[INFO] Downloading from central: https://repo.maven.apache.org/maven2/org/springframework/spring-expression/5.3.20/spring-expression-5.3.20.jar
[INFO] Downloaded from central: https://repo.maven.apache.org/maven2/org/springframework/spring-core/5.3.20/spring-core-5.3.20.jar (1.5 MB at 2.7 MB/s)
[INFO] Downloading from central: https://repo.maven.apache.org/maven2/org/springframework/boot/spring-boot/2.5.14/spring-boot-2.5.14.jar
[INFO] Downloaded from central: https://repo.maven.apache.org/maven2/org/springframework/spring-beans/5.3.20/spring-beans-5.3.20.jar (699 kB at 692 kB/s)
[INFO] Downloaded from central: https://repo.maven.apache.org/maven2/org/springframework/spring-jcl/5.3.20/spring-jcl-5.3.20.jar (24 kB at 24 kB/s)
[INFO] Downloaded from central: https://repo.maven.apache.org/maven2/org/springframework/spring-expression/5.3.20/spring-expression-5.3.20.jar (289 kB at 267 kB/s)
[INFO] Downloaded from central: https://repo.maven.apache.org/maven2/org/springframework/boot/spring-boot/2.5.14/spring-boot-2.5.14.jar (1.4 MB at 998 kB/s)
[INFO] Downloaded from central: https://repo.maven.apache.org/maven2/org/rocksdb/rocksdbjni/6.29.5/rocksdbjni-6.29.5.jar (52 MB at 7.5 MB/s)
[INFO] 
[INFO] --- maven-enforcer-plugin:1.4.1:enforce (enforce-maven-version) @ hg-pd-core ---
[INFO] 
[INFO] --- apache-rat-plugin:0.13:check (license-check) @ hg-pd-core ---
[INFO] Enabled default license matchers.
[INFO] Will parse SCM ignores for exclusions...
[INFO] Finished adding exclusions from SCM ignore files.
[INFO] 62 implicit excludes (use -debug for more details).
[INFO] 44 explicit excludes (use -debug for more details).
[INFO] 48 resources included (use -debug for more details)
[INFO] Rat check: Summary over all files. Unapproved: 0, unknown: 0, generated: 0, approved: 48 licenses.
[INFO] 
[INFO] --- jacoco-maven-plugin:0.8.8:prepare-agent (default) @ hg-pd-core ---
[INFO] Skipping JaCoCo execution because property jacoco.skip is set.
[INFO] argLine set to empty
[INFO] 
[INFO] --- maven-remote-resources-plugin:3.3.0:process (process-resource-bundles) @ hg-pd-core ---
[INFO] Preparing remote bundle org.apache:apache-jar-resource-bundle:1.4
[INFO] Copying 3 resources from 1 bundle.
[WARNING] Failed to build parent project for org.apache.hugegraph:hugegraph-pd:pom:1.7.0
[WARNING] Failed to build parent project for org.apache.hugegraph:hugegraph-pd:pom:1.7.0
[INFO] 
[INFO] --- maven-resources-plugin:3.1.0:resources (default-resources) @ hg-pd-core ---
[INFO] Using 'UTF-8' encoding to copy filtered resources.
[INFO] skip non existing resourceDirectory /home/zy/code/hugegraph/hugegraph-pd/hg-pd-core/src/main/resources
[INFO] Copying 3 resources
[INFO] 
[INFO] --- flatten-maven-plugin:1.2.7:flatten (flatten) @ hg-pd-core ---
[INFO] Generating flattened POM of project org.apache.hugegraph:hg-pd-core:jar:1.7.0...
[INFO] 
[INFO] --- maven-compiler-plugin:3.1:compile (default-compile) @ hg-pd-core ---
[INFO] Nothing to compile - all classes are up to date
[INFO] 
[INFO] --- maven-resources-plugin:3.1.0:testResources (default-testResources) @ hg-pd-core ---
[INFO] Using 'UTF-8' encoding to copy filtered resources.
[INFO] skip non existing resourceDirectory /home/zy/code/hugegraph/hugegraph-pd/hg-pd-core/src/test/resources
[INFO] Copying 3 resources
[INFO] 
[INFO] --- maven-compiler-plugin:3.1:testCompile (default-testCompile) @ hg-pd-core ---
[INFO] No sources to compile
[INFO] 
[INFO] --- maven-surefire-plugin:2.20:test (default-test) @ hg-pd-core ---
[INFO] 
[INFO] --- maven-surefire-plugin:2.20:test (pd-common-test) @ hg-pd-core ---
[INFO] Skipping execution of surefire because it has already been run for this configuration
[INFO] 
[INFO] --- maven-surefire-plugin:2.20:test (pd-core-test) @ hg-pd-core ---
[INFO] Skipping execution of surefire because it has already been run for this configuration
[INFO] 
[INFO] --- maven-surefire-plugin:2.20:test (pd-client-test) @ hg-pd-core ---
[INFO] Skipping execution of surefire because it has already been run for this configuration
[INFO] 
[INFO] --- maven-surefire-plugin:2.20:test (pd-rest-test) @ hg-pd-core ---
[INFO] Skipping execution of surefire because it has already been run for this configuration
[INFO] 
[INFO] ---------------< org.apache.hugegraph:hg-store-rocksdb >----------------
[INFO] Building hg-store-rocksdb 1.7.0                                  [16/19]
[INFO] --------------------------------[ jar ]---------------------------------
[INFO] Downloading from central: https://repo.maven.apache.org/maven2/org/rocksdb/rocksdbjni/7.7.3/rocksdbjni-7.7.3.pom
[INFO] Downloaded from central: https://repo.maven.apache.org/maven2/org/rocksdb/rocksdbjni/7.7.3/rocksdbjni-7.7.3.pom (7.4 kB at 19 kB/s)
[INFO] Downloading from central: https://repo.maven.apache.org/maven2/com/alibaba/fastjson/1.2.83/fastjson-1.2.83.pom
[INFO] Downloaded from central: https://repo.maven.apache.org/maven2/com/alibaba/fastjson/1.2.83/fastjson-1.2.83.pom (11 kB at 27 kB/s)
[INFO] Downloading from central: https://repo.maven.apache.org/maven2/org/rocksdb/rocksdbjni/7.7.3/rocksdbjni-7.7.3.jar
[INFO] Downloading from central: https://repo.maven.apache.org/maven2/com/alibaba/fastjson/1.2.83/fastjson-1.2.83.jar
[INFO] Downloaded from central: https://repo.maven.apache.org/maven2/com/alibaba/fastjson/1.2.83/fastjson-1.2.83.jar (672 kB at 790 kB/s)
[INFO] Downloaded from central: https://repo.maven.apache.org/maven2/org/rocksdb/rocksdbjni/7.7.3/rocksdbjni-7.7.3.jar (58 MB at 5.5 MB/s)
[INFO] 
[INFO] --- maven-enforcer-plugin:1.4.1:enforce (enforce-maven-version) @ hg-store-rocksdb ---
[INFO] 
[INFO] --- apache-rat-plugin:0.13:check (license-check) @ hg-store-rocksdb ---
[INFO] Enabled default license matchers.
[INFO] Will parse SCM ignores for exclusions...
[INFO] Finished adding exclusions from SCM ignore files.
[INFO] 62 implicit excludes (use -debug for more details).
[INFO] 44 explicit excludes (use -debug for more details).
[INFO] 18 resources included (use -debug for more details)
[INFO] Rat check: Summary over all files. Unapproved: 0, unknown: 0, generated: 0, approved: 18 licenses.
[INFO] 
[INFO] --- jacoco-maven-plugin:0.8.8:prepare-agent (default) @ hg-store-rocksdb ---
[INFO] Skipping JaCoCo execution because property jacoco.skip is set.
[INFO] argLine set to empty
[INFO] 
[INFO] --- maven-remote-resources-plugin:3.3.0:process (process-resource-bundles) @ hg-store-rocksdb ---
[INFO] Preparing remote bundle org.apache:apache-jar-resource-bundle:1.4
[INFO] Copying 3 resources from 1 bundle.
[WARNING] Failed to build parent project for org.apache.hugegraph:hugegraph-commons:pom:1.7.0
[WARNING] Failed to build parent project for org.apache.hugegraph:hugegraph-store:pom:1.7.0
[WARNING] Failed to build parent project for org.apache.hugegraph:hugegraph-pd:pom:1.7.0
[WARNING] Failed to build parent project for org.apache.hugegraph:hugegraph-pd:pom:1.7.0
[WARNING] Failed to build parent project for org.apache.hugegraph:hugegraph-pd:pom:1.7.0
[INFO] 
[INFO] --- maven-resources-plugin:3.1.0:resources (default-resources) @ hg-store-rocksdb ---
[INFO] Using 'UTF-8' encoding to copy filtered resources.
[INFO] skip non existing resourceDirectory /home/zy/code/hugegraph/hugegraph-store/hg-store-rocksdb/src/main/resources
[INFO] Copying 3 resources
[INFO] 
[INFO] --- flatten-maven-plugin:1.2.7:flatten (flatten) @ hg-store-rocksdb ---
[INFO] Generating flattened POM of project org.apache.hugegraph:hg-store-rocksdb:jar:1.7.0...
[INFO] 
[INFO] --- maven-compiler-plugin:3.1:compile (default-compile) @ hg-store-rocksdb ---
[INFO] Nothing to compile - all classes are up to date
[INFO] 
[INFO] --- maven-resources-plugin:3.1.0:testResources (default-testResources) @ hg-store-rocksdb ---
[INFO] Using 'UTF-8' encoding to copy filtered resources.
[INFO] Copying 3 resources
[INFO] Copying 3 resources
[INFO] 
[INFO] --- maven-compiler-plugin:3.1:testCompile (default-testCompile) @ hg-store-rocksdb ---
[INFO] Nothing to compile - all classes are up to date
[INFO] 
[INFO] --- maven-surefire-plugin:2.20:test (default-test) @ hg-store-rocksdb ---
[INFO] 
[INFO] -------------------------------------------------------
[INFO]  T E S T S
[INFO] -------------------------------------------------------
[INFO] 
[INFO] Results:
[INFO] 
[INFO] Tests run: 0, Failures: 0, Errors: 0, Skipped: 0
[INFO] 
[INFO] 
[INFO] --- maven-surefire-plugin:2.20:test (store-core-test) @ hg-store-rocksdb ---
[INFO] Skipping execution of surefire because it has already been run for this configuration
[INFO] 
[INFO] -----------------< org.apache.hugegraph:hg-store-core >-----------------
[INFO] Building hg-store-core 1.7.0                                     [17/19]
[INFO] --------------------------------[ jar ]---------------------------------
[INFO] Downloading from central: https://repo.maven.apache.org/maven2/org/json/json/20240303/json-20240303.pom
[INFO] Downloaded from central: https://repo.maven.apache.org/maven2/org/json/json/20240303/json-20240303.pom (7.7 kB at 20 kB/s)
[INFO] Downloading from central: https://repo.maven.apache.org/maven2/net/java/dev/jna/jna/5.7.0/jna-5.7.0.pom
[INFO] Downloaded from central: https://repo.maven.apache.org/maven2/net/java/dev/jna/jna/5.7.0/jna-5.7.0.pom (1.6 kB at 4.2 kB/s)
[INFO] Downloading from central: https://repo.maven.apache.org/maven2/io/protostuff/protostuff-core/1.6.0/protostuff-core-1.6.0.pom
[INFO] Downloaded from central: https://repo.maven.apache.org/maven2/io/protostuff/protostuff-core/1.6.0/protostuff-core-1.6.0.pom (860 B at 2.4 kB/s)
[INFO] Downloading from central: https://repo.maven.apache.org/maven2/io/protostuff/protostuff/1.6.0/protostuff-1.6.0.pom
[INFO] Downloaded from central: https://repo.maven.apache.org/maven2/io/protostuff/protostuff/1.6.0/protostuff-1.6.0.pom (15 kB at 41 kB/s)
[INFO] Downloading from central: https://repo.maven.apache.org/maven2/io/protostuff/protostuff-api/1.6.0/protostuff-api-1.6.0.pom
[INFO] Downloaded from central: https://repo.maven.apache.org/maven2/io/protostuff/protostuff-api/1.6.0/protostuff-api-1.6.0.pom (681 B at 1.9 kB/s)
[INFO] Downloading from central: https://repo.maven.apache.org/maven2/io/protostuff/protostuff-runtime/1.6.0/protostuff-runtime-1.6.0.pom
[INFO] Downloaded from central: https://repo.maven.apache.org/maven2/io/protostuff/protostuff-runtime/1.6.0/protostuff-runtime-1.6.0.pom (2.0 kB at 5.4 kB/s)
[INFO] Downloading from central: https://repo.maven.apache.org/maven2/io/protostuff/protostuff-collectionschema/1.6.0/protostuff-collectionschema-1.6.0.pom
[INFO] Downloaded from central: https://repo.maven.apache.org/maven2/io/protostuff/protostuff-collectionschema/1.6.0/protostuff-collectionschema-1.6.0.pom (1.4 kB at 3.8 kB/s)
[INFO] Downloading from central: https://repo.maven.apache.org/maven2/org/javassist/javassist/3.25.0-GA/javassist-3.25.0-GA.pom
[INFO] Downloaded from central: https://repo.maven.apache.org/maven2/org/javassist/javassist/3.25.0-GA/javassist-3.25.0-GA.pom (11 kB at 30 kB/s)
[INFO] Downloading from central: https://repo.maven.apache.org/maven2/io/grpc/grpc-netty/1.39.0/grpc-netty-1.39.0.pom
[INFO] Downloaded from central: https://repo.maven.apache.org/maven2/io/grpc/grpc-netty/1.39.0/grpc-netty-1.39.0.pom (2.3 kB at 6.4 kB/s)
[INFO] Downloading from central: https://repo.maven.apache.org/maven2/io/netty/netty-codec-http2/4.1.52.Final/netty-codec-http2-4.1.52.Final.pom
[INFO] Downloaded from central: https://repo.maven.apache.org/maven2/io/netty/netty-codec-http2/4.1.52.Final/netty-codec-http2-4.1.52.Final.pom (2.7 kB at 6.8 kB/s)
[INFO] Downloading from central: https://repo.maven.apache.org/maven2/io/netty/netty-parent/4.1.52.Final/netty-parent-4.1.52.Final.pom
[INFO] Downloaded from central: https://repo.maven.apache.org/maven2/io/netty/netty-parent/4.1.52.Final/netty-parent-4.1.52.Final.pom (58 kB at 142 kB/s)
[INFO] Downloading from central: https://repo.maven.apache.org/maven2/io/netty/netty-common/4.1.52.Final/netty-common-4.1.52.Final.pom
[INFO] Downloaded from central: https://repo.maven.apache.org/maven2/io/netty/netty-common/4.1.52.Final/netty-common-4.1.52.Final.pom (10 kB at 27 kB/s)
[INFO] Downloading from central: https://repo.maven.apache.org/maven2/io/netty/netty-buffer/4.1.52.Final/netty-buffer-4.1.52.Final.pom
[INFO] Downloaded from central: https://repo.maven.apache.org/maven2/io/netty/netty-buffer/4.1.52.Final/netty-buffer-4.1.52.Final.pom (1.6 kB at 3.9 kB/s)
[INFO] Downloading from central: https://repo.maven.apache.org/maven2/io/netty/netty-transport/4.1.52.Final/netty-transport-4.1.52.Final.pom
[INFO] Downloaded from central: https://repo.maven.apache.org/maven2/io/netty/netty-transport/4.1.52.Final/netty-transport-4.1.52.Final.pom (1.9 kB at 4.9 kB/s)
[INFO] Downloading from central: https://repo.maven.apache.org/maven2/io/netty/netty-resolver/4.1.52.Final/netty-resolver-4.1.52.Final.pom
[INFO] Downloaded from central: https://repo.maven.apache.org/maven2/io/netty/netty-resolver/4.1.52.Final/netty-resolver-4.1.52.Final.pom (1.6 kB at 4.0 kB/s)
[INFO] Downloading from central: https://repo.maven.apache.org/maven2/io/netty/netty-codec/4.1.52.Final/netty-codec-4.1.52.Final.pom
[INFO] Downloaded from central: https://repo.maven.apache.org/maven2/io/netty/netty-codec/4.1.52.Final/netty-codec-4.1.52.Final.pom (3.6 kB at 9.2 kB/s)
[INFO] Downloading from central: https://repo.maven.apache.org/maven2/io/netty/netty-handler/4.1.52.Final/netty-handler-4.1.52.Final.pom
[INFO] Downloaded from central: https://repo.maven.apache.org/maven2/io/netty/netty-handler/4.1.52.Final/netty-handler-4.1.52.Final.pom (3.6 kB at 4.6 kB/s)
[INFO] Downloading from central: https://repo.maven.apache.org/maven2/io/netty/netty-codec-http/4.1.52.Final/netty-codec-http-4.1.52.Final.pom
[INFO] Downloaded from central: https://repo.maven.apache.org/maven2/io/netty/netty-codec-http/4.1.52.Final/netty-codec-http-4.1.52.Final.pom (2.4 kB at 6.0 kB/s)
[INFO] Downloading from central: https://repo.maven.apache.org/maven2/io/netty/netty-handler-proxy/4.1.52.Final/netty-handler-proxy-4.1.52.Final.pom
[INFO] Downloaded from central: https://repo.maven.apache.org/maven2/io/netty/netty-handler-proxy/4.1.52.Final/netty-handler-proxy-4.1.52.Final.pom (2.8 kB at 6.9 kB/s)
[INFO] Downloading from central: https://repo.maven.apache.org/maven2/io/netty/netty-codec-socks/4.1.52.Final/netty-codec-socks-4.1.52.Final.pom
[INFO] Downloaded from central: https://repo.maven.apache.org/maven2/io/netty/netty-codec-socks/4.1.52.Final/netty-codec-socks-4.1.52.Final.pom (2.0 kB at 5.1 kB/s)
[INFO] Downloading from central: https://repo.maven.apache.org/maven2/org/roaringbitmap/RoaringBitmap/0.9.38/RoaringBitmap-0.9.38.pom
[INFO] Downloaded from central: https://repo.maven.apache.org/maven2/org/roaringbitmap/RoaringBitmap/0.9.38/RoaringBitmap-0.9.38.pom (2.3 kB at 6.3 kB/s)
[INFO] Downloading from central: https://repo.maven.apache.org/maven2/org/roaringbitmap/shims/0.9.38/shims-0.9.38.pom
[INFO] Downloaded from central: https://repo.maven.apache.org/maven2/org/roaringbitmap/shims/0.9.38/shims-0.9.38.pom (2.1 kB at 5.6 kB/s)
[INFO] Downloading from central: https://repo.maven.apache.org/maven2/org/json/json/20240303/json-20240303.jar
[INFO] Downloading from central: https://repo.maven.apache.org/maven2/net/java/dev/jna/jna/5.7.0/jna-5.7.0.jar
[INFO] Downloading from central: https://repo.maven.apache.org/maven2/io/protostuff/protostuff-api/1.6.0/protostuff-api-1.6.0.jar
[INFO] Downloading from central: https://repo.maven.apache.org/maven2/io/protostuff/protostuff-core/1.6.0/protostuff-core-1.6.0.jar
[INFO] Downloading from central: https://repo.maven.apache.org/maven2/io/protostuff/protostuff-runtime/1.6.0/protostuff-runtime-1.6.0.jar
[INFO] Downloaded from central: https://repo.maven.apache.org/maven2/org/json/json/20240303/json-20240303.jar (78 kB at 211 kB/s)
[INFO] Downloading from central: https://repo.maven.apache.org/maven2/io/protostuff/protostuff-collectionschema/1.6.0/protostuff-collectionschema-1.6.0.jar
[INFO] Downloaded from central: https://repo.maven.apache.org/maven2/io/protostuff/protostuff-api/1.6.0/protostuff-api-1.6.0.jar (59 kB at 158 kB/s)
[INFO] Downloading from central: https://repo.maven.apache.org/maven2/org/yaml/snakeyaml/1.26/snakeyaml-1.26.jar
[INFO] Downloaded from central: https://repo.maven.apache.org/maven2/io/protostuff/protostuff-collectionschema/1.6.0/protostuff-collectionschema-1.6.0.jar (52 kB at 71 kB/s)
[INFO] Downloading from central: https://repo.maven.apache.org/maven2/io/grpc/grpc-netty/1.39.0/grpc-netty-1.39.0.jar
[INFO] Downloaded from central: https://repo.maven.apache.org/maven2/org/yaml/snakeyaml/1.26/snakeyaml-1.26.jar (309 kB at 415 kB/s)
[INFO] Downloading from central: https://repo.maven.apache.org/maven2/io/netty/netty-codec-http2/4.1.52.Final/netty-codec-http2-4.1.52.Final.jar
[INFO] Downloaded from central: https://repo.maven.apache.org/maven2/io/protostuff/protostuff-core/1.6.0/protostuff-core-1.6.0.jar (65 kB at 83 kB/s)
[INFO] Downloading from central: https://repo.maven.apache.org/maven2/io/netty/netty-common/4.1.52.Final/netty-common-4.1.52.Final.jar
[INFO] Downloaded from central: https://repo.maven.apache.org/maven2/io/protostuff/protostuff-runtime/1.6.0/protostuff-runtime-1.6.0.jar (433 kB at 484 kB/s)
[INFO] Downloading from central: https://repo.maven.apache.org/maven2/io/netty/netty-buffer/4.1.52.Final/netty-buffer-4.1.52.Final.jar
[INFO] Downloaded from central: https://repo.maven.apache.org/maven2/net/java/dev/jna/jna/5.7.0/jna-5.7.0.jar (1.7 MB at 1.7 MB/s)
[INFO] Downloading from central: https://repo.maven.apache.org/maven2/io/netty/netty-transport/4.1.52.Final/netty-transport-4.1.52.Final.jar
[INFO] Downloaded from central: https://repo.maven.apache.org/maven2/io/netty/netty-codec-http2/4.1.52.Final/netty-codec-http2-4.1.52.Final.jar (457 kB at 404 kB/s)
[INFO] Downloading from central: https://repo.maven.apache.org/maven2/io/netty/netty-resolver/4.1.52.Final/netty-resolver-4.1.52.Final.jar
[INFO] Downloaded from central: https://repo.maven.apache.org/maven2/io/netty/netty-common/4.1.52.Final/netty-common-4.1.52.Final.jar (638 kB at 552 kB/s)
[INFO] Downloading from central: https://repo.maven.apache.org/maven2/io/netty/netty-codec/4.1.52.Final/netty-codec-4.1.52.Final.jar
[INFO] Downloaded from central: https://repo.maven.apache.org/maven2/io/netty/netty-buffer/4.1.52.Final/netty-buffer-4.1.52.Final.jar (294 kB at 225 kB/s)
[INFO] Downloading from central: https://repo.maven.apache.org/maven2/io/netty/netty-handler/4.1.52.Final/netty-handler-4.1.52.Final.jar
[INFO] Downloaded from central: https://repo.maven.apache.org/maven2/io/netty/netty-transport/4.1.52.Final/netty-transport-4.1.52.Final.jar (474 kB at 333 kB/s)
[INFO] Downloading from central: https://repo.maven.apache.org/maven2/io/netty/netty-codec-http/4.1.52.Final/netty-codec-http-4.1.52.Final.jar
[INFO] Downloaded from central: https://repo.maven.apache.org/maven2/io/grpc/grpc-netty/1.39.0/grpc-netty-1.39.0.jar (280 kB at 190 kB/s)
[INFO] Downloading from central: https://repo.maven.apache.org/maven2/io/netty/netty-handler-proxy/4.1.52.Final/netty-handler-proxy-4.1.52.Final.jar
[INFO] Downloaded from central: https://repo.maven.apache.org/maven2/io/netty/netty-resolver/4.1.52.Final/netty-resolver-4.1.52.Final.jar (33 kB at 22 kB/s)
[INFO] Downloading from central: https://repo.maven.apache.org/maven2/io/netty/netty-codec-socks/4.1.52.Final/netty-codec-socks-4.1.52.Final.jar
[INFO] Downloaded from central: https://repo.maven.apache.org/maven2/io/netty/netty-codec/4.1.52.Final/netty-codec-4.1.52.Final.jar (320 kB at 212 kB/s)
[INFO] Downloading from central: https://repo.maven.apache.org/maven2/org/roaringbitmap/RoaringBitmap/0.9.38/RoaringBitmap-0.9.38.jar
[INFO] Downloaded from central: https://repo.maven.apache.org/maven2/io/netty/netty-codec-socks/4.1.52.Final/netty-codec-socks-4.1.52.Final.jar (119 kB at 64 kB/s)
[INFO] Downloading from central: https://repo.maven.apache.org/maven2/org/roaringbitmap/shims/0.9.38/shims-0.9.38.jar
[INFO] Downloaded from central: https://repo.maven.apache.org/maven2/org/roaringbitmap/RoaringBitmap/0.9.38/RoaringBitmap-0.9.38.jar (439 kB at 235 kB/s)
[INFO] Downloaded from central: https://repo.maven.apache.org/maven2/io/netty/netty-handler/4.1.52.Final/netty-handler-4.1.52.Final.jar (461 kB at 222 kB/s)
[INFO] Downloaded from central: https://repo.maven.apache.org/maven2/io/netty/netty-codec-http/4.1.52.Final/netty-codec-http-4.1.52.Final.jar (618 kB at 283 kB/s)
[INFO] Downloaded from central: https://repo.maven.apache.org/maven2/io/netty/netty-handler-proxy/4.1.52.Final/netty-handler-proxy-4.1.52.Final.jar (24 kB at 11 kB/s)
[INFO] Downloaded from central: https://repo.maven.apache.org/maven2/org/roaringbitmap/shims/0.9.38/shims-0.9.38.jar (2.5 kB at 1.1 kB/s)
[INFO] 
[INFO] --- maven-enforcer-plugin:1.4.1:enforce (enforce-maven-version) @ hg-store-core ---
[INFO] 
[INFO] --- apache-rat-plugin:0.13:check (license-check) @ hg-store-core ---
[INFO] Enabled default license matchers.
[INFO] Will parse SCM ignores for exclusions...
[INFO] Finished adding exclusions from SCM ignore files.
[INFO] 62 implicit excludes (use -debug for more details).
[INFO] 44 explicit excludes (use -debug for more details).
[INFO] 131 resources included (use -debug for more details)
[INFO] Rat check: Summary over all files. Unapproved: 0, unknown: 0, generated: 0, approved: 131 licenses.
[INFO] 
[INFO] --- jacoco-maven-plugin:0.8.8:prepare-agent (default) @ hg-store-core ---
[INFO] Skipping JaCoCo execution because property jacoco.skip is set.
[INFO] argLine set to empty
[INFO] 
[INFO] --- maven-remote-resources-plugin:3.3.0:process (process-resource-bundles) @ hg-store-core ---
[INFO] Preparing remote bundle org.apache:apache-jar-resource-bundle:1.4
[INFO] Copying 3 resources from 1 bundle.
[WARNING] Failed to build parent project for org.apache.hugegraph:hugegraph-commons:pom:1.7.0
[WARNING] Failed to build parent project for org.apache.hugegraph:hugegraph-store:pom:1.7.0
[WARNING] Failed to build parent project for org.apache.hugegraph:hugegraph-pd:pom:1.7.0
[WARNING] Failed to build parent project for org.apache.hugegraph:hugegraph-pd:pom:1.7.0
[WARNING] Failed to build parent project for org.apache.hugegraph:hugegraph-pd:pom:1.7.0
[WARNING] Failed to build parent project for org.apache.hugegraph:hugegraph-server:pom:1.7.0
[WARNING] Failed to build parent project for org.apache.hugegraph:hugegraph-store:pom:1.7.0
[WARNING] Failed to build parent project for org.apache.hugegraph:hugegraph-store:pom:1.7.0
[WARNING] Failed to build parent project for org.apache.hugegraph:hugegraph-pd:pom:1.7.0
[INFO] 
[INFO] --- maven-resources-plugin:3.1.0:resources (default-resources) @ hg-store-core ---
[INFO] Using 'UTF-8' encoding to copy filtered resources.
[INFO] Copying 1 resource
[INFO] Copying 3 resources
[INFO] 
[INFO] --- flatten-maven-plugin:1.2.7:flatten (flatten) @ hg-store-core ---
[INFO] Generating flattened POM of project org.apache.hugegraph:hg-store-core:jar:1.7.0...
[INFO] 
[INFO] --- maven-resources-plugin:3.1.0:copy-resources (generate-version) @ hg-store-core ---
[INFO] Using 'UTF-8' encoding to copy filtered resources.
[INFO] Copying 1 resource
[INFO] 
[INFO] --- maven-compiler-plugin:3.1:compile (default-compile) @ hg-store-core ---
[INFO] Nothing to compile - all classes are up to date
[INFO] 
[INFO] --- maven-resources-plugin:3.1.0:testResources (default-testResources) @ hg-store-core ---
[INFO] Using 'UTF-8' encoding to copy filtered resources.
[INFO] skip non existing resourceDirectory /home/zy/code/hugegraph/hugegraph-store/hg-store-core/src/test/resources
[INFO] Copying 3 resources
[INFO] 
[INFO] --- maven-compiler-plugin:3.1:testCompile (default-testCompile) @ hg-store-core ---
[INFO] No sources to compile
[INFO] 
[INFO] --- maven-surefire-plugin:2.20:test (default-test) @ hg-store-core ---
[INFO] 
[INFO] --- maven-surefire-plugin:2.20:test (store-core-test) @ hg-store-core ---
[INFO] Skipping execution of surefire because it has already been run for this configuration
[INFO] 
[INFO] -----------------< org.apache.hugegraph:hg-store-node >-----------------
[INFO] Building hg-store-node 1.7.0                                     [18/19]
[INFO] --------------------------------[ jar ]---------------------------------
[INFO] Downloading from central: https://repo.maven.apache.org/maven2/org/springframework/boot/spring-boot-maven-plugin/2.7.1/spring-boot-maven-plugin-2.7.1.pom
[INFO] Downloaded from central: https://repo.maven.apache.org/maven2/org/springframework/boot/spring-boot-maven-plugin/2.7.1/spring-boot-maven-plugin-2.7.1.pom (3.1 kB at 8.1 kB/s)
[INFO] Downloading from central: https://repo.maven.apache.org/maven2/org/springframework/boot/spring-boot-maven-plugin/2.7.1/spring-boot-maven-plugin-2.7.1.jar
[INFO] Downloaded from central: https://repo.maven.apache.org/maven2/org/springframework/boot/spring-boot-maven-plugin/2.7.1/spring-boot-maven-plugin-2.7.1.jar (107 kB at 261 kB/s)
[INFO] Downloading from central: https://repo.maven.apache.org/maven2/org/springframework/boot/spring-boot-starter/2.5.14/spring-boot-starter-2.5.14.pom
[INFO] Downloaded from central: https://repo.maven.apache.org/maven2/org/springframework/boot/spring-boot-starter/2.5.14/spring-boot-starter-2.5.14.pom (3.1 kB)
[INFO] Downloading from central: https://repo.maven.apache.org/maven2/org/springframework/boot/spring-boot-autoconfigure/2.5.14/spring-boot-autoconfigure-2.5.14.pom
[INFO] Downloaded from central: https://repo.maven.apache.org/maven2/org/springframework/boot/spring-boot-autoconfigure/2.5.14/spring-boot-autoconfigure-2.5.14.pom (2.1 kB at 5.1 kB/s)
[INFO] Downloading from central: https://repo.maven.apache.org/maven2/jakarta/annotation/jakarta.annotation-api/1.3.5/jakarta.annotation-api-1.3.5.pom
[INFO] Downloaded from central: https://repo.maven.apache.org/maven2/jakarta/annotation/jakarta.annotation-api/1.3.5/jakarta.annotation-api-1.3.5.pom (16 kB at 40 kB/s)
[INFO] Downloading from central: https://repo.maven.apache.org/maven2/jakarta/annotation/ca-parent/1.3.5/ca-parent-1.3.5.pom
[INFO] Downloaded from central: https://repo.maven.apache.org/maven2/jakarta/annotation/ca-parent/1.3.5/ca-parent-1.3.5.pom (2.8 kB at 7.3 kB/s)
[INFO] Downloading from central: https://repo.maven.apache.org/maven2/org/springframework/boot/spring-boot-starter-actuator/2.5.14/spring-boot-starter-actuator-2.5.14.pom
[INFO] Downloaded from central: https://repo.maven.apache.org/maven2/org/springframework/boot/spring-boot-starter-actuator/2.5.14/spring-boot-starter-actuator-2.5.14.pom (2.6 kB at 6.8 kB/s)
[INFO] Downloading from central: https://repo.maven.apache.org/maven2/org/springframework/boot/spring-boot-starter-logging/2.5.14/spring-boot-starter-logging-2.5.14.pom
[INFO] Downloaded from central: https://repo.maven.apache.org/maven2/org/springframework/boot/spring-boot-starter-logging/2.5.14/spring-boot-starter-logging-2.5.14.pom (2.5 kB at 6.3 kB/s)
[INFO] Downloading from central: https://repo.maven.apache.org/maven2/ch/qos/logback/logback-classic/1.2.11/logback-classic-1.2.11.pom
[INFO] Downloaded from central: https://repo.maven.apache.org/maven2/ch/qos/logback/logback-classic/1.2.11/logback-classic-1.2.11.pom (9.7 kB at 25 kB/s)
[INFO] Downloading from central: https://repo.maven.apache.org/maven2/ch/qos/logback/logback-parent/1.2.11/logback-parent-1.2.11.pom
[INFO] Downloaded from central: https://repo.maven.apache.org/maven2/ch/qos/logback/logback-parent/1.2.11/logback-parent-1.2.11.pom (19 kB at 49 kB/s)
[INFO] Downloading from central: https://repo.maven.apache.org/maven2/ch/qos/logback/logback-core/1.2.11/logback-core-1.2.11.pom
[INFO] Downloaded from central: https://repo.maven.apache.org/maven2/ch/qos/logback/logback-core/1.2.11/logback-core-1.2.11.pom (4.2 kB at 10 kB/s)
[INFO] Downloading from central: https://repo.maven.apache.org/maven2/org/apache/logging/log4j/log4j-to-slf4j/2.17.2/log4j-to-slf4j-2.17.2.pom
[INFO] Downloaded from central: https://repo.maven.apache.org/maven2/org/apache/logging/log4j/log4j-to-slf4j/2.17.2/log4j-to-slf4j-2.17.2.pom (7.3 kB at 7.5 kB/s)
[INFO] Downloading from central: https://repo.maven.apache.org/maven2/org/apache/logging/log4j/log4j/2.17.2/log4j-2.17.2.pom
[INFO] Downloaded from central: https://repo.maven.apache.org/maven2/org/apache/logging/log4j/log4j/2.17.2/log4j-2.17.2.pom (73 kB at 187 kB/s)
[INFO] Downloading from central: https://repo.maven.apache.org/maven2/org/slf4j/slf4j-api/1.7.35/slf4j-api-1.7.35.pom
[INFO] Downloaded from central: https://repo.maven.apache.org/maven2/org/slf4j/slf4j-api/1.7.35/slf4j-api-1.7.35.pom (3.8 kB at 10 kB/s)
[INFO] Downloading from central: https://repo.maven.apache.org/maven2/org/slf4j/slf4j-parent/1.7.35/slf4j-parent-1.7.35.pom
[INFO] Downloaded from central: https://repo.maven.apache.org/maven2/org/slf4j/slf4j-parent/1.7.35/slf4j-parent-1.7.35.pom (14 kB at 38 kB/s)
[INFO] Downloading from central: https://repo.maven.apache.org/maven2/org/apache/logging/log4j/log4j-api/2.17.2/log4j-api-2.17.2.pom
[INFO] Downloaded from central: https://repo.maven.apache.org/maven2/org/apache/logging/log4j/log4j-api/2.17.2/log4j-api-2.17.2.pom (14 kB at 37 kB/s)
[INFO] Downloading from central: https://repo.maven.apache.org/maven2/org/slf4j/jul-to-slf4j/1.7.36/jul-to-slf4j-1.7.36.pom
[INFO] Downloaded from central: https://repo.maven.apache.org/maven2/org/slf4j/jul-to-slf4j/1.7.36/jul-to-slf4j-1.7.36.pom (991 B at 2.8 kB/s)
[INFO] Downloading from central: https://repo.maven.apache.org/maven2/org/springframework/boot/spring-boot-actuator-autoconfigure/2.5.14/spring-boot-actuator-autoconfigure-2.5.14.pom
[INFO] Downloaded from central: https://repo.maven.apache.org/maven2/org/springframework/boot/spring-boot-actuator-autoconfigure/2.5.14/spring-boot-actuator-autoconfigure-2.5.14.pom (2.9 kB at 8.0 kB/s)
[INFO] Downloading from central: https://repo.maven.apache.org/maven2/org/springframework/boot/spring-boot-actuator/2.5.14/spring-boot-actuator-2.5.14.pom
[INFO] Downloaded from central: https://repo.maven.apache.org/maven2/org/springframework/boot/spring-boot-actuator/2.5.14/spring-boot-actuator-2.5.14.pom (2.1 kB at 5.5 kB/s)
[INFO] Downloading from central: https://repo.maven.apache.org/maven2/com/fasterxml/jackson/datatype/jackson-datatype-jsr310/2.12.6/jackson-datatype-jsr310-2.12.6.pom
[INFO] Downloaded from central: https://repo.maven.apache.org/maven2/com/fasterxml/jackson/datatype/jackson-datatype-jsr310/2.12.6/jackson-datatype-jsr310-2.12.6.pom (4.9 kB at 13 kB/s)
[INFO] Downloading from central: https://repo.maven.apache.org/maven2/com/fasterxml/jackson/module/jackson-modules-java8/2.12.6/jackson-modules-java8-2.12.6.pom
[INFO] Downloaded from central: https://repo.maven.apache.org/maven2/com/fasterxml/jackson/module/jackson-modules-java8/2.12.6/jackson-modules-java8-2.12.6.pom (3.4 kB at 9.4 kB/s)
[INFO] Downloading from central: https://repo.maven.apache.org/maven2/com/fasterxml/jackson/core/jackson-databind/2.12.6/jackson-databind-2.12.6.pom
[INFO] Downloaded from central: https://repo.maven.apache.org/maven2/com/fasterxml/jackson/core/jackson-databind/2.12.6/jackson-databind-2.12.6.pom (15 kB at 39 kB/s)
[INFO] Downloading from central: https://repo.maven.apache.org/maven2/io/micrometer/micrometer-core/1.7.12/micrometer-core-1.7.12.pom
[INFO] Downloaded from central: https://repo.maven.apache.org/maven2/io/micrometer/micrometer-core/1.7.12/micrometer-core-1.7.12.pom (8.8 kB at 24 kB/s)
[INFO] Downloading from central: https://repo.maven.apache.org/maven2/org/hdrhistogram/HdrHistogram/2.1.12/HdrHistogram-2.1.12.pom
[INFO] Downloaded from central: https://repo.maven.apache.org/maven2/org/hdrhistogram/HdrHistogram/2.1.12/HdrHistogram-2.1.12.pom (11 kB at 15 kB/s)
[INFO] Downloading from central: https://repo.maven.apache.org/maven2/org/latencyutils/LatencyUtils/2.0.3/LatencyUtils-2.0.3.pom
[INFO] Downloaded from central: https://repo.maven.apache.org/maven2/org/latencyutils/LatencyUtils/2.0.3/LatencyUtils-2.0.3.pom (7.2 kB at 13 kB/s)
[INFO] Downloading from central: https://repo.maven.apache.org/maven2/io/micrometer/micrometer-registry-prometheus/1.7.12/micrometer-registry-prometheus-1.7.12.pom
[INFO] Downloaded from central: https://repo.maven.apache.org/maven2/io/micrometer/micrometer-registry-prometheus/1.7.12/micrometer-registry-prometheus-1.7.12.pom (3.5 kB at 4.5 kB/s)
[INFO] Downloading from central: https://repo.maven.apache.org/maven2/io/prometheus/simpleclient_common/0.10.0/simpleclient_common-0.10.0.pom
[INFO] Downloaded from central: https://repo.maven.apache.org/maven2/io/prometheus/simpleclient_common/0.10.0/simpleclient_common-0.10.0.pom (1.6 kB at 3.7 kB/s)
[INFO] Downloading from central: https://repo.maven.apache.org/maven2/io/prometheus/parent/0.10.0/parent-0.10.0.pom
[INFO] Downloaded from central: https://repo.maven.apache.org/maven2/io/prometheus/parent/0.10.0/parent-0.10.0.pom (7.5 kB at 15 kB/s)
[INFO] Downloading from central: https://repo.maven.apache.org/maven2/io/prometheus/simpleclient/0.10.0/simpleclient-0.10.0.pom
[INFO] Downloaded from central: https://repo.maven.apache.org/maven2/io/prometheus/simpleclient/0.10.0/simpleclient-0.10.0.pom (1.6 kB at 3.8 kB/s)
[INFO] Downloading from central: https://repo.maven.apache.org/maven2/io/dropwizard/metrics/metrics-core/4.2.4/metrics-core-4.2.4.pom
[INFO] Downloaded from central: https://repo.maven.apache.org/maven2/io/dropwizard/metrics/metrics-core/4.2.4/metrics-core-4.2.4.pom (2.2 kB at 5.3 kB/s)
[INFO] Downloading from central: https://repo.maven.apache.org/maven2/io/dropwizard/metrics/metrics-parent/4.2.4/metrics-parent-4.2.4.pom
[INFO] Downloaded from central: https://repo.maven.apache.org/maven2/io/dropwizard/metrics/metrics-parent/4.2.4/metrics-parent-4.2.4.pom (20 kB at 34 kB/s)
[INFO] Downloading from central: https://repo.maven.apache.org/maven2/org/springframework/boot/spring-boot-starter-web/2.5.14/spring-boot-starter-web-2.5.14.pom
[INFO] Downloaded from central: https://repo.maven.apache.org/maven2/org/springframework/boot/spring-boot-starter-web/2.5.14/spring-boot-starter-web-2.5.14.pom (3.0 kB at 6.8 kB/s)
[INFO] Downloading from central: https://repo.maven.apache.org/maven2/org/springframework/boot/spring-boot-starter-json/2.5.14/spring-boot-starter-json-2.5.14.pom
[INFO] Downloaded from central: https://repo.maven.apache.org/maven2/org/springframework/boot/spring-boot-starter-json/2.5.14/spring-boot-starter-json-2.5.14.pom (3.1 kB at 7.1 kB/s)
[INFO] Downloading from central: https://repo.maven.apache.org/maven2/org/springframework/spring-web/5.3.20/spring-web-5.3.20.pom
[INFO] Downloaded from central: https://repo.maven.apache.org/maven2/org/springframework/spring-web/5.3.20/spring-web-5.3.20.pom (2.2 kB at 5.2 kB/s)
[INFO] Downloading from central: https://repo.maven.apache.org/maven2/com/fasterxml/jackson/datatype/jackson-datatype-jdk8/2.12.6/jackson-datatype-jdk8-2.12.6.pom
[INFO] Downloaded from central: https://repo.maven.apache.org/maven2/com/fasterxml/jackson/datatype/jackson-datatype-jdk8/2.12.6/jackson-datatype-jdk8-2.12.6.pom (2.6 kB at 5.7 kB/s)
[INFO] Downloading from central: https://repo.maven.apache.org/maven2/com/fasterxml/jackson/module/jackson-module-parameter-names/2.12.6/jackson-module-parameter-names-2.12.6.pom
[INFO] Downloaded from central: https://repo.maven.apache.org/maven2/com/fasterxml/jackson/module/jackson-module-parameter-names/2.12.6/jackson-module-parameter-names-2.12.6.pom (4.4 kB at 9.8 kB/s)
[INFO] Downloading from central: https://repo.maven.apache.org/maven2/org/springframework/spring-webmvc/5.3.20/spring-webmvc-5.3.20.pom
[INFO] Downloaded from central: https://repo.maven.apache.org/maven2/org/springframework/spring-webmvc/5.3.20/spring-webmvc-5.3.20.pom (3.0 kB at 4.2 kB/s)
[INFO] Downloading from central: https://repo.maven.apache.org/maven2/org/springframework/boot/spring-boot-starter-jetty/2.5.14/spring-boot-starter-jetty-2.5.14.pom
[INFO] Downloaded from central: https://repo.maven.apache.org/maven2/org/springframework/boot/spring-boot-starter-jetty/2.5.14/spring-boot-starter-jetty-2.5.14.pom (4.5 kB at 11 kB/s)
[INFO] Downloading from central: https://repo.maven.apache.org/maven2/jakarta/servlet/jakarta.servlet-api/4.0.4/jakarta.servlet-api-4.0.4.pom
[INFO] Downloaded from central: https://repo.maven.apache.org/maven2/jakarta/servlet/jakarta.servlet-api/4.0.4/jakarta.servlet-api-4.0.4.pom (17 kB at 14 kB/s)
[INFO] Downloading from central: https://repo.maven.apache.org/maven2/jakarta/websocket/jakarta.websocket-api/1.1.2/jakarta.websocket-api-1.1.2.pom
[INFO] Downloaded from central: https://repo.maven.apache.org/maven2/jakarta/websocket/jakarta.websocket-api/1.1.2/jakarta.websocket-api-1.1.2.pom (6.4 kB at 14 kB/s)
[INFO] Downloading from central: https://repo.maven.apache.org/maven2/jakarta/websocket/jakarta.websocket-all/1.1.2/jakarta.websocket-all-1.1.2.pom
[INFO] Downloaded from central: https://repo.maven.apache.org/maven2/jakarta/websocket/jakarta.websocket-all/1.1.2/jakarta.websocket-all-1.1.2.pom (12 kB at 22 kB/s)
[INFO] Downloading from central: https://repo.maven.apache.org/maven2/org/apache/tomcat/embed/tomcat-embed-el/9.0.63/tomcat-embed-el-9.0.63.pom
[INFO] Downloaded from central: https://repo.maven.apache.org/maven2/org/apache/tomcat/embed/tomcat-embed-el/9.0.63/tomcat-embed-el-9.0.63.pom (1.5 kB at 3.4 kB/s)
[INFO] Downloading from central: https://repo.maven.apache.org/maven2/org/eclipse/jetty/jetty-servlets/9.4.46.v20220331/jetty-servlets-9.4.46.v20220331.pom
[INFO] Downloaded from central: https://repo.maven.apache.org/maven2/org/eclipse/jetty/jetty-servlets/9.4.46.v20220331/jetty-servlets-9.4.46.v20220331.pom (2.6 kB at 5.9 kB/s)
[INFO] Downloading from central: https://repo.maven.apache.org/maven2/org/eclipse/jetty/jetty-project/9.4.46.v20220331/jetty-project-9.4.46.v20220331.pom
[INFO] Downloaded from central: https://repo.maven.apache.org/maven2/org/eclipse/jetty/jetty-project/9.4.46.v20220331/jetty-project-9.4.46.v20220331.pom (71 kB at 82 kB/s)
[INFO] Downloading from central: https://repo.maven.apache.org/maven2/org/junit/junit-bom/5.8.2/junit-bom-5.8.2.pom
[INFO] Downloaded from central: https://repo.maven.apache.org/maven2/org/junit/junit-bom/5.8.2/junit-bom-5.8.2.pom (5.6 kB at 13 kB/s)
[INFO] Downloading from central: https://repo.maven.apache.org/maven2/org/testcontainers/testcontainers-bom/1.16.1/testcontainers-bom-1.16.1.pom
[INFO] Downloaded from central: https://repo.maven.apache.org/maven2/org/testcontainers/testcontainers-bom/1.16.1/testcontainers-bom-1.16.1.pom (7.2 kB at 17 kB/s)
[INFO] Downloading from central: https://repo.maven.apache.org/maven2/org/infinispan/infinispan-bom/11.0.15.Final/infinispan-bom-11.0.15.Final.pom
[INFO] Downloaded from central: https://repo.maven.apache.org/maven2/org/infinispan/infinispan-bom/11.0.15.Final/infinispan-bom-11.0.15.Final.pom (19 kB at 33 kB/s)
[INFO] Downloading from central: https://repo.maven.apache.org/maven2/org/infinispan/infinispan-build-configuration-parent/11.0.15.Final/infinispan-build-configuration-parent-11.0.15.Final.pom
[INFO] Downloaded from central: https://repo.maven.apache.org/maven2/org/infinispan/infinispan-build-configuration-parent/11.0.15.Final/infinispan-build-configuration-parent-11.0.15.Final.pom (13 kB at 27 kB/s)
[INFO] Downloading from central: https://repo.maven.apache.org/maven2/org/jboss/jboss-parent/36/jboss-parent-36.pom
[INFO] Downloaded from central: https://repo.maven.apache.org/maven2/org/jboss/jboss-parent/36/jboss-parent-36.pom (66 kB at 102 kB/s)
[INFO] Downloading from central: https://repo.maven.apache.org/maven2/org/eclipse/jetty/jetty-continuation/9.4.46.v20220331/jetty-continuation-9.4.46.v20220331.pom
[INFO] Downloaded from central: https://repo.maven.apache.org/maven2/org/eclipse/jetty/jetty-continuation/9.4.46.v20220331/jetty-continuation-9.4.46.v20220331.pom (952 B at 2.5 kB/s)
[INFO] Downloading from central: https://repo.maven.apache.org/maven2/org/eclipse/jetty/jetty-http/9.4.46.v20220331/jetty-http-9.4.46.v20220331.pom
[INFO] Downloaded from central: https://repo.maven.apache.org/maven2/org/eclipse/jetty/jetty-http/9.4.46.v20220331/jetty-http-9.4.46.v20220331.pom (4.0 kB at 5.0 kB/s)
[INFO] Downloading from central: https://repo.maven.apache.org/maven2/org/eclipse/jetty/jetty-util/9.4.46.v20220331/jetty-util-9.4.46.v20220331.pom
[INFO] Downloaded from central: https://repo.maven.apache.org/maven2/org/eclipse/jetty/jetty-util/9.4.46.v20220331/jetty-util-9.4.46.v20220331.pom (4.0 kB at 10 kB/s)
[INFO] Downloading from central: https://repo.maven.apache.org/maven2/org/eclipse/jetty/jetty-io/9.4.46.v20220331/jetty-io-9.4.46.v20220331.pom
[INFO] Downloaded from central: https://repo.maven.apache.org/maven2/org/eclipse/jetty/jetty-io/9.4.46.v20220331/jetty-io-9.4.46.v20220331.pom (1.2 kB at 3.2 kB/s)
[INFO] Downloading from central: https://repo.maven.apache.org/maven2/org/eclipse/jetty/jetty-webapp/9.4.46.v20220331/jetty-webapp-9.4.46.v20220331.pom
[INFO] Downloaded from central: https://repo.maven.apache.org/maven2/org/eclipse/jetty/jetty-webapp/9.4.46.v20220331/jetty-webapp-9.4.46.v20220331.pom (3.2 kB at 7.6 kB/s)
[INFO] Downloading from central: https://repo.maven.apache.org/maven2/org/eclipse/jetty/jetty-xml/9.4.46.v20220331/jetty-xml-9.4.46.v20220331.pom
[INFO] Downloaded from central: https://repo.maven.apache.org/maven2/org/eclipse/jetty/jetty-xml/9.4.46.v20220331/jetty-xml-9.4.46.v20220331.pom (1.7 kB at 4.0 kB/s)
[INFO] Downloading from central: https://repo.maven.apache.org/maven2/org/eclipse/jetty/jetty-servlet/9.4.46.v20220331/jetty-servlet-9.4.46.v20220331.pom
[INFO] Downloaded from central: https://repo.maven.apache.org/maven2/org/eclipse/jetty/jetty-servlet/9.4.46.v20220331/jetty-servlet-9.4.46.v20220331.pom (2.3 kB at 5.5 kB/s)
[INFO] Downloading from central: https://repo.maven.apache.org/maven2/org/eclipse/jetty/jetty-security/9.4.46.v20220331/jetty-security-9.4.46.v20220331.pom
[INFO] Downloaded from central: https://repo.maven.apache.org/maven2/org/eclipse/jetty/jetty-security/9.4.46.v20220331/jetty-security-9.4.46.v20220331.pom (2.1 kB at 4.9 kB/s)
[INFO] Downloading from central: https://repo.maven.apache.org/maven2/org/eclipse/jetty/jetty-server/9.4.46.v20220331/jetty-server-9.4.46.v20220331.pom
[INFO] Downloaded from central: https://repo.maven.apache.org/maven2/org/eclipse/jetty/jetty-server/9.4.46.v20220331/jetty-server-9.4.46.v20220331.pom (3.4 kB at 8.0 kB/s)
[INFO] Downloading from central: https://repo.maven.apache.org/maven2/org/eclipse/jetty/jetty-util-ajax/9.4.46.v20220331/jetty-util-ajax-9.4.46.v20220331.pom
[INFO] Downloaded from central: https://repo.maven.apache.org/maven2/org/eclipse/jetty/jetty-util-ajax/9.4.46.v20220331/jetty-util-ajax-9.4.46.v20220331.pom (1.3 kB at 2.9 kB/s)
[INFO] Downloading from central: https://repo.maven.apache.org/maven2/org/eclipse/jetty/websocket/websocket-server/9.4.46.v20220331/websocket-server-9.4.46.v20220331.pom
[INFO] Downloaded from central: https://repo.maven.apache.org/maven2/org/eclipse/jetty/websocket/websocket-server/9.4.46.v20220331/websocket-server-9.4.46.v20220331.pom (4.1 kB at 9.6 kB/s)
[INFO] Downloading from central: https://repo.maven.apache.org/maven2/org/eclipse/jetty/websocket/websocket-parent/9.4.46.v20220331/websocket-parent-9.4.46.v20220331.pom
[INFO] Downloaded from central: https://repo.maven.apache.org/maven2/org/eclipse/jetty/websocket/websocket-parent/9.4.46.v20220331/websocket-parent-9.4.46.v20220331.pom (1.4 kB at 3.3 kB/s)
[INFO] Downloading from central: https://repo.maven.apache.org/maven2/org/eclipse/jetty/websocket/websocket-common/9.4.46.v20220331/websocket-common-9.4.46.v20220331.pom
[INFO] Downloaded from central: https://repo.maven.apache.org/maven2/org/eclipse/jetty/websocket/websocket-common/9.4.46.v20220331/websocket-common-9.4.46.v20220331.pom (3.6 kB at 8.4 kB/s)
[INFO] Downloading from central: https://repo.maven.apache.org/maven2/org/eclipse/jetty/websocket/websocket-api/9.4.46.v20220331/websocket-api-9.4.46.v20220331.pom
[INFO] Downloaded from central: https://repo.maven.apache.org/maven2/org/eclipse/jetty/websocket/websocket-api/9.4.46.v20220331/websocket-api-9.4.46.v20220331.pom (2.5 kB at 5.8 kB/s)
[INFO] Downloading from central: https://repo.maven.apache.org/maven2/org/eclipse/jetty/websocket/websocket-client/9.4.46.v20220331/websocket-client-9.4.46.v20220331.pom
[INFO] Downloaded from central: https://repo.maven.apache.org/maven2/org/eclipse/jetty/websocket/websocket-client/9.4.46.v20220331/websocket-client-9.4.46.v20220331.pom (4.6 kB at 11 kB/s)
[INFO] Downloading from central: https://repo.maven.apache.org/maven2/org/eclipse/jetty/jetty-client/9.4.46.v20220331/jetty-client-9.4.46.v20220331.pom
[INFO] Downloaded from central: https://repo.maven.apache.org/maven2/org/eclipse/jetty/jetty-client/9.4.46.v20220331/jetty-client-9.4.46.v20220331.pom (5.1 kB at 12 kB/s)
[INFO] Downloading from central: https://repo.maven.apache.org/maven2/org/eclipse/jetty/websocket/websocket-servlet/9.4.46.v20220331/websocket-servlet-9.4.46.v20220331.pom
[INFO] Downloaded from central: https://repo.maven.apache.org/maven2/org/eclipse/jetty/websocket/websocket-servlet/9.4.46.v20220331/websocket-servlet-9.4.46.v20220331.pom (2.2 kB at 5.6 kB/s)
[INFO] Downloading from central: https://repo.maven.apache.org/maven2/org/eclipse/jetty/websocket/javax-websocket-server-impl/9.4.46.v20220331/javax-websocket-server-impl-9.4.46.v20220331.pom
[INFO] Downloaded from central: https://repo.maven.apache.org/maven2/org/eclipse/jetty/websocket/javax-websocket-server-impl/9.4.46.v20220331/javax-websocket-server-impl-9.4.46.v20220331.pom (3.5 kB at 8.8 kB/s)
[INFO] Downloading from central: https://repo.maven.apache.org/maven2/org/eclipse/jetty/jetty-annotations/9.4.46.v20220331/jetty-annotations-9.4.46.v20220331.pom
[INFO] Downloaded from central: https://repo.maven.apache.org/maven2/org/eclipse/jetty/jetty-annotations/9.4.46.v20220331/jetty-annotations-9.4.46.v20220331.pom (2.5 kB at 6.2 kB/s)
[INFO] Downloading from central: https://repo.maven.apache.org/maven2/org/eclipse/jetty/jetty-plus/9.4.46.v20220331/jetty-plus-9.4.46.v20220331.pom
[INFO] Downloaded from central: https://repo.maven.apache.org/maven2/org/eclipse/jetty/jetty-plus/9.4.46.v20220331/jetty-plus-9.4.46.v20220331.pom (2.5 kB at 6.5 kB/s)
[INFO] Downloading from central: https://repo.maven.apache.org/maven2/org/eclipse/jetty/websocket/javax-websocket-client-impl/9.4.46.v20220331/javax-websocket-client-impl-9.4.46.v20220331.pom
[INFO] Downloaded from central: https://repo.maven.apache.org/maven2/org/eclipse/jetty/websocket/javax-websocket-client-impl/9.4.46.v20220331/javax-websocket-client-impl-9.4.46.v20220331.pom (3.8 kB at 9.9 kB/s)
[INFO] Downloading from central: https://repo.maven.apache.org/maven2/io/github/lognet/grpc-spring-boot-starter/4.5.5/grpc-spring-boot-starter-4.5.5.pom
[INFO] Downloaded from central: https://repo.maven.apache.org/maven2/io/github/lognet/grpc-spring-boot-starter/4.5.5/grpc-spring-boot-starter-4.5.5.pom (3.2 kB)
[INFO] Downloading from central: https://repo.maven.apache.org/maven2/org/springframework/cloud/spring-cloud-dependencies/2020.0.3/spring-cloud-dependencies-2020.0.3.pom
[INFO] Downloaded from central: https://repo.maven.apache.org/maven2/org/springframework/cloud/spring-cloud-dependencies/2020.0.3/spring-cloud-dependencies-2020.0.3.pom (11 kB at 27 kB/s)
[INFO] Downloading from central: https://repo.maven.apache.org/maven2/org/springframework/cloud/spring-cloud-dependencies-parent/3.0.3/spring-cloud-dependencies-parent-3.0.3.pom
[INFO] Downloaded from central: https://repo.maven.apache.org/maven2/org/springframework/cloud/spring-cloud-dependencies-parent/3.0.3/spring-cloud-dependencies-parent-3.0.3.pom (8.4 kB at 20 kB/s)
[INFO] Downloading from central: https://repo.maven.apache.org/maven2/org/springframework/cloud/spring-cloud-commons-dependencies/3.0.3/spring-cloud-commons-dependencies-3.0.3.pom
[INFO] Downloaded from central: https://repo.maven.apache.org/maven2/org/springframework/cloud/spring-cloud-commons-dependencies/3.0.3/spring-cloud-commons-dependencies-3.0.3.pom (7.1 kB at 16 kB/s)
[INFO] Downloading from central: https://repo.maven.apache.org/maven2/org/springframework/cloud/spring-cloud-netflix-dependencies/3.0.3/spring-cloud-netflix-dependencies-3.0.3.pom
[INFO] Downloaded from central: https://repo.maven.apache.org/maven2/org/springframework/cloud/spring-cloud-netflix-dependencies/3.0.3/spring-cloud-netflix-dependencies-3.0.3.pom (8.8 kB at 21 kB/s)
[INFO] Downloading from central: https://repo.maven.apache.org/maven2/org/springframework/cloud/spring-cloud-stream-dependencies/3.1.3/spring-cloud-stream-dependencies-3.1.3.pom
[INFO] Downloaded from central: https://repo.maven.apache.org/maven2/org/springframework/cloud/spring-cloud-stream-dependencies/3.1.3/spring-cloud-stream-dependencies-3.1.3.pom (9.3 kB at 22 kB/s)
[INFO] Downloading from central: https://repo.maven.apache.org/maven2/org/springframework/cloud/spring-cloud-task-dependencies/2.3.2/spring-cloud-task-dependencies-2.3.2.pom
[INFO] Downloaded from central: https://repo.maven.apache.org/maven2/org/springframework/cloud/spring-cloud-task-dependencies/2.3.2/spring-cloud-task-dependencies-2.3.2.pom (5.8 kB at 6.8 kB/s)
[INFO] Downloading from central: https://repo.maven.apache.org/maven2/org/springframework/cloud/spring-cloud-circuitbreaker-dependencies/2.0.2/spring-cloud-circuitbreaker-dependencies-2.0.2.pom
[INFO] Downloaded from central: https://repo.maven.apache.org/maven2/org/springframework/cloud/spring-cloud-circuitbreaker-dependencies/2.0.2/spring-cloud-circuitbreaker-dependencies-2.0.2.pom (6.5 kB at 14 kB/s)
[INFO] Downloading from central: https://repo.maven.apache.org/maven2/io/github/resilience4j/resilience4j-bom/1.7.0/resilience4j-bom-1.7.0.pom
[INFO] Downloaded from central: https://repo.maven.apache.org/maven2/io/github/resilience4j/resilience4j-bom/1.7.0/resilience4j-bom-1.7.0.pom (7.0 kB at 16 kB/s)
[INFO] Downloading from central: https://repo.maven.apache.org/maven2/org/springframework/cloud/spring-cloud-config-dependencies/3.0.4/spring-cloud-config-dependencies-3.0.4.pom
[INFO] Downloaded from central: https://repo.maven.apache.org/maven2/org/springframework/cloud/spring-cloud-config-dependencies/3.0.4/spring-cloud-config-dependencies-3.0.4.pom (7.5 kB at 16 kB/s)
[INFO] Downloading from central: https://repo.maven.apache.org/maven2/org/springframework/cloud/spring-cloud-function-dependencies/3.1.3/spring-cloud-function-dependencies-3.1.3.pom
[INFO] Downloaded from central: https://repo.maven.apache.org/maven2/org/springframework/cloud/spring-cloud-function-dependencies/3.1.3/spring-cloud-function-dependencies-3.1.3.pom (6.2 kB at 14 kB/s)
[INFO] Downloading from central: https://repo.maven.apache.org/maven2/org/springframework/cloud/spring-cloud-gateway-dependencies/3.0.3/spring-cloud-gateway-dependencies-3.0.3.pom
[INFO] Downloaded from central: https://repo.maven.apache.org/maven2/org/springframework/cloud/spring-cloud-gateway-dependencies/3.0.3/spring-cloud-gateway-dependencies-3.0.3.pom (6.3 kB at 8.2 kB/s)
[INFO] Downloading from central: https://repo.maven.apache.org/maven2/org/springframework/cloud/spring-cloud-consul-dependencies/3.0.3/spring-cloud-consul-dependencies-3.0.3.pom
[INFO] Downloaded from central: https://repo.maven.apache.org/maven2/org/springframework/cloud/spring-cloud-consul-dependencies/3.0.3/spring-cloud-consul-dependencies-3.0.3.pom (7.5 kB at 13 kB/s)
[INFO] Downloading from central: https://repo.maven.apache.org/maven2/org/springframework/cloud/spring-cloud-sleuth-dependencies/3.0.3/spring-cloud-sleuth-dependencies-3.0.3.pom
[INFO] Downloaded from central: https://repo.maven.apache.org/maven2/org/springframework/cloud/spring-cloud-sleuth-dependencies/3.0.3/spring-cloud-sleuth-dependencies-3.0.3.pom (8.2 kB at 15 kB/s)
[INFO] Downloading from central: https://repo.maven.apache.org/maven2/io/zipkin/brave/brave-bom/5.13.2/brave-bom-5.13.2.pom
[INFO] Downloaded from central: https://repo.maven.apache.org/maven2/io/zipkin/brave/brave-bom/5.13.2/brave-bom-5.13.2.pom (12 kB at 24 kB/s)
[INFO] Downloading from central: https://repo.maven.apache.org/maven2/io/zipkin/reporter2/zipkin-reporter-bom/2.16.1/zipkin-reporter-bom-2.16.1.pom
[INFO] Downloaded from central: https://repo.maven.apache.org/maven2/io/zipkin/reporter2/zipkin-reporter-bom/2.16.1/zipkin-reporter-bom-2.16.1.pom (6.9 kB at 16 kB/s)
[INFO] Downloading from central: https://repo.maven.apache.org/maven2/org/springframework/cloud/spring-cloud-vault-dependencies/3.0.3/spring-cloud-vault-dependencies-3.0.3.pom
[INFO] Downloaded from central: https://repo.maven.apache.org/maven2/org/springframework/cloud/spring-cloud-vault-dependencies/3.0.3/spring-cloud-vault-dependencies-3.0.3.pom (6.3 kB at 14 kB/s)
[INFO] Downloading from central: https://repo.maven.apache.org/maven2/org/springframework/cloud/spring-cloud-zookeeper-dependencies/3.0.3/spring-cloud-zookeeper-dependencies-3.0.3.pom
[INFO] Downloaded from central: https://repo.maven.apache.org/maven2/org/springframework/cloud/spring-cloud-zookeeper-dependencies/3.0.3/spring-cloud-zookeeper-dependencies-3.0.3.pom (9.0 kB at 21 kB/s)
[INFO] Downloading from central: https://repo.maven.apache.org/maven2/org/springframework/cloud/spring-cloud-cloudfoundry-dependencies/3.0.2/spring-cloud-cloudfoundry-dependencies-3.0.2.pom
[INFO] Downloaded from central: https://repo.maven.apache.org/maven2/org/springframework/cloud/spring-cloud-cloudfoundry-dependencies/3.0.2/spring-cloud-cloudfoundry-dependencies-3.0.2.pom (6.2 kB at 15 kB/s)
[INFO] Downloading from central: https://repo.maven.apache.org/maven2/org/springframework/cloud/spring-cloud-bus-dependencies/3.0.3/spring-cloud-bus-dependencies-3.0.3.pom
[INFO] Downloaded from central: https://repo.maven.apache.org/maven2/org/springframework/cloud/spring-cloud-bus-dependencies/3.0.3/spring-cloud-bus-dependencies-3.0.3.pom (6.2 kB at 14 kB/s)
[INFO] Downloading from central: https://repo.maven.apache.org/maven2/org/springframework/cloud/spring-cloud-contract-dependencies/3.0.3/spring-cloud-contract-dependencies-3.0.3.pom
[INFO] Downloaded from central: https://repo.maven.apache.org/maven2/org/springframework/cloud/spring-cloud-contract-dependencies/3.0.3/spring-cloud-contract-dependencies-3.0.3.pom (9.2 kB at 20 kB/s)
[INFO] Downloading from central: https://repo.maven.apache.org/maven2/org/springframework/cloud/spring-cloud-openfeign-dependencies/3.0.3/spring-cloud-openfeign-dependencies-3.0.3.pom
[INFO] Downloaded from central: https://repo.maven.apache.org/maven2/org/springframework/cloud/spring-cloud-openfeign-dependencies/3.0.3/spring-cloud-openfeign-dependencies-3.0.3.pom (6.6 kB at 15 kB/s)
[INFO] Downloading from central: https://repo.maven.apache.org/maven2/io/github/openfeign/feign-bom/10.12/feign-bom-10.12.pom
[INFO] Downloaded from central: https://repo.maven.apache.org/maven2/io/github/openfeign/feign-bom/10.12/feign-bom-10.12.pom (6.0 kB at 13 kB/s)
[INFO] Downloading from central: https://repo.maven.apache.org/maven2/org/springframework/cloud/spring-cloud-kubernetes-dependencies/2.0.3/spring-cloud-kubernetes-dependencies-2.0.3.pom
[INFO] Downloaded from central: https://repo.maven.apache.org/maven2/org/springframework/cloud/spring-cloud-kubernetes-dependencies/2.0.3/spring-cloud-kubernetes-dependencies-2.0.3.pom (15 kB at 30 kB/s)
[INFO] Downloading from central: https://repo.maven.apache.org/maven2/io/fabric8/kubernetes-client-bom/4.13.3/kubernetes-client-bom-4.13.3.pom
[INFO] Downloaded from central: https://repo.maven.apache.org/maven2/io/fabric8/kubernetes-client-bom/4.13.3/kubernetes-client-bom-4.13.3.pom (14 kB at 31 kB/s)
[INFO] Downloading from central: https://repo.maven.apache.org/maven2/org/springframework/boot/spring-boot-starter-parent/2.5.0/spring-boot-starter-parent-2.5.0.pom
[INFO] Downloaded from central: https://repo.maven.apache.org/maven2/org/springframework/boot/spring-boot-starter-parent/2.5.0/spring-boot-starter-parent-2.5.0.pom (8.6 kB at 17 kB/s)
[INFO] Downloading from central: https://repo.maven.apache.org/maven2/org/springframework/boot/spring-boot-dependencies/2.5.0/spring-boot-dependencies-2.5.0.pom
[INFO] Downloaded from central: https://repo.maven.apache.org/maven2/org/springframework/boot/spring-boot-dependencies/2.5.0/spring-boot-dependencies-2.5.0.pom (109 kB at 82 kB/s)
[INFO] Downloading from central: https://repo.maven.apache.org/maven2/com/datastax/oss/java-driver-bom/4.11.1/java-driver-bom-4.11.1.pom
[INFO] Downloaded from central: https://repo.maven.apache.org/maven2/com/datastax/oss/java-driver-bom/4.11.1/java-driver-bom-4.11.1.pom (4.1 kB at 8.8 kB/s)
[INFO] Downloading from central: https://repo.maven.apache.org/maven2/io/dropwizard/metrics/metrics-bom/4.1.21/metrics-bom-4.1.21.pom
[INFO] Downloaded from central: https://repo.maven.apache.org/maven2/io/dropwizard/metrics/metrics-bom/4.1.21/metrics-bom-4.1.21.pom (5.3 kB at 12 kB/s)
[INFO] Downloading from central: https://repo.maven.apache.org/maven2/io/dropwizard/metrics/metrics-parent/4.1.21/metrics-parent-4.1.21.pom
[INFO] Downloaded from central: https://repo.maven.apache.org/maven2/io/dropwizard/metrics/metrics-parent/4.1.21/metrics-parent-4.1.21.pom (17 kB at 31 kB/s)
[INFO] Downloading from central: https://repo.maven.apache.org/maven2/org/codehaus/groovy/groovy-bom/3.0.8/groovy-bom-3.0.8.pom
[INFO] Downloaded from central: https://repo.maven.apache.org/maven2/org/codehaus/groovy/groovy-bom/3.0.8/groovy-bom-3.0.8.pom (26 kB at 53 kB/s)
[INFO] Downloading from central: https://repo.maven.apache.org/maven2/org/infinispan/infinispan-bom/12.1.3.Final/infinispan-bom-12.1.3.Final.pom
[INFO] Downloaded from central: https://repo.maven.apache.org/maven2/org/infinispan/infinispan-bom/12.1.3.Final/infinispan-bom-12.1.3.Final.pom (18 kB at 36 kB/s)
[INFO] Downloading from central: https://repo.maven.apache.org/maven2/org/infinispan/infinispan-build-configuration-parent/12.1.3.Final/infinispan-build-configuration-parent-12.1.3.Final.pom
[INFO] Downloaded from central: https://repo.maven.apache.org/maven2/org/infinispan/infinispan-build-configuration-parent/12.1.3.Final/infinispan-build-configuration-parent-12.1.3.Final.pom (13 kB at 29 kB/s)
[INFO] Downloading from central: https://repo.maven.apache.org/maven2/com/fasterxml/jackson/jackson-bom/2.12.3/jackson-bom-2.12.3.pom
[INFO] Downloaded from central: https://repo.maven.apache.org/maven2/com/fasterxml/jackson/jackson-bom/2.12.3/jackson-bom-2.12.3.pom (17 kB at 33 kB/s)
[INFO] Downloading from central: https://repo.maven.apache.org/maven2/org/glassfish/jersey/jersey-bom/2.33/jersey-bom-2.33.pom
[INFO] Downloaded from central: https://repo.maven.apache.org/maven2/org/glassfish/jersey/jersey-bom/2.33/jersey-bom-2.33.pom (19 kB at 25 kB/s)
[INFO] Downloading from central: https://repo.maven.apache.org/maven2/org/eclipse/jetty/jetty-bom/9.4.41.v20210516/jetty-bom-9.4.41.v20210516.pom
[INFO] Downloaded from central: https://repo.maven.apache.org/maven2/org/eclipse/jetty/jetty-bom/9.4.41.v20210516/jetty-bom-9.4.41.v20210516.pom (18 kB at 32 kB/s)
[INFO] Downloading from central: https://repo.maven.apache.org/maven2/org/jetbrains/kotlin/kotlin-bom/1.5.0/kotlin-bom-1.5.0.pom
[INFO] Downloaded from central: https://repo.maven.apache.org/maven2/org/jetbrains/kotlin/kotlin-bom/1.5.0/kotlin-bom-1.5.0.pom (9.3 kB at 18 kB/s)
[INFO] Downloading from central: https://repo.maven.apache.org/maven2/org/jetbrains/kotlinx/kotlinx-coroutines-bom/1.5.0/kotlinx-coroutines-bom-1.5.0.pom
[INFO] Downloaded from central: https://repo.maven.apache.org/maven2/org/jetbrains/kotlinx/kotlinx-coroutines-bom/1.5.0/kotlinx-coroutines-bom-1.5.0.pom (4.1 kB at 4.7 kB/s)
[INFO] Downloading from central: https://repo.maven.apache.org/maven2/org/apache/logging/log4j/log4j-bom/2.14.1/log4j-bom-2.14.1.pom
[INFO] Downloaded from central: https://repo.maven.apache.org/maven2/org/apache/logging/log4j/log4j-bom/2.14.1/log4j-bom-2.14.1.pom (8.1 kB at 15 kB/s)
[INFO] Downloading from central: https://repo.maven.apache.org/maven2/io/micrometer/micrometer-bom/1.7.0/micrometer-bom-1.7.0.pom
[INFO] Downloaded from central: https://repo.maven.apache.org/maven2/io/micrometer/micrometer-bom/1.7.0/micrometer-bom-1.7.0.pom (6.8 kB at 15 kB/s)
[INFO] Downloading from central: https://repo.maven.apache.org/maven2/io/netty/netty-bom/4.1.65.Final/netty-bom-4.1.65.Final.pom
[INFO] Downloaded from central: https://repo.maven.apache.org/maven2/io/netty/netty-bom/4.1.65.Final/netty-bom-4.1.65.Final.pom (8.8 kB at 18 kB/s)
[INFO] Downloading from central: https://repo.maven.apache.org/maven2/com/oracle/database/jdbc/ojdbc-bom/21.1.0.0/ojdbc-bom-21.1.0.0.pom
[INFO] Downloaded from central: https://repo.maven.apache.org/maven2/com/oracle/database/jdbc/ojdbc-bom/21.1.0.0/ojdbc-bom-21.1.0.0.pom (12 kB at 27 kB/s)
[INFO] Downloading from central: https://repo.maven.apache.org/maven2/io/r2dbc/r2dbc-bom/Arabba-SR10/r2dbc-bom-Arabba-SR10.pom
[INFO] Downloaded from central: https://repo.maven.apache.org/maven2/io/r2dbc/r2dbc-bom/Arabba-SR10/r2dbc-bom-Arabba-SR10.pom (4.3 kB at 9.8 kB/s)
[INFO] Downloading from central: https://repo.maven.apache.org/maven2/io/projectreactor/reactor-bom/2020.0.7/reactor-bom-2020.0.7.pom
[INFO] Downloaded from central: https://repo.maven.apache.org/maven2/io/projectreactor/reactor-bom/2020.0.7/reactor-bom-2020.0.7.pom (4.5 kB at 10 kB/s)
[INFO] Downloading from central: https://repo.maven.apache.org/maven2/io/rsocket/rsocket-bom/1.1.0/rsocket-bom-1.1.0.pom
[INFO] Downloaded from central: https://repo.maven.apache.org/maven2/io/rsocket/rsocket-bom/1.1.0/rsocket-bom-1.1.0.pom (2.6 kB at 6.3 kB/s)
[INFO] Downloading from central: https://repo.maven.apache.org/maven2/org/springframework/data/spring-data-bom/2021.0.1/spring-data-bom-2021.0.1.pom
[INFO] Downloaded from central: https://repo.maven.apache.org/maven2/org/springframework/data/spring-data-bom/2021.0.1/spring-data-bom-2021.0.1.pom (5.7 kB at 13 kB/s)
[INFO] Downloading from central: https://repo.maven.apache.org/maven2/org/springframework/spring-framework-bom/5.3.7/spring-framework-bom-5.3.7.pom
[INFO] Downloaded from central: https://repo.maven.apache.org/maven2/org/springframework/spring-framework-bom/5.3.7/spring-framework-bom-5.3.7.pom (5.6 kB at 14 kB/s)
[INFO] Downloading from central: https://repo.maven.apache.org/maven2/org/springframework/integration/spring-integration-bom/5.5.0/spring-integration-bom-5.5.0.pom
[INFO] Downloaded from central: https://repo.maven.apache.org/maven2/org/springframework/integration/spring-integration-bom/5.5.0/spring-integration-bom-5.5.0.pom (9.5 kB at 22 kB/s)
[INFO] Downloading from central: https://repo.maven.apache.org/maven2/org/springframework/security/spring-security-bom/5.5.0/spring-security-bom-5.5.0.pom
[INFO] Downloaded from central: https://repo.maven.apache.org/maven2/org/springframework/security/spring-security-bom/5.5.0/spring-security-bom-5.5.0.pom (5.7 kB at 14 kB/s)
[INFO] Downloading from central: https://repo.maven.apache.org/maven2/org/springframework/session/spring-session-bom/2021.0.0/spring-session-bom-2021.0.0.pom
[INFO] Downloaded from central: https://repo.maven.apache.org/maven2/org/springframework/session/spring-session-bom/2021.0.0/spring-session-bom-2021.0.0.pom (2.7 kB at 5.9 kB/s)
[INFO] Downloading from central: https://repo.maven.apache.org/maven2/io/grpc/grpc-services/1.39.0/grpc-services-1.39.0.pom
[INFO] Downloaded from central: https://repo.maven.apache.org/maven2/io/grpc/grpc-services/1.39.0/grpc-services-1.39.0.pom (2.3 kB at 4.5 kB/s)
[INFO] Downloading from central: https://repo.maven.apache.org/maven2/org/springframework/boot/spring-boot-starter/2.5.0/spring-boot-starter-2.5.0.pom
[INFO] Downloaded from central: https://repo.maven.apache.org/maven2/org/springframework/boot/spring-boot-starter/2.5.0/spring-boot-starter-2.5.0.pom (3.1 kB at 5.8 kB/s)
[INFO] Downloading from central: https://repo.maven.apache.org/maven2/org/springframework/boot/spring-boot/2.5.0/spring-boot-2.5.0.pom
[INFO] Downloaded from central: https://repo.maven.apache.org/maven2/org/springframework/boot/spring-boot/2.5.0/spring-boot-2.5.0.pom (2.2 kB at 2.5 kB/s)
[INFO] Downloading from central: https://repo.maven.apache.org/maven2/org/springframework/spring-core/5.3.7/spring-core-5.3.7.pom
[INFO] Downloaded from central: https://repo.maven.apache.org/maven2/org/springframework/spring-core/5.3.7/spring-core-5.3.7.pom (2.0 kB at 4.3 kB/s)
[INFO] Downloading from central: https://repo.maven.apache.org/maven2/org/springframework/spring-jcl/5.3.7/spring-jcl-5.3.7.pom
[INFO] Downloaded from central: https://repo.maven.apache.org/maven2/org/springframework/spring-jcl/5.3.7/spring-jcl-5.3.7.pom (1.8 kB at 4.1 kB/s)
[INFO] Downloading from central: https://repo.maven.apache.org/maven2/org/springframework/spring-context/5.3.7/spring-context-5.3.7.pom
[INFO] Downloaded from central: https://repo.maven.apache.org/maven2/org/springframework/spring-context/5.3.7/spring-context-5.3.7.pom (2.6 kB at 5.9 kB/s)
[INFO] Downloading from central: https://repo.maven.apache.org/maven2/org/springframework/spring-aop/5.3.7/spring-aop-5.3.7.pom
[INFO] Downloaded from central: https://repo.maven.apache.org/maven2/org/springframework/spring-aop/5.3.7/spring-aop-5.3.7.pom (2.2 kB at 4.9 kB/s)
[INFO] Downloading from central: https://repo.maven.apache.org/maven2/org/springframework/spring-beans/5.3.7/spring-beans-5.3.7.pom
[INFO] Downloaded from central: https://repo.maven.apache.org/maven2/org/springframework/spring-beans/5.3.7/spring-beans-5.3.7.pom (2.0 kB at 4.2 kB/s)
[INFO] Downloading from central: https://repo.maven.apache.org/maven2/org/springframework/spring-expression/5.3.7/spring-expression-5.3.7.pom
[INFO] Downloaded from central: https://repo.maven.apache.org/maven2/org/springframework/spring-expression/5.3.7/spring-expression-5.3.7.pom (2.1 kB at 4.6 kB/s)
[INFO] Downloading from central: https://repo.maven.apache.org/maven2/org/springframework/boot/spring-boot-autoconfigure/2.5.0/spring-boot-autoconfigure-2.5.0.pom
[INFO] Downloaded from central: https://repo.maven.apache.org/maven2/org/springframework/boot/spring-boot-autoconfigure/2.5.0/spring-boot-autoconfigure-2.5.0.pom (2.1 kB at 4.5 kB/s)
[INFO] Downloading from central: https://repo.maven.apache.org/maven2/org/springframework/boot/spring-boot-starter-logging/2.5.0/spring-boot-starter-logging-2.5.0.pom
[INFO] Downloaded from central: https://repo.maven.apache.org/maven2/org/springframework/boot/spring-boot-starter-logging/2.5.0/spring-boot-starter-logging-2.5.0.pom (2.5 kB at 5.7 kB/s)
[INFO] Downloading from central: https://repo.maven.apache.org/maven2/ch/qos/logback/logback-classic/1.2.3/logback-classic-1.2.3.pom
[INFO] Downloaded from central: https://repo.maven.apache.org/maven2/ch/qos/logback/logback-classic/1.2.3/logback-classic-1.2.3.pom (13 kB at 28 kB/s)
[INFO] Downloading from central: https://repo.maven.apache.org/maven2/ch/qos/logback/logback-parent/1.2.3/logback-parent-1.2.3.pom
[INFO] Downloaded from central: https://repo.maven.apache.org/maven2/ch/qos/logback/logback-parent/1.2.3/logback-parent-1.2.3.pom (18 kB at 36 kB/s)
[INFO] Downloading from central: https://repo.maven.apache.org/maven2/ch/qos/logback/logback-core/1.2.3/logback-core-1.2.3.pom
[INFO] Downloaded from central: https://repo.maven.apache.org/maven2/ch/qos/logback/logback-core/1.2.3/logback-core-1.2.3.pom (4.2 kB)
[INFO] Downloading from central: https://repo.maven.apache.org/maven2/org/apache/logging/log4j/log4j-to-slf4j/2.14.1/log4j-to-slf4j-2.14.1.pom
[INFO] Downloaded from central: https://repo.maven.apache.org/maven2/org/apache/logging/log4j/log4j-to-slf4j/2.14.1/log4j-to-slf4j-2.14.1.pom (7.0 kB at 15 kB/s)
[INFO] Downloading from central: https://repo.maven.apache.org/maven2/org/apache/logging/log4j/log4j/2.14.1/log4j-2.14.1.pom
[INFO] Downloaded from central: https://repo.maven.apache.org/maven2/org/apache/logging/log4j/log4j/2.14.1/log4j-2.14.1.pom (68 kB at 90 kB/s)
[INFO] Downloading from central: https://repo.maven.apache.org/maven2/org/apache/logging/log4j/log4j-api/2.14.1/log4j-api-2.14.1.pom
[INFO] Downloaded from central: https://repo.maven.apache.org/maven2/org/apache/logging/log4j/log4j-api/2.14.1/log4j-api-2.14.1.pom (14 kB at 30 kB/s)
[INFO] Downloading from central: https://repo.maven.apache.org/maven2/org/slf4j/jul-to-slf4j/1.7.30/jul-to-slf4j-1.7.30.pom
[INFO] Downloaded from central: https://repo.maven.apache.org/maven2/org/slf4j/jul-to-slf4j/1.7.30/jul-to-slf4j-1.7.30.pom (990 B at 2.6 kB/s)
[INFO] Downloading from central: https://repo.maven.apache.org/maven2/org/slf4j/slf4j-parent/1.7.30/slf4j-parent-1.7.30.pom
[INFO] Downloaded from central: https://repo.maven.apache.org/maven2/org/slf4j/slf4j-parent/1.7.30/slf4j-parent-1.7.30.pom (14 kB at 30 kB/s)
[INFO] Downloading from central: https://repo.maven.apache.org/maven2/org/slf4j/slf4j-api/1.7.30/slf4j-api-1.7.30.pom
[INFO] Downloaded from central: https://repo.maven.apache.org/maven2/org/slf4j/slf4j-api/1.7.30/slf4j-api-1.7.30.pom (3.8 kB at 9.8 kB/s)
[INFO] Downloading from central: https://repo.maven.apache.org/maven2/io/netty/netty-tcnative-boringssl-static/2.0.25.Final/netty-tcnative-boringssl-static-2.0.25.Final.pom
[INFO] Downloaded from central: https://repo.maven.apache.org/maven2/io/netty/netty-tcnative-boringssl-static/2.0.25.Final/netty-tcnative-boringssl-static-2.0.25.Final.pom (25 kB at 49 kB/s)
[INFO] Downloading from central: https://repo.maven.apache.org/maven2/io/netty/netty-tcnative-parent/2.0.25.Final/netty-tcnative-parent-2.0.25.Final.pom
[INFO] Downloaded from central: https://repo.maven.apache.org/maven2/io/netty/netty-tcnative-parent/2.0.25.Final/netty-tcnative-parent-2.0.25.Final.pom (26 kB at 46 kB/s)
[INFO] Downloading from central: https://repo.maven.apache.org/maven2/io/netty/netty-parent/4.0.29.Final/netty-parent-4.0.29.Final.pom
[INFO] Downloaded from central: https://repo.maven.apache.org/maven2/io/netty/netty-parent/4.0.29.Final/netty-parent-4.0.29.Final.pom (51 kB at 51 kB/s)
[INFO] Downloading from central: https://repo.maven.apache.org/maven2/org/springframework/boot/spring-boot-starter-test/2.5.14/spring-boot-starter-test-2.5.14.pom
[INFO] Downloaded from central: https://repo.maven.apache.org/maven2/org/springframework/boot/spring-boot-starter-test/2.5.14/spring-boot-starter-test-2.5.14.pom (4.7 kB at 10 kB/s)
[INFO] Downloading from central: https://repo.maven.apache.org/maven2/org/springframework/boot/spring-boot-test/2.5.14/spring-boot-test-2.5.14.pom
[INFO] Downloaded from central: https://repo.maven.apache.org/maven2/org/springframework/boot/spring-boot-test/2.5.14/spring-boot-test-2.5.14.pom (2.1 kB at 4.6 kB/s)
[INFO] Downloading from central: https://repo.maven.apache.org/maven2/org/springframework/boot/spring-boot-test-autoconfigure/2.5.14/spring-boot-test-autoconfigure-2.5.14.pom
[INFO] Downloaded from central: https://repo.maven.apache.org/maven2/org/springframework/boot/spring-boot-test-autoconfigure/2.5.14/spring-boot-test-autoconfigure-2.5.14.pom (2.5 kB at 5.8 kB/s)
[INFO] Downloading from central: https://repo.maven.apache.org/maven2/com/jayway/jsonpath/json-path/2.5.0/json-path-2.5.0.pom
[INFO] Downloaded from central: https://repo.maven.apache.org/maven2/com/jayway/jsonpath/json-path/2.5.0/json-path-2.5.0.pom (2.6 kB at 5.8 kB/s)
[INFO] Downloading from central: https://repo.maven.apache.org/maven2/org/assertj/assertj-core/3.19.0/assertj-core-3.19.0.pom
[INFO] Downloaded from central: https://repo.maven.apache.org/maven2/org/assertj/assertj-core/3.19.0/assertj-core-3.19.0.pom (24 kB at 42 kB/s)
[INFO] Downloading from central: https://repo.maven.apache.org/maven2/org/assertj/assertj-parent-pom/2.2.10/assertj-parent-pom-2.2.10.pom
[INFO] Downloaded from central: https://repo.maven.apache.org/maven2/org/assertj/assertj-parent-pom/2.2.10/assertj-parent-pom-2.2.10.pom (24 kB at 41 kB/s)
[INFO] Downloading from central: https://repo.maven.apache.org/maven2/org/junit/junit-bom/5.6.3/junit-bom-5.6.3.pom
[INFO] Downloaded from central: https://repo.maven.apache.org/maven2/org/junit/junit-bom/5.6.3/junit-bom-5.6.3.pom (4.9 kB at 11 kB/s)
[INFO] Downloading from central: https://repo.maven.apache.org/maven2/org/junit/jupiter/junit-jupiter/5.7.2/junit-jupiter-5.7.2.pom
[INFO] Downloaded from central: https://repo.maven.apache.org/maven2/org/junit/jupiter/junit-jupiter/5.7.2/junit-jupiter-5.7.2.pom (3.2 kB at 7.4 kB/s)
[INFO] Downloading from central: https://repo.maven.apache.org/maven2/org/junit/jupiter/junit-jupiter-api/5.7.2/junit-jupiter-api-5.7.2.pom
[INFO] Downloaded from central: https://repo.maven.apache.org/maven2/org/junit/jupiter/junit-jupiter-api/5.7.2/junit-jupiter-api-5.7.2.pom (3.2 kB at 7.5 kB/s)
[INFO] Downloading from central: https://repo.maven.apache.org/maven2/org/apiguardian/apiguardian-api/1.1.0/apiguardian-api-1.1.0.pom
[INFO] Downloaded from central: https://repo.maven.apache.org/maven2/org/apiguardian/apiguardian-api/1.1.0/apiguardian-api-1.1.0.pom (1.2 kB at 2.9 kB/s)
[INFO] Downloading from central: https://repo.maven.apache.org/maven2/org/opentest4j/opentest4j/1.2.0/opentest4j-1.2.0.pom
[INFO] Downloaded from central: https://repo.maven.apache.org/maven2/org/opentest4j/opentest4j/1.2.0/opentest4j-1.2.0.pom (1.7 kB at 4.3 kB/s)
[INFO] Downloading from central: https://repo.maven.apache.org/maven2/org/junit/platform/junit-platform-commons/1.7.2/junit-platform-commons-1.7.2.pom
[INFO] Downloaded from central: https://repo.maven.apache.org/maven2/org/junit/platform/junit-platform-commons/1.7.2/junit-platform-commons-1.7.2.pom (2.8 kB at 6.5 kB/s)
[INFO] Downloading from central: https://repo.maven.apache.org/maven2/org/junit/jupiter/junit-jupiter-params/5.7.2/junit-jupiter-params-5.7.2.pom
[INFO] Downloaded from central: https://repo.maven.apache.org/maven2/org/junit/jupiter/junit-jupiter-params/5.7.2/junit-jupiter-params-5.7.2.pom (3.0 kB at 7.2 kB/s)
[INFO] Downloading from central: https://repo.maven.apache.org/maven2/org/junit/jupiter/junit-jupiter-engine/5.7.2/junit-jupiter-engine-5.7.2.pom
[INFO] Downloaded from central: https://repo.maven.apache.org/maven2/org/junit/jupiter/junit-jupiter-engine/5.7.2/junit-jupiter-engine-5.7.2.pom (3.2 kB at 8.0 kB/s)
[INFO] Downloading from central: https://repo.maven.apache.org/maven2/org/junit/platform/junit-platform-engine/1.7.2/junit-platform-engine-1.7.2.pom
[INFO] Downloaded from central: https://repo.maven.apache.org/maven2/org/junit/platform/junit-platform-engine/1.7.2/junit-platform-engine-1.7.2.pom (3.2 kB at 7.8 kB/s)
[INFO] Downloading from central: https://repo.maven.apache.org/maven2/org/mockito/mockito-core/3.9.0/mockito-core-3.9.0.pom
[INFO] Downloaded from central: https://repo.maven.apache.org/maven2/org/mockito/mockito-core/3.9.0/mockito-core-3.9.0.pom (2.5 kB at 6.5 kB/s)
[INFO] Downloading from central: https://repo.maven.apache.org/maven2/net/bytebuddy/byte-buddy/1.10.20/byte-buddy-1.10.20.pom
[INFO] Downloaded from central: https://repo.maven.apache.org/maven2/net/bytebuddy/byte-buddy/1.10.20/byte-buddy-1.10.20.pom (11 kB at 22 kB/s)
[INFO] Downloading from central: https://repo.maven.apache.org/maven2/net/bytebuddy/byte-buddy-parent/1.10.20/byte-buddy-parent-1.10.20.pom
[INFO] Downloaded from central: https://repo.maven.apache.org/maven2/net/bytebuddy/byte-buddy-parent/1.10.20/byte-buddy-parent-1.10.20.pom (41 kB at 63 kB/s)
[INFO] Downloading from central: https://repo.maven.apache.org/maven2/net/bytebuddy/byte-buddy-agent/1.10.20/byte-buddy-agent-1.10.20.pom
[INFO] Downloaded from central: https://repo.maven.apache.org/maven2/net/bytebuddy/byte-buddy-agent/1.10.20/byte-buddy-agent-1.10.20.pom (9.6 kB at 19 kB/s)
[INFO] Downloading from central: https://repo.maven.apache.org/maven2/org/mockito/mockito-junit-jupiter/3.9.0/mockito-junit-jupiter-3.9.0.pom
[INFO] Downloaded from central: https://repo.maven.apache.org/maven2/org/mockito/mockito-junit-jupiter/3.9.0/mockito-junit-jupiter-3.9.0.pom (2.3 kB at 5.3 kB/s)
[INFO] Downloading from central: https://repo.maven.apache.org/maven2/org/junit/jupiter/junit-jupiter-api/5.7.1/junit-jupiter-api-5.7.1.pom
[INFO] Downloaded from central: https://repo.maven.apache.org/maven2/org/junit/jupiter/junit-jupiter-api/5.7.1/junit-jupiter-api-5.7.1.pom (3.2 kB at 7.0 kB/s)
[INFO] Downloading from central: https://repo.maven.apache.org/maven2/org/junit/platform/junit-platform-commons/1.7.1/junit-platform-commons-1.7.1.pom
[INFO] Downloaded from central: https://repo.maven.apache.org/maven2/org/junit/platform/junit-platform-commons/1.7.1/junit-platform-commons-1.7.1.pom (2.8 kB at 6.2 kB/s)
[INFO] Downloading from central: https://repo.maven.apache.org/maven2/org/skyscreamer/jsonassert/1.5.0/jsonassert-1.5.0.pom
[INFO] Downloaded from central: https://repo.maven.apache.org/maven2/org/skyscreamer/jsonassert/1.5.0/jsonassert-1.5.0.pom (5.2 kB at 11 kB/s)
[INFO] Downloading from central: https://repo.maven.apache.org/maven2/com/vaadin/external/google/android-json/0.0.20131108.vaadin1/android-json-0.0.20131108.vaadin1.pom
[INFO] Downloaded from central: https://repo.maven.apache.org/maven2/com/vaadin/external/google/android-json/0.0.20131108.vaadin1/android-json-0.0.20131108.vaadin1.pom (2.8 kB at 6.1 kB/s)
[INFO] Downloading from central: https://repo.maven.apache.org/maven2/org/springframework/spring-test/5.3.20/spring-test-5.3.20.pom
[INFO] Downloaded from central: https://repo.maven.apache.org/maven2/org/springframework/spring-test/5.3.20/spring-test-5.3.20.pom (2.1 kB at 4.5 kB/s)
[INFO] Downloading from central: https://repo.maven.apache.org/maven2/org/xmlunit/xmlunit-core/2.8.4/xmlunit-core-2.8.4.pom
[INFO] Downloaded from central: https://repo.maven.apache.org/maven2/org/xmlunit/xmlunit-core/2.8.4/xmlunit-core-2.8.4.pom (2.4 kB at 5.8 kB/s)
[INFO] Downloading from central: https://repo.maven.apache.org/maven2/org/xmlunit/xmlunit-parent/2.8.4/xmlunit-parent-2.8.4.pom
[INFO] Downloaded from central: https://repo.maven.apache.org/maven2/org/xmlunit/xmlunit-parent/2.8.4/xmlunit-parent-2.8.4.pom (19 kB at 34 kB/s)
[INFO] Downloading from central: https://repo.maven.apache.org/maven2/com/taobao/arthas/arthas-agent-attach/3.6.4/arthas-agent-attach-3.6.4.pom
[INFO] Downloaded from central: https://repo.maven.apache.org/maven2/com/taobao/arthas/arthas-agent-attach/3.6.4/arthas-agent-attach-3.6.4.pom (4.1 kB at 5.0 kB/s)
[INFO] Downloading from central: https://repo.maven.apache.org/maven2/net/bytebuddy/byte-buddy-agent/1.11.6/byte-buddy-agent-1.11.6.pom
[INFO] Downloaded from central: https://repo.maven.apache.org/maven2/net/bytebuddy/byte-buddy-agent/1.11.6/byte-buddy-agent-1.11.6.pom (9.5 kB at 20 kB/s)
[INFO] Downloading from central: https://repo.maven.apache.org/maven2/net/bytebuddy/byte-buddy-parent/1.11.6/byte-buddy-parent-1.11.6.pom
[INFO] Downloaded from central: https://repo.maven.apache.org/maven2/net/bytebuddy/byte-buddy-parent/1.11.6/byte-buddy-parent-1.11.6.pom (42 kB at 70 kB/s)
[INFO] Downloading from central: https://repo.maven.apache.org/maven2/org/zeroturnaround/zt-zip/1.14/zt-zip-1.14.pom
[INFO] Downloaded from central: https://repo.maven.apache.org/maven2/org/zeroturnaround/zt-zip/1.14/zt-zip-1.14.pom (5.8 kB at 13 kB/s)
[INFO] Downloading from central: https://repo.maven.apache.org/maven2/org/slf4j/slf4j-api/1.6.6/slf4j-api-1.6.6.pom
[INFO] Downloaded from central: https://repo.maven.apache.org/maven2/org/slf4j/slf4j-api/1.6.6/slf4j-api-1.6.6.pom (2.7 kB at 6.8 kB/s)
[INFO] Downloading from central: https://repo.maven.apache.org/maven2/org/slf4j/slf4j-parent/1.6.6/slf4j-parent-1.6.6.pom
[INFO] Downloaded from central: https://repo.maven.apache.org/maven2/org/slf4j/slf4j-parent/1.6.6/slf4j-parent-1.6.6.pom (13 kB at 26 kB/s)
[INFO] Downloading from central: https://repo.maven.apache.org/maven2/com/taobao/arthas/arthas-packaging/3.6.4/arthas-packaging-3.6.4.pom
[INFO] Downloaded from central: https://repo.maven.apache.org/maven2/com/taobao/arthas/arthas-packaging/3.6.4/arthas-packaging-3.6.4.pom (4.0 kB at 8.9 kB/s)
[INFO] Downloading from central: https://repo.maven.apache.org/maven2/org/apache/logging/log4j/log4j-core/2.17.2/log4j-core-2.17.2.pom
[INFO] Downloaded from central: https://repo.maven.apache.org/maven2/org/apache/logging/log4j/log4j-core/2.17.2/log4j-core-2.17.2.pom (23 kB at 27 kB/s)
[INFO] Downloading from central: https://repo.maven.apache.org/maven2/org/apache/logging/log4j/log4j-jul/2.17.2/log4j-jul-2.17.2.pom
[INFO] Downloaded from central: https://repo.maven.apache.org/maven2/org/apache/logging/log4j/log4j-jul/2.17.2/log4j-jul-2.17.2.pom (8.8 kB at 13 kB/s)
[INFO] Downloading from central: https://repo.maven.apache.org/maven2/org/springframework/boot/spring-boot-starter/2.5.14/spring-boot-starter-2.5.14.jar
[INFO] Downloading from central: https://repo.maven.apache.org/maven2/org/springframework/boot/spring-boot-autoconfigure/2.5.14/spring-boot-autoconfigure-2.5.14.jar
[INFO] Downloading from central: https://repo.maven.apache.org/maven2/jakarta/annotation/jakarta.annotation-api/1.3.5/jakarta.annotation-api-1.3.5.jar
[INFO] Downloading from central: https://repo.maven.apache.org/maven2/org/springframework/boot/spring-boot-starter-actuator/2.5.14/spring-boot-starter-actuator-2.5.14.jar
[INFO] Downloading from central: https://repo.maven.apache.org/maven2/org/springframework/boot/spring-boot-actuator-autoconfigure/2.5.14/spring-boot-actuator-autoconfigure-2.5.14.jar
[INFO] Downloaded from central: https://repo.maven.apache.org/maven2/org/springframework/boot/spring-boot-starter-actuator/2.5.14/spring-boot-starter-actuator-2.5.14.jar (4.8 kB at 13 kB/s)
[INFO] Downloading from central: https://repo.maven.apache.org/maven2/org/springframework/boot/spring-boot-actuator/2.5.14/spring-boot-actuator-2.5.14.jar
[INFO] Downloaded from central: https://repo.maven.apache.org/maven2/jakarta/annotation/jakarta.annotation-api/1.3.5/jakarta.annotation-api-1.3.5.jar (25 kB at 66 kB/s)
[INFO] Downloading from central: https://repo.maven.apache.org/maven2/com/fasterxml/jackson/core/jackson-databind/2.12.6.1/jackson-databind-2.12.6.1.jar
[INFO] Downloaded from central: https://repo.maven.apache.org/maven2/org/springframework/boot/spring-boot-actuator/2.5.14/spring-boot-actuator-2.5.14.jar (650 kB at 569 kB/s)
[INFO] Downloading from central: https://repo.maven.apache.org/maven2/com/fasterxml/jackson/datatype/jackson-datatype-jsr310/2.12.6/jackson-datatype-jsr310-2.12.6.jar
[INFO] Downloaded from central: https://repo.maven.apache.org/maven2/org/springframework/boot/spring-boot-starter/2.5.14/spring-boot-starter-2.5.14.jar (4.8 kB at 4.1 kB/s)
[INFO] Downloading from central: https://repo.maven.apache.org/maven2/io/micrometer/micrometer-core/1.7.12/micrometer-core-1.7.12.jar
[INFO] Downloaded from central: https://repo.maven.apache.org/maven2/com/fasterxml/jackson/core/jackson-databind/2.12.6.1/jackson-databind-2.12.6.1.jar (1.5 MB at 1.0 MB/s)
[INFO] Downloading from central: https://repo.maven.apache.org/maven2/org/hdrhistogram/HdrHistogram/2.1.12/HdrHistogram-2.1.12.jar
[INFO] Downloaded from central: https://repo.maven.apache.org/maven2/com/fasterxml/jackson/datatype/jackson-datatype-jsr310/2.12.6/jackson-datatype-jsr310-2.12.6.jar (120 kB at 59 kB/s)
[INFO] Downloading from central: https://repo.maven.apache.org/maven2/org/latencyutils/LatencyUtils/2.0.3/LatencyUtils-2.0.3.jar
[INFO] Downloaded from central: https://repo.maven.apache.org/maven2/org/springframework/boot/spring-boot-actuator-autoconfigure/2.5.14/spring-boot-actuator-autoconfigure-2.5.14.jar (536 kB at 248 kB/s)
[INFO] Downloading from central: https://repo.maven.apache.org/maven2/io/micrometer/micrometer-registry-prometheus/1.7.12/micrometer-registry-prometheus-1.7.12.jar
[INFO] Downloaded from central: https://repo.maven.apache.org/maven2/org/hdrhistogram/HdrHistogram/2.1.12/HdrHistogram-2.1.12.jar (174 kB at 79 kB/s)
[INFO] Downloading from central: https://repo.maven.apache.org/maven2/io/prometheus/simpleclient_common/0.10.0/simpleclient_common-0.10.0.jar
[INFO] Downloaded from central: https://repo.maven.apache.org/maven2/org/latencyutils/LatencyUtils/2.0.3/LatencyUtils-2.0.3.jar (30 kB at 12 kB/s)
[INFO] Downloading from central: https://repo.maven.apache.org/maven2/io/prometheus/simpleclient/0.10.0/simpleclient-0.10.0.jar
[INFO] Downloaded from central: https://repo.maven.apache.org/maven2/io/micrometer/micrometer-registry-prometheus/1.7.12/micrometer-registry-prometheus-1.7.12.jar (37 kB at 14 kB/s)
[INFO] Downloading from central: https://repo.maven.apache.org/maven2/io/dropwizard/metrics/metrics-core/4.2.4/metrics-core-4.2.4.jar
[INFO] Downloaded from central: https://repo.maven.apache.org/maven2/io/prometheus/simpleclient_common/0.10.0/simpleclient_common-0.10.0.jar (7.7 kB at 2.7 kB/s)
[INFO] Downloading from central: https://repo.maven.apache.org/maven2/org/slf4j/slf4j-api/1.7.32/slf4j-api-1.7.32.jar
[INFO] Downloaded from central: https://repo.maven.apache.org/maven2/org/springframework/boot/spring-boot-autoconfigure/2.5.14/spring-boot-autoconfigure-2.5.14.jar (1.6 MB at 495 kB/s)
[INFO] Downloading from central: https://repo.maven.apache.org/maven2/org/springframework/boot/spring-boot-starter-web/2.5.14/spring-boot-starter-web-2.5.14.jar
[INFO] Downloaded from central: https://repo.maven.apache.org/maven2/io/prometheus/simpleclient/0.10.0/simpleclient-0.10.0.jar (69 kB at 21 kB/s)
[INFO] Downloading from central: https://repo.maven.apache.org/maven2/org/springframework/boot/spring-boot-starter-json/2.5.14/spring-boot-starter-json-2.5.14.jar
[INFO] Downloaded from central: https://repo.maven.apache.org/maven2/io/dropwizard/metrics/metrics-core/4.2.4/metrics-core-4.2.4.jar (126 kB at 36 kB/s)
[INFO] Downloading from central: https://repo.maven.apache.org/maven2/com/fasterxml/jackson/datatype/jackson-datatype-jdk8/2.12.6/jackson-datatype-jdk8-2.12.6.jar
[INFO] Downloaded from central: https://repo.maven.apache.org/maven2/org/slf4j/slf4j-api/1.7.32/slf4j-api-1.7.32.jar (42 kB at 12 kB/s)
[INFO] Downloading from central: https://repo.maven.apache.org/maven2/com/fasterxml/jackson/module/jackson-module-parameter-names/2.12.6/jackson-module-parameter-names-2.12.6.jar
[INFO] Downloaded from central: https://repo.maven.apache.org/maven2/org/springframework/boot/spring-boot-starter-json/2.5.14/spring-boot-starter-json-2.5.14.jar (4.8 kB at 1.3 kB/s)
[INFO] Downloading from central: https://repo.maven.apache.org/maven2/org/springframework/spring-web/5.3.20/spring-web-5.3.20.jar
[INFO] Downloaded from central: https://repo.maven.apache.org/maven2/com/fasterxml/jackson/module/jackson-module-parameter-names/2.12.6/jackson-module-parameter-names-2.12.6.jar (9.4 kB at 2.4 kB/s)
[INFO] Downloading from central: https://repo.maven.apache.org/maven2/org/springframework/spring-webmvc/5.3.20/spring-webmvc-5.3.20.jar
[INFO] Downloaded from central: https://repo.maven.apache.org/maven2/com/fasterxml/jackson/datatype/jackson-datatype-jdk8/2.12.6/jackson-datatype-jdk8-2.12.6.jar (34 kB at 8.3 kB/s)
[INFO] Downloading from central: https://repo.maven.apache.org/maven2/org/springframework/boot/spring-boot-starter-jetty/2.5.14/spring-boot-starter-jetty-2.5.14.jar
[INFO] Downloaded from central: https://repo.maven.apache.org/maven2/org/springframework/boot/spring-boot-starter-web/2.5.14/spring-boot-starter-web-2.5.14.jar (4.8 kB at 1.1 kB/s)
[INFO] Downloading from central: https://repo.maven.apache.org/maven2/jakarta/servlet/jakarta.servlet-api/4.0.4/jakarta.servlet-api-4.0.4.jar
[INFO] Downloaded from central: https://repo.maven.apache.org/maven2/org/springframework/boot/spring-boot-starter-jetty/2.5.14/spring-boot-starter-jetty-2.5.14.jar (4.8 kB at 1.1 kB/s)
[INFO] Downloading from central: https://repo.maven.apache.org/maven2/jakarta/websocket/jakarta.websocket-api/1.1.2/jakarta.websocket-api-1.1.2.jar
[INFO] Downloaded from central: https://repo.maven.apache.org/maven2/jakarta/websocket/jakarta.websocket-api/1.1.2/jakarta.websocket-api-1.1.2.jar (49 kB at 9.9 kB/s)
[INFO] Downloading from central: https://repo.maven.apache.org/maven2/org/apache/tomcat/embed/tomcat-embed-el/9.0.63/tomcat-embed-el-9.0.63.jar
[INFO] Downloaded from central: https://repo.maven.apache.org/maven2/org/springframework/spring-webmvc/5.3.20/spring-webmvc-5.3.20.jar (1.0 MB at 207 kB/s)
[INFO] Downloading from central: https://repo.maven.apache.org/maven2/org/eclipse/jetty/jetty-servlets/9.4.46.v20220331/jetty-servlets-9.4.46.v20220331.jar
[INFO] Downloaded from central: https://repo.maven.apache.org/maven2/jakarta/servlet/jakarta.servlet-api/4.0.4/jakarta.servlet-api-4.0.4.jar (83 kB at 16 kB/s)
[INFO] Downloading from central: https://repo.maven.apache.org/maven2/org/eclipse/jetty/jetty-continuation/9.4.46.v20220331/jetty-continuation-9.4.46.v20220331.jar
[INFO] Downloaded from central: https://repo.maven.apache.org/maven2/org/eclipse/jetty/jetty-continuation/9.4.46.v20220331/jetty-continuation-9.4.46.v20220331.jar (25 kB at 4.6 kB/s)
[INFO] Downloading from central: https://repo.maven.apache.org/maven2/org/eclipse/jetty/jetty-http/9.4.46.v20220331/jetty-http-9.4.46.v20220331.jar
[INFO] Downloaded from central: https://repo.maven.apache.org/maven2/org/eclipse/jetty/jetty-servlets/9.4.46.v20220331/jetty-servlets-9.4.46.v20220331.jar (108 kB at 19 kB/s)
[INFO] Downloading from central: https://repo.maven.apache.org/maven2/org/eclipse/jetty/jetty-util/9.4.46.v20220331/jetty-util-9.4.46.v20220331.jar
[INFO] Downloaded from central: https://repo.maven.apache.org/maven2/org/apache/tomcat/embed/tomcat-embed-el/9.0.63/tomcat-embed-el-9.0.63.jar (256 kB at 42 kB/s)
[INFO] Downloading from central: https://repo.maven.apache.org/maven2/org/eclipse/jetty/jetty-io/9.4.46.v20220331/jetty-io-9.4.46.v20220331.jar
[INFO] Downloaded from central: https://repo.maven.apache.org/maven2/org/eclipse/jetty/jetty-http/9.4.46.v20220331/jetty-http-9.4.46.v20220331.jar (225 kB at 34 kB/s)
[INFO] Downloading from central: https://repo.maven.apache.org/maven2/org/eclipse/jetty/jetty-webapp/9.4.46.v20220331/jetty-webapp-9.4.46.v20220331.jar
[INFO] Downloaded from central: https://repo.maven.apache.org/maven2/org/eclipse/jetty/jetty-util/9.4.46.v20220331/jetty-util-9.4.46.v20220331.jar (586 kB at 84 kB/s)
[INFO] Downloading from central: https://repo.maven.apache.org/maven2/org/eclipse/jetty/jetty-xml/9.4.46.v20220331/jetty-xml-9.4.46.v20220331.jar
[INFO] Downloaded from central: https://repo.maven.apache.org/maven2/org/eclipse/jetty/jetty-io/9.4.46.v20220331/jetty-io-9.4.46.v20220331.jar (184 kB at 26 kB/s)
[INFO] Downloading from central: https://repo.maven.apache.org/maven2/org/eclipse/jetty/jetty-servlet/9.4.46.v20220331/jetty-servlet-9.4.46.v20220331.jar
[INFO] Downloaded from central: https://repo.maven.apache.org/maven2/org/eclipse/jetty/jetty-xml/9.4.46.v20220331/jetty-xml-9.4.46.v20220331.jar (69 kB at 9.4 kB/s)
[INFO] Downloading from central: https://repo.maven.apache.org/maven2/org/eclipse/jetty/jetty-security/9.4.46.v20220331/jetty-security-9.4.46.v20220331.jar
[INFO] Downloaded from central: https://repo.maven.apache.org/maven2/org/eclipse/jetty/jetty-webapp/9.4.46.v20220331/jetty-webapp-9.4.46.v20220331.jar (141 kB at 19 kB/s)
[INFO] Downloading from central: https://repo.maven.apache.org/maven2/org/eclipse/jetty/jetty-server/9.4.46.v20220331/jetty-server-9.4.46.v20220331.jar
[INFO] Downloaded from central: https://repo.maven.apache.org/maven2/org/eclipse/jetty/jetty-servlet/9.4.46.v20220331/jetty-servlet-9.4.46.v20220331.jar (147 kB at 19 kB/s)
[INFO] Downloading from central: https://repo.maven.apache.org/maven2/org/eclipse/jetty/jetty-util-ajax/9.4.46.v20220331/jetty-util-ajax-9.4.46.v20220331.jar
[INFO] Downloaded from central: https://repo.maven.apache.org/maven2/org/springframework/spring-web/5.3.20/spring-web-5.3.20.jar (1.6 MB at 215 kB/s)
[INFO] Downloading from central: https://repo.maven.apache.org/maven2/org/eclipse/jetty/websocket/websocket-server/9.4.46.v20220331/websocket-server-9.4.46.v20220331.jar
[INFO] Downloaded from central: https://repo.maven.apache.org/maven2/org/eclipse/jetty/jetty-security/9.4.46.v20220331/jetty-security-9.4.46.v20220331.jar (119 kB at 15 kB/s)
[INFO] Downloading from central: https://repo.maven.apache.org/maven2/org/eclipse/jetty/websocket/websocket-common/9.4.46.v20220331/websocket-common-9.4.46.v20220331.jar
[INFO] Downloaded from central: https://repo.maven.apache.org/maven2/org/eclipse/jetty/jetty-util-ajax/9.4.46.v20220331/jetty-util-ajax-9.4.46.v20220331.jar (67 kB at 8.0 kB/s)
[INFO] Downloading from central: https://repo.maven.apache.org/maven2/org/eclipse/jetty/websocket/websocket-api/9.4.46.v20220331/websocket-api-9.4.46.v20220331.jar
[INFO] Downloaded from central: https://repo.maven.apache.org/maven2/org/eclipse/jetty/websocket/websocket-server/9.4.46.v20220331/websocket-server-9.4.46.v20220331.jar (46 kB at 5.4 kB/s)
[INFO] Downloading from central: https://repo.maven.apache.org/maven2/org/eclipse/jetty/websocket/websocket-client/9.4.46.v20220331/websocket-client-9.4.46.v20220331.jar
[INFO] Downloaded from central: https://repo.maven.apache.org/maven2/org/eclipse/jetty/websocket/websocket-common/9.4.46.v20220331/websocket-common-9.4.46.v20220331.jar (218 kB at 24 kB/s)
[INFO] Downloading from central: https://repo.maven.apache.org/maven2/org/eclipse/jetty/jetty-client/9.4.46.v20220331/jetty-client-9.4.46.v20220331.jar
[INFO] Downloaded from central: https://repo.maven.apache.org/maven2/org/eclipse/jetty/websocket/websocket-client/9.4.46.v20220331/websocket-client-9.4.46.v20220331.jar (47 kB at 5.2 kB/s)
[INFO] Downloading from central: https://repo.maven.apache.org/maven2/org/eclipse/jetty/websocket/websocket-servlet/9.4.46.v20220331/websocket-servlet-9.4.46.v20220331.jar
[INFO] Downloaded from central: https://repo.maven.apache.org/maven2/org/eclipse/jetty/jetty-server/9.4.46.v20220331/jetty-server-9.4.46.v20220331.jar (733 kB at 82 kB/s)
[INFO] Downloading from central: https://repo.maven.apache.org/maven2/org/eclipse/jetty/websocket/javax-websocket-server-impl/9.4.46.v20220331/javax-websocket-server-impl-9.4.46.v20220331.jar
[INFO] Downloaded from central: https://repo.maven.apache.org/maven2/org/eclipse/jetty/websocket/websocket-api/9.4.46.v20220331/websocket-api-9.4.46.v20220331.jar (53 kB at 5.9 kB/s)
[INFO] Downloading from central: https://repo.maven.apache.org/maven2/org/eclipse/jetty/jetty-annotations/9.4.46.v20220331/jetty-annotations-9.4.46.v20220331.jar
[INFO] Downloaded from central: https://repo.maven.apache.org/maven2/org/eclipse/jetty/websocket/websocket-servlet/9.4.46.v20220331/websocket-servlet-9.4.46.v20220331.jar (31 kB at 3.3 kB/s)
[INFO] Downloading from central: https://repo.maven.apache.org/maven2/org/eclipse/jetty/jetty-plus/9.4.46.v20220331/jetty-plus-9.4.46.v20220331.jar
[INFO] Downloaded from central: https://repo.maven.apache.org/maven2/org/eclipse/jetty/jetty-client/9.4.46.v20220331/jetty-client-9.4.46.v20220331.jar (327 kB at 41 kB/s)
[INFO] Downloading from central: https://repo.maven.apache.org/maven2/org/eclipse/jetty/websocket/javax-websocket-client-impl/9.4.46.v20220331/javax-websocket-client-impl-9.4.46.v20220331.jar
[INFO] Downloaded from central: https://repo.maven.apache.org/maven2/org/eclipse/jetty/websocket/javax-websocket-server-impl/9.4.46.v20220331/javax-websocket-server-impl-9.4.46.v20220331.jar (48 kB at 6.0 kB/s)
[INFO] Downloading from central: https://repo.maven.apache.org/maven2/io/github/lognet/grpc-spring-boot-starter/4.5.5/grpc-spring-boot-starter-4.5.5.jar
[INFO] Downloaded from central: https://repo.maven.apache.org/maven2/org/eclipse/jetty/jetty-plus/9.4.46.v20220331/jetty-plus-9.4.46.v20220331.jar (67 kB at 7.9 kB/s)
[INFO] Downloading from central: https://repo.maven.apache.org/maven2/io/grpc/grpc-services/1.39.0/grpc-services-1.39.0.jar
[INFO] Downloaded from central: https://repo.maven.apache.org/maven2/org/eclipse/jetty/jetty-annotations/9.4.46.v20220331/jetty-annotations-9.4.46.v20220331.jar (87 kB at 10 kB/s)
[INFO] Downloading from central: https://repo.maven.apache.org/maven2/io/netty/netty-tcnative-boringssl-static/2.0.25.Final/netty-tcnative-boringssl-static-2.0.25.Final.jar
[INFO] Downloaded from central: https://repo.maven.apache.org/maven2/io/github/lognet/grpc-spring-boot-starter/4.5.5/grpc-spring-boot-starter-4.5.5.jar (95 kB at 11 kB/s)
[INFO] Downloading from central: https://repo.maven.apache.org/maven2/org/springframework/boot/spring-boot-starter-test/2.5.14/spring-boot-starter-test-2.5.14.jar
[INFO] Downloaded from central: https://repo.maven.apache.org/maven2/io/micrometer/micrometer-core/1.7.12/micrometer-core-1.7.12.jar (638 kB at 70 kB/s)
[INFO] Downloading from central: https://repo.maven.apache.org/maven2/org/springframework/boot/spring-boot-test/2.5.14/spring-boot-test-2.5.14.jar
[INFO] Downloaded from central: https://repo.maven.apache.org/maven2/org/eclipse/jetty/websocket/javax-websocket-client-impl/9.4.46.v20220331/javax-websocket-client-impl-9.4.46.v20220331.jar (168 kB at 18 kB/s)
[INFO] Downloading from central: https://repo.maven.apache.org/maven2/org/springframework/boot/spring-boot-test-autoconfigure/2.5.14/spring-boot-test-autoconfigure-2.5.14.jar
[INFO] Downloaded from central: https://repo.maven.apache.org/maven2/org/springframework/boot/spring-boot-starter-test/2.5.14/spring-boot-starter-test-2.5.14.jar (4.8 kB at 512 B/s)
[INFO] Downloading from central: https://repo.maven.apache.org/maven2/com/jayway/jsonpath/json-path/2.5.0/json-path-2.5.0.jar
[INFO] Downloaded from central: https://repo.maven.apache.org/maven2/io/grpc/grpc-services/1.39.0/grpc-services-1.39.0.jar (835 kB at 86 kB/s)
[INFO] Downloading from central: https://repo.maven.apache.org/maven2/jakarta/xml/bind/jakarta.xml.bind-api/2.3.3/jakarta.xml.bind-api-2.3.3.jar
[INFO] Downloaded from central: https://repo.maven.apache.org/maven2/jakarta/xml/bind/jakarta.xml.bind-api/2.3.3/jakarta.xml.bind-api-2.3.3.jar (116 kB at 11 kB/s)
[INFO] Downloading from central: https://repo.maven.apache.org/maven2/org/assertj/assertj-core/3.19.0/assertj-core-3.19.0.jar
[INFO] Downloaded from central: https://repo.maven.apache.org/maven2/org/springframework/boot/spring-boot-test/2.5.14/spring-boot-test-2.5.14.jar (224 kB at 21 kB/s)
[INFO] Downloading from central: https://repo.maven.apache.org/maven2/org/junit/jupiter/junit-jupiter/5.7.2/junit-jupiter-5.7.2.jar
[INFO] Downloaded from central: https://repo.maven.apache.org/maven2/org/junit/jupiter/junit-jupiter/5.7.2/junit-jupiter-5.7.2.jar (6.4 kB at 566 B/s)
[INFO] Downloading from central: https://repo.maven.apache.org/maven2/org/junit/jupiter/junit-jupiter-api/5.7.2/junit-jupiter-api-5.7.2.jar
[INFO] Downloaded from central: https://repo.maven.apache.org/maven2/org/springframework/boot/spring-boot-test-autoconfigure/2.5.14/spring-boot-test-autoconfigure-2.5.14.jar (182 kB at 16 kB/s)
[INFO] Downloading from central: https://repo.maven.apache.org/maven2/org/apiguardian/apiguardian-api/1.1.0/apiguardian-api-1.1.0.jar
[INFO] Downloaded from central: https://repo.maven.apache.org/maven2/org/apiguardian/apiguardian-api/1.1.0/apiguardian-api-1.1.0.jar (2.4 kB at 202 B/s)
[INFO] Downloading from central: https://repo.maven.apache.org/maven2/org/opentest4j/opentest4j/1.2.0/opentest4j-1.2.0.jar
[INFO] Downloaded from central: https://repo.maven.apache.org/maven2/org/junit/jupiter/junit-jupiter-api/5.7.2/junit-jupiter-api-5.7.2.jar (176 kB at 15 kB/s)
[INFO] Downloading from central: https://repo.maven.apache.org/maven2/org/junit/platform/junit-platform-commons/1.7.2/junit-platform-commons-1.7.2.jar
[INFO] Downloaded from central: https://repo.maven.apache.org/maven2/io/netty/netty-tcnative-boringssl-static/2.0.25.Final/netty-tcnative-boringssl-static-2.0.25.Final.jar (3.1 MB at 253 kB/s)
[INFO] Downloading from central: https://repo.maven.apache.org/maven2/org/junit/jupiter/junit-jupiter-params/5.7.2/junit-jupiter-params-5.7.2.jar
[INFO] Downloaded from central: https://repo.maven.apache.org/maven2/org/opentest4j/opentest4j/1.2.0/opentest4j-1.2.0.jar (7.7 kB at 613 B/s)
[INFO] Downloading from central: https://repo.maven.apache.org/maven2/org/junit/jupiter/junit-jupiter-engine/5.7.2/junit-jupiter-engine-5.7.2.jar
[INFO] Downloaded from central: https://repo.maven.apache.org/maven2/org/junit/platform/junit-platform-commons/1.7.2/junit-platform-commons-1.7.2.jar (100 kB at 8.0 kB/s)
[INFO] Downloading from central: https://repo.maven.apache.org/maven2/org/junit/platform/junit-platform-engine/1.7.2/junit-platform-engine-1.7.2.jar
[INFO] Downloaded from central: https://repo.maven.apache.org/maven2/com/jayway/jsonpath/json-path/2.5.0/json-path-2.5.0.jar (232 kB at 18 kB/s)
[INFO] Downloading from central: https://repo.maven.apache.org/maven2/org/mockito/mockito-core/3.9.0/mockito-core-3.9.0.jar
[INFO] Downloaded from central: https://repo.maven.apache.org/maven2/org/junit/platform/junit-platform-engine/1.7.2/junit-platform-engine-1.7.2.jar (181 kB at 14 kB/s)
[INFO] Downloading from central: https://repo.maven.apache.org/maven2/net/bytebuddy/byte-buddy/1.10.20/byte-buddy-1.10.20.jar
[INFO] Downloaded from central: https://repo.maven.apache.org/maven2/org/junit/jupiter/junit-jupiter-params/5.7.2/junit-jupiter-params-5.7.2.jar (567 kB at 42 kB/s)
[INFO] Downloading from central: https://repo.maven.apache.org/maven2/org/mockito/mockito-junit-jupiter/3.9.0/mockito-junit-jupiter-3.9.0.jar
[INFO] Downloaded from central: https://repo.maven.apache.org/maven2/org/junit/jupiter/junit-jupiter-engine/5.7.2/junit-jupiter-engine-5.7.2.jar (213 kB at 15 kB/s)
[INFO] Downloading from central: https://repo.maven.apache.org/maven2/org/skyscreamer/jsonassert/1.5.0/jsonassert-1.5.0.jar
[INFO] Downloaded from central: https://repo.maven.apache.org/maven2/org/mockito/mockito-junit-jupiter/3.9.0/mockito-junit-jupiter-3.9.0.jar (5.4 kB at 385 B/s)
[INFO] Downloading from central: https://repo.maven.apache.org/maven2/com/vaadin/external/google/android-json/0.0.20131108.vaadin1/android-json-0.0.20131108.vaadin1.jar
[INFO] Downloaded from central: https://repo.maven.apache.org/maven2/org/assertj/assertj-core/3.19.0/assertj-core-3.19.0.jar (4.8 MB at 331 kB/s)
[INFO] Downloading from central: https://repo.maven.apache.org/maven2/org/springframework/spring-test/5.3.20/spring-test-5.3.20.jar
[INFO] Downloaded from central: https://repo.maven.apache.org/maven2/org/skyscreamer/jsonassert/1.5.0/jsonassert-1.5.0.jar (30 kB at 2.1 kB/s)
[INFO] Downloading from central: https://repo.maven.apache.org/maven2/org/xmlunit/xmlunit-core/2.8.4/xmlunit-core-2.8.4.jar
[INFO] Downloaded from central: https://repo.maven.apache.org/maven2/com/vaadin/external/google/android-json/0.0.20131108.vaadin1/android-json-0.0.20131108.vaadin1.jar (18 kB at 1.2 kB/s)
[INFO] Downloading from central: https://repo.maven.apache.org/maven2/com/taobao/arthas/arthas-agent-attach/3.6.4/arthas-agent-attach-3.6.4.jar
[INFO] Downloaded from central: https://repo.maven.apache.org/maven2/com/taobao/arthas/arthas-agent-attach/3.6.4/arthas-agent-attach-3.6.4.jar (7.4 kB at 485 B/s)
[INFO] Downloading from central: https://repo.maven.apache.org/maven2/net/bytebuddy/byte-buddy-agent/1.11.6/byte-buddy-agent-1.11.6.jar
[INFO] Downloaded from central: https://repo.maven.apache.org/maven2/org/springframework/spring-test/5.3.20/spring-test-5.3.20.jar (787 kB at 51 kB/s)
[INFO] Downloading from central: https://repo.maven.apache.org/maven2/org/zeroturnaround/zt-zip/1.14/zt-zip-1.14.jar
[INFO] Downloaded from central: https://repo.maven.apache.org/maven2/org/xmlunit/xmlunit-core/2.8.4/xmlunit-core-2.8.4.jar (170 kB at 11 kB/s)
[INFO] Downloading from central: https://repo.maven.apache.org/maven2/com/taobao/arthas/arthas-packaging/3.6.4/arthas-packaging-3.6.4.jar
[INFO] Downloaded from central: https://repo.maven.apache.org/maven2/org/zeroturnaround/zt-zip/1.14/zt-zip-1.14.jar (111 kB at 6.9 kB/s)
[INFO] Downloading from central: https://repo.maven.apache.org/maven2/org/apache/logging/log4j/log4j-core/2.17.2/log4j-core-2.17.2.jar
[INFO] Downloaded from central: https://repo.maven.apache.org/maven2/org/apache/logging/log4j/log4j-core/2.17.2/log4j-core-2.17.2.jar (1.8 MB at 102 kB/s)
[INFO] Downloading from central: https://repo.maven.apache.org/maven2/org/apache/logging/log4j/log4j-api/2.17.2/log4j-api-2.17.2.jar
[INFO] Downloaded from central: https://repo.maven.apache.org/maven2/net/bytebuddy/byte-buddy/1.10.20/byte-buddy-1.10.20.jar (3.5 MB at 195 kB/s)
[INFO] Downloading from central: https://repo.maven.apache.org/maven2/org/apache/logging/log4j/log4j-jul/2.17.2/log4j-jul-2.17.2.jar
[INFO] Downloaded from central: https://repo.maven.apache.org/maven2/org/apache/logging/log4j/log4j-jul/2.17.2/log4j-jul-2.17.2.jar (31 kB at 1.7 kB/s)
[INFO] Downloaded from central: https://repo.maven.apache.org/maven2/org/apache/logging/log4j/log4j-api/2.17.2/log4j-api-2.17.2.jar (303 kB at 16 kB/s)
[INFO] Downloaded from central: https://repo.maven.apache.org/maven2/org/mockito/mockito-core/3.9.0/mockito-core-3.9.0.jar (666 kB at 36 kB/s)
[INFO] Downloaded from central: https://repo.maven.apache.org/maven2/net/bytebuddy/byte-buddy-agent/1.11.6/byte-buddy-agent-1.11.6.jar (252 kB at 13 kB/s)
[INFO] Downloaded from central: https://repo.maven.apache.org/maven2/com/taobao/arthas/arthas-packaging/3.6.4/arthas-packaging-3.6.4.jar (14 MB at 521 kB/s)
[INFO] 
[INFO] --- maven-enforcer-plugin:1.4.1:enforce (enforce-maven-version) @ hg-store-node ---
[INFO] 
[INFO] --- apache-rat-plugin:0.13:check (license-check) @ hg-store-node ---
[INFO] Enabled default license matchers.
[INFO] Will parse SCM ignores for exclusions...
[INFO] Finished adding exclusions from SCM ignore files.
[INFO] 62 implicit excludes (use -debug for more details).
[INFO] 44 explicit excludes (use -debug for more details).
[INFO] 120 resources included (use -debug for more details)
[INFO] Rat check: Summary over all files. Unapproved: 0, unknown: 0, generated: 0, approved: 120 licenses.
[INFO] 
[INFO] --- jacoco-maven-plugin:0.8.8:prepare-agent (default) @ hg-store-node ---
[INFO] Skipping JaCoCo execution because property jacoco.skip is set.
[INFO] argLine set to empty
[INFO] 
[INFO] --- maven-remote-resources-plugin:3.3.0:process (process-resource-bundles) @ hg-store-node ---
[INFO] Preparing remote bundle org.apache:apache-jar-resource-bundle:1.4
[INFO] Copying 3 resources from 1 bundle.
[WARNING] Failed to build parent project for org.apache.hugegraph:hugegraph-store:pom:1.7.0
[WARNING] Failed to build parent project for org.apache.hugegraph:hugegraph-commons:pom:1.7.0
[WARNING] Failed to build parent project for org.apache.hugegraph:hugegraph-store:pom:1.7.0
[WARNING] Failed to build parent project for org.apache.hugegraph:hugegraph-pd:pom:1.7.0
[WARNING] Failed to build parent project for org.apache.hugegraph:hugegraph-pd:pom:1.7.0
[WARNING] Failed to build parent project for org.apache.hugegraph:hugegraph-pd:pom:1.7.0
[WARNING] Failed to build parent project for org.apache.hugegraph:hugegraph-store:pom:1.7.0
[WARNING] Failed to build parent project for org.apache.hugegraph:hugegraph-store:pom:1.7.0
[WARNING] Failed to build parent project for org.apache.hugegraph:hugegraph-server:pom:1.7.0
[WARNING] Failed to build parent project for org.apache.hugegraph:hugegraph-pd:pom:1.7.0
[INFO] 
[INFO] --- maven-resources-plugin:3.1.0:resources (default-resources) @ hg-store-node ---
[INFO] Using 'UTF-8' encoding to copy filtered resources.
[INFO] Copying 4 resources
[INFO] Copying 3 resources
[INFO] 
[INFO] --- flatten-maven-plugin:1.2.7:flatten (flatten) @ hg-store-node ---
[INFO] Generating flattened POM of project org.apache.hugegraph:hg-store-node:jar:1.7.0...
[INFO] 
[INFO] --- maven-compiler-plugin:3.1:compile (default-compile) @ hg-store-node ---
[INFO] Nothing to compile - all classes are up to date
[INFO] 
[INFO] --- maven-resources-plugin:3.1.0:testResources (default-testResources) @ hg-store-node ---
[INFO] Using 'UTF-8' encoding to copy filtered resources.
[INFO] Copying 9 resources
[INFO] Copying 3 resources
[INFO] 
[INFO] --- maven-compiler-plugin:3.1:testCompile (default-testCompile) @ hg-store-node ---
[INFO] Nothing to compile - all classes are up to date
[INFO] 
[INFO] --- maven-surefire-plugin:2.20:test (default-test) @ hg-store-node ---
[INFO] 
[INFO] -------------------------------------------------------
[INFO]  T E S T S
[INFO] -------------------------------------------------------
[INFO] Running org.apache.hugegraph.store.node.grpc.ScanUtilTest
[INFO] Tests run: 6, Failures: 0, Errors: 0, Skipped: 0, Time elapsed: 0.353 s - in org.apache.hugegraph.store.node.grpc.ScanUtilTest
[INFO] Running org.apache.hugegraph.store.node.metrics.JraftMetricsTest
--- replicator_10.14.139.10:8081_append_entries_times ---
replicator_10.14.139.10:8081_append_entries_times
replicator
_10.14.139.10:8081
_append_entries_times

--- replicator10.14.139.10:8081appendentriestimes ---
replicator10.14.139.10:8081appendentriestimes
replicator
10.14.139.10:8081
appendentriestimes

--- replicator.10.14.139.10:8081.append.entries.times ---
replicator.10.14.139.10:8081.append.entries.times
replicator
.10.14.139.10:8081
.append.entries.times

--- replicator-10-14-139-10:8081-append-entries-times ---
replicator-10-14-139-10:8081-append-entries-times
replicator
-10-14-139-10:8081
-append-entries-times

--- replicator_hg_0_10_14_139_10:8081::100_replicate_inflights_count_min ---
replicator_hg_0_10_14_139_10:8081::100_replicate_inflights_count_min
replicator
_hg_0_10_14_139_10:8081
::100_replicate_inflights_count_min

--- replicasdf14-13dasfies-times ---
NONE

[INFO] Tests run: 1, Failures: 0, Errors: 0, Skipped: 0, Time elapsed: 0.001 s - in org.apache.hugegraph.store.node.metrics.JraftMetricsTest
[INFO] 
[INFO] Results:
[INFO] 
[INFO] Tests run: 7, Failures: 0, Errors: 0, Skipped: 0
[INFO] 
[INFO] 
[INFO] --- maven-surefire-plugin:2.20:test (store-core-test) @ hg-store-node ---
[INFO] Skipping execution of surefire because it has already been run for this configuration
[INFO] 
[INFO] -----------------< org.apache.hugegraph:hg-store-test >-----------------
[INFO] Building hg-store-test 1.7.0                                     [19/19]
[INFO] --------------------------------[ jar ]---------------------------------
[INFO] Downloading from central: https://repo.maven.apache.org/maven2/org/springframework/spring-context-support/5.3.20/spring-context-support-5.3.20.pom
[INFO] Downloaded from central: https://repo.maven.apache.org/maven2/org/springframework/spring-context-support/5.3.20/spring-context-support-5.3.20.pom (2.4 kB at 2.7 kB/s)
[INFO] Downloading from central: https://repo.maven.apache.org/maven2/org/powermock/powermock-classloading-xstream/2.0.0-RC.3/powermock-classloading-xstream-2.0.0-RC.3.pom
[INFO] Downloaded from central: https://repo.maven.apache.org/maven2/org/powermock/powermock-classloading-xstream/2.0.0-RC.3/powermock-classloading-xstream-2.0.0-RC.3.pom (6.1 kB at 14 kB/s)
[INFO] Downloading from central: https://repo.maven.apache.org/maven2/org/powermock/powermock-classloading-base/2.0.0-RC.3/powermock-classloading-base-2.0.0-RC.3.pom
[INFO] Downloaded from central: https://repo.maven.apache.org/maven2/org/powermock/powermock-classloading-base/2.0.0-RC.3/powermock-classloading-base-2.0.0-RC.3.pom (6.3 kB at 8.8 kB/s)
[INFO] Downloading from central: https://repo.maven.apache.org/maven2/org/powermock/powermock-api-support/2.0.0-RC.3/powermock-api-support-2.0.0-RC.3.pom
[INFO] Downloaded from central: https://repo.maven.apache.org/maven2/org/powermock/powermock-api-support/2.0.0-RC.3/powermock-api-support-2.0.0-RC.3.pom (6.1 kB at 8.8 kB/s)
[INFO] Downloading from central: https://repo.maven.apache.org/maven2/org/powermock/powermock-reflect/2.0.0-RC.3/powermock-reflect-2.0.0-RC.3.pom
[INFO] Downloaded from central: https://repo.maven.apache.org/maven2/org/powermock/powermock-reflect/2.0.0-RC.3/powermock-reflect-2.0.0-RC.3.pom (6.2 kB at 17 kB/s)
[INFO] Downloading from central: https://repo.maven.apache.org/maven2/org/objenesis/objenesis/3.0.1/objenesis-3.0.1.pom
[INFO] Downloaded from central: https://repo.maven.apache.org/maven2/org/objenesis/objenesis/3.0.1/objenesis-3.0.1.pom (3.5 kB at 8.8 kB/s)
[INFO] Downloading from central: https://repo.maven.apache.org/maven2/org/objenesis/objenesis-parent/3.0.1/objenesis-parent-3.0.1.pom
[INFO] Downloaded from central: https://repo.maven.apache.org/maven2/org/objenesis/objenesis-parent/3.0.1/objenesis-parent-3.0.1.pom (17 kB at 45 kB/s)
[INFO] Downloading from central: https://repo.maven.apache.org/maven2/net/bytebuddy/byte-buddy/1.9.3/byte-buddy-1.9.3.pom
[INFO] Downloaded from central: https://repo.maven.apache.org/maven2/net/bytebuddy/byte-buddy/1.9.3/byte-buddy-1.9.3.pom (10 kB at 27 kB/s)
[INFO] Downloading from central: https://repo.maven.apache.org/maven2/net/bytebuddy/byte-buddy-parent/1.9.3/byte-buddy-parent-1.9.3.pom
[INFO] Downloaded from central: https://repo.maven.apache.org/maven2/net/bytebuddy/byte-buddy-parent/1.9.3/byte-buddy-parent-1.9.3.pom (34 kB at 40 kB/s)
[INFO] Downloading from central: https://repo.maven.apache.org/maven2/net/bytebuddy/byte-buddy-agent/1.9.3/byte-buddy-agent-1.9.3.pom
[INFO] Downloaded from central: https://repo.maven.apache.org/maven2/net/bytebuddy/byte-buddy-agent/1.9.3/byte-buddy-agent-1.9.3.pom (6.0 kB at 6.0 kB/s)
[INFO] Downloading from central: https://repo.maven.apache.org/maven2/org/powermock/powermock-core/2.0.0-RC.3/powermock-core-2.0.0-RC.3.pom
[INFO] Downloaded from central: https://repo.maven.apache.org/maven2/org/powermock/powermock-core/2.0.0-RC.3/powermock-core-2.0.0-RC.3.pom (6.4 kB at 14 kB/s)
[INFO] Downloading from central: https://repo.maven.apache.org/maven2/org/javassist/javassist/3.24.0-GA/javassist-3.24.0-GA.pom
[INFO] Downloaded from central: https://repo.maven.apache.org/maven2/org/javassist/javassist/3.24.0-GA/javassist-3.24.0-GA.pom (11 kB at 19 kB/s)
[INFO] Downloading from central: https://repo.maven.apache.org/maven2/com/thoughtworks/xstream/xstream/1.4.10/xstream-1.4.10.pom
[INFO] Downloaded from central: https://repo.maven.apache.org/maven2/com/thoughtworks/xstream/xstream/1.4.10/xstream-1.4.10.pom (15 kB at 17 kB/s)
[INFO] Downloading from central: https://repo.maven.apache.org/maven2/com/thoughtworks/xstream/xstream-parent/1.4.10/xstream-parent-1.4.10.pom
[INFO] Downloaded from central: https://repo.maven.apache.org/maven2/com/thoughtworks/xstream/xstream-parent/1.4.10/xstream-parent-1.4.10.pom (35 kB at 57 kB/s)
[INFO] Downloading from central: https://repo.maven.apache.org/maven2/xmlpull/xmlpull/1.1.3.1/xmlpull-1.1.3.1.pom
[INFO] Downloaded from central: https://repo.maven.apache.org/maven2/xmlpull/xmlpull/1.1.3.1/xmlpull-1.1.3.1.pom (386 B at 399 B/s)
[INFO] Downloading from central: https://repo.maven.apache.org/maven2/xpp3/xpp3_min/1.1.4c/xpp3_min-1.1.4c.pom
[INFO] Downloaded from central: https://repo.maven.apache.org/maven2/xpp3/xpp3_min/1.1.4c/xpp3_min-1.1.4c.pom (1.6 kB at 4.2 kB/s)
[INFO] Downloading from central: https://repo.maven.apache.org/maven2/org/powermock/powermock-module-junit4-rule/2.0.0-RC.3/powermock-module-junit4-rule-2.0.0-RC.3.pom
[INFO] Downloaded from central: https://repo.maven.apache.org/maven2/org/powermock/powermock-module-junit4-rule/2.0.0-RC.3/powermock-module-junit4-rule-2.0.0-RC.3.pom (7.0 kB at 17 kB/s)
[INFO] Downloading from central: https://repo.maven.apache.org/maven2/org/powermock/powermock-module-junit4-common/2.0.0-RC.3/powermock-module-junit4-common-2.0.0-RC.3.pom
[INFO] Downloaded from central: https://repo.maven.apache.org/maven2/org/powermock/powermock-module-junit4-common/2.0.0-RC.3/powermock-module-junit4-common-2.0.0-RC.3.pom (6.6 kB at 7.0 kB/s)
[INFO] Downloading from central: https://repo.maven.apache.org/maven2/org/powermock/powermock-module-junit4/2.0.0-RC.3/powermock-module-junit4-2.0.0-RC.3.pom
[INFO] Downloaded from central: https://repo.maven.apache.org/maven2/org/powermock/powermock-module-junit4/2.0.0-RC.3/powermock-module-junit4-2.0.0-RC.3.pom (6.4 kB at 14 kB/s)
[INFO] Downloading from central: https://repo.maven.apache.org/maven2/org/powermock/powermock-api-mockito2/2.0.0-RC.3/powermock-api-mockito2-2.0.0-RC.3.pom
[INFO] Downloaded from central: https://repo.maven.apache.org/maven2/org/powermock/powermock-api-mockito2/2.0.0-RC.3/powermock-api-mockito2-2.0.0-RC.3.pom (6.4 kB at 15 kB/s)
[INFO] Downloading from central: https://repo.maven.apache.org/maven2/org/mockito/mockito-core/2.23.0/mockito-core-2.23.0.pom
[INFO] Downloaded from central: https://repo.maven.apache.org/maven2/org/mockito/mockito-core/2.23.0/mockito-core-2.23.0.pom (17 kB at 32 kB/s)
[INFO] Downloading from central: https://repo.maven.apache.org/maven2/com/alipay/sofa/jraft-core/1.3.9/jraft-core-1.3.9.pom
[INFO] Downloaded from central: https://repo.maven.apache.org/maven2/com/alipay/sofa/jraft-core/1.3.9/jraft-core-1.3.9.pom (4.4 kB)
[INFO] Downloading from central: https://repo.maven.apache.org/maven2/com/alipay/sofa/jraft-parent/1.3.9/jraft-parent-1.3.9.pom
[INFO] Downloaded from central: https://repo.maven.apache.org/maven2/com/alipay/sofa/jraft-parent/1.3.9/jraft-parent-1.3.9.pom (22 kB at 30 kB/s)
[INFO] Downloading from central: https://repo.maven.apache.org/maven2/org/springframework/spring-context-support/5.3.20/spring-context-support-5.3.20.jar
[INFO] Downloading from central: https://repo.maven.apache.org/maven2/net/bytebuddy/byte-buddy-agent/1.10.20/byte-buddy-agent-1.10.20.jar
[INFO] Downloading from central: https://repo.maven.apache.org/maven2/org/powermock/powermock-classloading-xstream/2.0.0-RC.3/powermock-classloading-xstream-2.0.0-RC.3.jar
[INFO] Downloading from central: https://repo.maven.apache.org/maven2/org/powermock/powermock-classloading-base/2.0.0-RC.3/powermock-classloading-base-2.0.0-RC.3.jar
[INFO] Downloading from central: https://repo.maven.apache.org/maven2/com/thoughtworks/xstream/xstream/1.4.10/xstream-1.4.10.jar
[INFO] Downloaded from central: https://repo.maven.apache.org/maven2/org/powermock/powermock-classloading-base/2.0.0-RC.3/powermock-classloading-base-2.0.0-RC.3.jar (9.3 kB at 23 kB/s)
[INFO] Downloading from central: https://repo.maven.apache.org/maven2/xmlpull/xmlpull/1.1.3.1/xmlpull-1.1.3.1.jar
[INFO] Downloaded from central: https://repo.maven.apache.org/maven2/com/thoughtworks/xstream/xstream/1.4.10/xstream-1.4.10.jar (590 kB at 978 kB/s)
[INFO] Downloading from central: https://repo.maven.apache.org/maven2/xpp3/xpp3_min/1.1.4c/xpp3_min-1.1.4c.jar
[INFO] Downloaded from central: https://repo.maven.apache.org/maven2/org/powermock/powermock-classloading-xstream/2.0.0-RC.3/powermock-classloading-xstream-2.0.0-RC.3.jar (5.6 kB at 7.0 kB/s)
[INFO] Downloading from central: https://repo.maven.apache.org/maven2/org/powermock/powermock-module-junit4-rule/2.0.0-RC.3/powermock-module-junit4-rule-2.0.0-RC.3.jar
[INFO] Downloaded from central: https://repo.maven.apache.org/maven2/xmlpull/xmlpull/1.1.3.1/xmlpull-1.1.3.1.jar (7.2 kB at 8.7 kB/s)
[INFO] Downloading from central: https://repo.maven.apache.org/maven2/org/powermock/powermock-core/2.0.0-RC.3/powermock-core-2.0.0-RC.3.jar
[INFO] Downloaded from central: https://repo.maven.apache.org/maven2/xpp3/xpp3_min/1.1.4c/xpp3_min-1.1.4c.jar (25 kB at 18 kB/s)
[INFO] Downloading from central: https://repo.maven.apache.org/maven2/org/javassist/javassist/3.24.0-GA/javassist-3.24.0-GA.jar
[INFO] Downloaded from central: https://repo.maven.apache.org/maven2/org/powermock/powermock-module-junit4-rule/2.0.0-RC.3/powermock-module-junit4-rule-2.0.0-RC.3.jar (8.9 kB at 5.6 kB/s)
[INFO] Downloading from central: https://repo.maven.apache.org/maven2/org/powermock/powermock-module-junit4-common/2.0.0-RC.3/powermock-module-junit4-common-2.0.0-RC.3.jar
[INFO] Downloaded from central: https://repo.maven.apache.org/maven2/net/bytebuddy/byte-buddy-agent/1.10.20/byte-buddy-agent-1.10.20.jar (259 kB at 161 kB/s)
[INFO] Downloading from central: https://repo.maven.apache.org/maven2/org/powermock/powermock-api-support/2.0.0-RC.3/powermock-api-support-2.0.0-RC.3.jar
[INFO] Downloaded from central: https://repo.maven.apache.org/maven2/org/springframework/spring-context-support/5.3.20/spring-context-support-5.3.20.jar (187 kB at 110 kB/s)
[INFO] Downloading from central: https://repo.maven.apache.org/maven2/org/powermock/powermock-reflect/2.0.0-RC.3/powermock-reflect-2.0.0-RC.3.jar
[INFO] Downloaded from central: https://repo.maven.apache.org/maven2/org/powermock/powermock-core/2.0.0-RC.3/powermock-core-2.0.0-RC.3.jar (198 kB at 115 kB/s)
[INFO] Downloading from central: https://repo.maven.apache.org/maven2/org/powermock/powermock-module-junit4/2.0.0-RC.3/powermock-module-junit4-2.0.0-RC.3.jar
[INFO] Downloaded from central: https://repo.maven.apache.org/maven2/org/powermock/powermock-api-support/2.0.0-RC.3/powermock-api-support-2.0.0-RC.3.jar (22 kB at 10 kB/s)
[INFO] Downloading from central: https://repo.maven.apache.org/maven2/org/powermock/powermock-api-mockito2/2.0.0-RC.3/powermock-api-mockito2-2.0.0-RC.3.jar
[INFO] Downloaded from central: https://repo.maven.apache.org/maven2/org/javassist/javassist/3.24.0-GA/javassist-3.24.0-GA.jar (778 kB at 347 kB/s)
[INFO] Downloading from central: https://repo.maven.apache.org/maven2/com/alipay/sofa/jraft-core/1.3.9/jraft-core-1.3.9.jar
[INFO] Downloaded from central: https://repo.maven.apache.org/maven2/org/powermock/powermock-reflect/2.0.0-RC.3/powermock-reflect-2.0.0-RC.3.jar (66 kB at 27 kB/s)
[INFO] Downloaded from central: https://repo.maven.apache.org/maven2/org/powermock/powermock-module-junit4/2.0.0-RC.3/powermock-module-junit4-2.0.0-RC.3.jar (48 kB at 19 kB/s)
[INFO] Downloaded from central: https://repo.maven.apache.org/maven2/org/powermock/powermock-module-junit4-common/2.0.0-RC.3/powermock-module-junit4-common-2.0.0-RC.3.jar (18 kB at 6.1 kB/s)
[INFO] Downloaded from central: https://repo.maven.apache.org/maven2/org/powermock/powermock-api-mockito2/2.0.0-RC.3/powermock-api-mockito2-2.0.0-RC.3.jar (88 kB at 26 kB/s)
[INFO] Downloaded from central: https://repo.maven.apache.org/maven2/com/alipay/sofa/jraft-core/1.3.9/jraft-core-1.3.9.jar (1.3 MB at 358 kB/s)
[INFO] 
[INFO] --- maven-enforcer-plugin:1.4.1:enforce (enforce-maven-version) @ hg-store-test ---
[INFO] 
[INFO] --- apache-rat-plugin:0.13:check (license-check) @ hg-store-test ---
[INFO] Enabled default license matchers.
[INFO] Will parse SCM ignores for exclusions...
[INFO] Finished adding exclusions from SCM ignore files.
[INFO] 62 implicit excludes (use -debug for more details).
[INFO] 44 explicit excludes (use -debug for more details).
[INFO] 73 resources included (use -debug for more details)
[INFO] Rat check: Summary over all files. Unapproved: 0, unknown: 0, generated: 0, approved: 73 licenses.
[INFO] 
[INFO] --- jacoco-maven-plugin:0.8.8:prepare-agent (default) @ hg-store-test ---
[INFO] Skipping JaCoCo execution because property jacoco.skip is set.
[INFO] argLine set to empty
[INFO] 
[INFO] --- maven-remote-resources-plugin:3.3.0:process (process-resource-bundles) @ hg-store-test ---
[INFO] Preparing remote bundle org.apache:apache-jar-resource-bundle:1.4
[INFO] Copying 3 resources from 1 bundle.
[WARNING] Failed to build parent project for org.apache.hugegraph:hugegraph-store:pom:1.7.0
[WARNING] Failed to build parent project for org.apache.hugegraph:hugegraph-store:pom:1.7.0
[WARNING] Failed to build parent project for org.apache.hugegraph:hugegraph-commons:pom:1.7.0
[WARNING] Failed to build parent project for org.apache.hugegraph:hugegraph-pd:pom:1.7.0
[WARNING] Failed to build parent project for org.apache.hugegraph:hugegraph-pd:pom:1.7.0
[WARNING] Failed to build parent project for org.apache.hugegraph:hugegraph-store:pom:1.7.0
[WARNING] Failed to build parent project for org.apache.hugegraph:hugegraph-store:pom:1.7.0
[WARNING] Failed to build parent project for org.apache.hugegraph:hugegraph-server:pom:1.7.0
[WARNING] Failed to build parent project for org.apache.hugegraph:hugegraph-pd:pom:1.7.0
[WARNING] Failed to build parent project for org.apache.hugegraph:hugegraph-pd:pom:1.7.0
[INFO] Downloading from central: https://repo.maven.apache.org/maven2/org/junit/junit-bom/5.7.0/junit-bom-5.7.0.pom
[INFO] Downloaded from central: https://repo.maven.apache.org/maven2/org/junit/junit-bom/5.7.0/junit-bom-5.7.0.pom (5.1 kB at 14 kB/s)
[WARNING] Failed to build parent project for org.apache.hugegraph:hugegraph-store:pom:1.7.0
[WARNING] Failed to build parent project for org.apache.hugegraph:hugegraph-store:pom:1.7.0
[INFO] 
[INFO] --- maven-resources-plugin:3.1.0:resources (default-resources) @ hg-store-test ---
[INFO] Using 'UTF-8' encoding to copy filtered resources.
[INFO] Copying 2 resources
[INFO] Copying 3 resources
[INFO] 
[INFO] --- flatten-maven-plugin:1.2.7:flatten (flatten) @ hg-store-test ---
[INFO] Generating flattened POM of project org.apache.hugegraph:hg-store-test:jar:1.7.0...
[INFO] 
[INFO] --- maven-compiler-plugin:3.1:compile (default-compile) @ hg-store-test ---
[INFO] Nothing to compile - all classes are up to date
[INFO] 
[INFO] --- maven-resources-plugin:3.1.0:testResources (default-testResources) @ hg-store-test ---
[INFO] Using 'UTF-8' encoding to copy filtered resources.
[INFO] skip non existing resourceDirectory /home/zy/code/hugegraph/hugegraph-store/hg-store-test/src/test/resources
[INFO] Copying 3 resources
[INFO] 
[INFO] --- maven-compiler-plugin:3.1:testCompile (default-testCompile) @ hg-store-test ---
[INFO] No sources to compile
[INFO] 
[INFO] --- maven-surefire-plugin:2.20:test (default-test) @ hg-store-test ---
[INFO] 
[INFO] --- maven-surefire-plugin:2.20:test (store-core-test) @ hg-store-test ---
[INFO] 
[INFO] -------------------------------------------------------
[INFO]  T E S T S
[INFO] -------------------------------------------------------
[INFO] Running org.apache.hugegraph.store.core.snapshot.SnapshotHandlerTest
2026-09-13 10:35:29 [main] [INFO] o.a.h.s.o.RaftRocksdbOptions - RocksdbConfig -1
2026-09-13 10:35:29 [main] [WARN] o.a.h.c.OptionSpace - Already registered option holder: rocksdb (class org.apache.hugegraph.rocksdb.access.RocksDBOptions)
2026-09-13 10:35:29 [main] [WARN] o.a.h.c.HugeConfig - The config option 'rocksdb.write_cache' is redundant, please ensure it has been registered
2026-09-13 10:35:29 [main] [WARN] o.a.h.c.HugeConfig - The config option 'rocksdb.write_buffer_manager' is redundant, please ensure it has been registered
2026-09-13 10:35:29 [main] [WARN] o.a.h.c.HugeConfig - The config option 'rocksdb.env' is redundant, please ensure it has been registered
2026-09-13 10:35:29 [main] [WARN] o.a.h.c.HugeConfig - The config option 'rocksdb.block_table_config' is redundant, please ensure it has been registered
2026-09-13 10:35:29 [main] [WARN] o.a.h.c.HugeConfig - The config option 'rocksdb.block_cache' is redundant, please ensure it has been registered
2026-09-13 10:35:29 [main] [INFO] o.a.h.r.a.RocksDBFactory - create rocksdb for hgstore-metadata
2026-09-13 10:35:29 [main] [INFO] o.a.h.r.a.RocksDBSession - hgstore-metadata latest db path /tmp/junit/hgstore-metadata
2026-09-13 10:35:29 [main] [INFO] o.a.h.r.a.RocksDBSession - rocksdb use global WriteBufferManager
2026-09-13 10:35:29 [main] [INFO] c.a.s.j.u.JRaftServiceLoader - SPI service [com.alipay.sofa.jraft.util.timer.RaftTimerFactory - com.alipay.sofa.jraft.util.timer.DefaultRaftTimerFactory] loading.
2026-09-13 10:35:29 [main] [INFO] c.a.s.j.u.JRaftServiceLoader - SPI service [com.alipay.sofa.jraft.rpc.RaftRpcFactory - com.alipay.sofa.jraft.rpc.impl.BoltRaftRpcFactory] loading.
Sofa-Middleware-Log SLF4J : Actual binding is of type [ com.alipay.remoting Log4j2 ]
2026-09-13 10:35:29 [main] [INFO] c.a.s.c.log - Sofa-Middleware-Log SLF4J : Actual binding is of type [ com.alipay.remoting Log4j2 ]
2026-09-13 10:35:29 [hg-heartbeat] [INFO] o.a.h.s.p.FakePdServiceProvider - registerStore storeId:0, storeAddress:127.0.0.1:6511
2026-09-13 10:35:29 [main] [INFO] o.a.h.s.m.StoreMetadata - allocate db path using partition count: db count stats: {/tmp/junit=0}
2026-09-13 10:35:29 [main] [INFO] o.a.h.r.a.RocksDBFactory - create rocksdb for 00000
2026-09-13 10:35:29 [main] [INFO] o.a.h.r.a.RocksDBSession - 00000 latest db path /tmp/junit/db/00000
2026-09-13 10:35:29 [main] [INFO] o.a.h.r.a.RocksDBSession - rocksdb use global WriteBufferManager
2026-09-13 10:35:29 [hg-heartbeat] [INFO] o.a.h.s.HeartbeatService - Register Store id= -35791620 successfully. store = Store(version=1.7.0, id=-35791620, storeAddress=127.0.0.1:6511, pdAddress=null, raftAddress=127.0.0.1:6510, deployPath=/home/zy/code/hugegraph/hugegraph-store/hg-store-test/target/classes/, dataPath=/tmp/junit, dataVersion=1, partitionCount=0, startTime=0, usedSize=0, pdHeartbeatInterval=0, state=Unknown, labels=null, cores=16), clusterStats 
2026-09-13 10:35:29 [JRaft-Closure-Executor-0] [INFO] o.a.h.s.HgStoreEngine - stateChanged, oldState Unknown, newState Up
2026-09-13 10:35:29 [JRaft-Closure-Executor-0] [ERROR] o.a.h.s.m.PartitionManager - partition 0 Directory not exists,options /tmp/junit
2026-09-13 10:35:29 [main] [INFO] o.a.h.s.HgStoreEngine - createPartitionEngine 0, with shards: { id:-35791620,role:Leader }
2026-09-13 10:35:29 [main] [INFO] o.a.h.s.m.StoreMetadata - allocate db path using partition count: db count stats: {/tmp/junit=0}
2026-09-13 10:35:29 [main] [INFO] o.a.h.s.PartitionEngine - PartitionEngine starting: PartitionEngine{groupId =0, isLeader=false, options=PartitionEngineOptions(taskScheduleTime=60, splitPartitionTimeout=1800000, raftOptions=HgStoreEngineOptions.RaftOptions(rpcConnectTimeoutMs=1000, electionTimeoutMs=3000, rpcInstallSnapshotTimeout=3600000, waitLeaderTimeout=30, maxEntriesSize=256, maxBodySize=524288, overloadRateLimit=100, keepInMemorySegmentCount=2, preAllocateSegmentCount=1, splitPartitionLogIndexMargin=10, rpcDefaultTimeout=5000, snapshotIntervalSecs=3600, snapshotDownloadingThreads=4, snapshotLogIndexMargin=1024, metrics=true, disruptorBufferSize=4096, maxReplicatorInflightMsgs=256, maxLogSize=104857600, aveLogEntrySizeRatio=0.95, useRocksDBSegmentLogStorage=true, maxSegmentFileSize=67108864), raftDataPath=/tmp/junit/raft/00000, raftSnapShotPath=/tmp/junit/raft/00000, groupId=0, raftAddress=127.0.0.1:6510, peerList=[127.0.0.1:6510::100], conf=null, taskHandler=null)}
2026-09-13 10:35:29 [main] [INFO] c.a.s.j.u.JRaftServiceLoader - SPI service [com.alipay.sofa.jraft.JRaftServiceFactory - com.alipay.sofa.jraft.core.DefaultJRaftServiceFactory] loading.
2026-09-13 10:35:29 [main] [INFO] c.a.s.j.u.JRaftServiceLoader - SPI service [com.alipay.sofa.jraft.util.JRaftSignalHandler - com.alipay.sofa.jraft.NodeDescribeSignalHandler] loading.
2026-09-13 10:35:29 [main] [INFO] c.a.s.j.u.JRaftServiceLoader - SPI service [com.alipay.sofa.jraft.util.JRaftSignalHandler - com.alipay.sofa.jraft.NodeMetricsSignalHandler] loading.
2026-09-13 10:35:29 [main] [INFO] c.a.s.j.u.JRaftServiceLoader - SPI service [com.alipay.sofa.jraft.util.JRaftSignalHandler - com.alipay.sofa.jraft.ThreadPoolMetricsSignalHandler] loading.
2026-09-13 10:35:29 [main] [INFO] c.a.s.j.c.NodeImpl - The number of active nodes increment to 1.
2026-09-13 10:35:29 [main] [INFO] c.a.s.j.s.l.RocksDBSegmentLogStorage - RocksDBSegmentLogStorage Loaded 0 segment files and  0 blank segment files from path /tmp/junit/raft/00000/log/segments.
2026-09-13 10:35:29 [main] [INFO] c.a.s.j.s.l.RocksDBSegmentLogStorage - RocksDBSegmentLogStorage segments: 
[
]
2026-09-13 10:35:29 [main] [INFO] c.a.s.j.s.l.RocksDBSegmentLogStorage - RocksDBSegmentLogStorage started checkpoint task.
2026-09-13 10:35:29 [main] [INFO] c.a.s.j.s.l.SegmentFile - Created a new segment file /tmp/junit/raft/00000/log/segments/0000000000000000000.s cost 11 ms, wrotePosition=18, bufferPosition=18, mappedSize=1073741824.
2026-09-13 10:35:29 [main] [INFO] c.a.s.j.s.l.RocksDBSegmentLogStorage - Create a new segment file /tmp/junit/raft/00000/log/segments/0000000000000000000.s.
2026-09-13 10:35:29 [main] [INFO] c.a.s.j.s.l.RocksDBSegmentLogStorage - RocksDBSegmentLogStorage init and load cost 16 ms.
2026-09-13 10:35:29 [SegmentAllocator] [INFO] c.a.s.j.s.l.RocksDBSegmentLogStorage - SegmentAllocator is started.
2026-09-13 10:35:29 [main] [INFO] c.a.s.j.c.FSMCallerImpl - Starts FSMCaller successfully.
2026-09-13 10:35:29 [SegmentAllocator] [INFO] c.a.s.j.s.l.SegmentFile - Created a new segment file /tmp/junit/raft/00000/log/segments/0000000000000000001.s cost 7 ms, wrotePosition=18, bufferPosition=18, mappedSize=1073741824.
2026-09-13 10:35:29 [SegmentAllocator] [INFO] c.a.s.j.s.l.RocksDBSegmentLogStorage - Create a new segment file /tmp/junit/raft/00000/log/segments/0000000000000000001.s.
2026-09-13 10:35:29 [main] [WARN] c.a.s.j.s.s.l.LocalSnapshotStorage - No data for snapshot reader /tmp/junit/raft/00000/snapshot.
2026-09-13 10:35:29 [main] [INFO] c.a.s.j.c.NodeImpl - Node <hg_0/127.0.0.1:6510> init, term=0, lastLogId=LogId [index=0, term=0], conf=127.0.0.1:6510::100, oldConf=.
2026-09-13 10:35:29 [main] [INFO] c.a.s.j.c.NodeImpl - Node <hg_0/127.0.0.1:6510> start vote and grant vote self, term=0.
2026-09-13 10:35:29 [main] [INFO] c.a.s.j.s.i.LocalRaftMetaStorage - Save raft meta, path=/tmp/junit/raft/00000/meta, term=1, votedFor=127.0.0.1:6510, cost time=14 ms
2026-09-13 10:35:29 [main] [INFO] c.a.s.j.c.NodeImpl - Node <hg_0/127.0.0.1:6510> become leader of group, term=1, conf=127.0.0.1:6510::100, oldConf=.
2026-09-13 10:35:29 [main] [INFO] c.a.s.j.u.Recyclers - -Djraft.recyclers.maxCapacityPerThread: 4096.
2026-09-13 10:35:29 [main] [WARN] c.a.s.j.RaftGroupService - RPC server is not started in RaftGroupService.
2026-09-13 10:35:29 [main] [INFO] c.a.s.j.RaftGroupService - Start the RaftGroupService successfully.
2026-09-13 10:35:29 [main] [INFO] o.a.h.s.PartitionEngine - PartitionEngine start successfully: id = 0, peers list = [127.0.0.1:6510::100]
2026-09-13 10:35:29 [main] [INFO] o.a.h.s.s.SnapshotHandler - skip to load snapshot because of should_not_load flag
2026-09-13 10:35:29 [main] [INFO] o.a.h.r.a.RocksDBSession - begin save snapshot at /tmp/snapshot/data
2026-09-13 10:35:30 [JRaft-FSMCaller-Disruptor-0] [INFO] c.a.s.j.c.StateMachineAdapter - onLeaderStart: term=1.
2026-09-13 10:35:30 [JRaft-FSMCaller-Disruptor-0] [INFO] o.a.h.s.r.PartitionStateMachine - Raft 0 becomes leader 
2026-09-13 10:35:30 [JRaft-Closure-Executor-4] [INFO] o.a.h.s.PartitionEngine - Raft 0 onLeaderStart newTerm is 1
2026-09-13 10:35:30 [JRaft-Closure-Executor-4] [INFO] o.a.h.s.PartitionEngine - Raft 0 onConfigurationCommitted, conf is 127.0.0.1:6510::100
2026-09-13 10:35:30 [JRaft-Closure-Executor-4] [INFO] o.a.h.s.PartitionEngine - Raft 0 onConfigurationCommitted, shardGroup [store_id: 18446744073673759996
role: Leader
]
2026-09-13 10:35:30 [SegmentAllocator] [INFO] c.a.s.j.s.l.SegmentFile - Created a new segment file /tmp/junit/raft/00000/log/segments/0000000000000000002.s cost 10 ms, wrotePosition=18, bufferPosition=18, mappedSize=1073741824.
2026-09-13 10:35:30 [SegmentAllocator] [INFO] c.a.s.j.s.l.RocksDBSegmentLogStorage - Create a new segment file /tmp/junit/raft/00000/log/segments/0000000000000000002.s.
2026-09-13 10:35:30 [JRaft-FSMCaller-Disruptor-0] [INFO] o.a.h.s.PartitionEngine - receive sync partition graph_name: "graph0"
end_key: 65535
version: 1
state: PState_Normal

2026-09-13 10:35:30 [JRaft-FSMCaller-Disruptor-0] [INFO] o.a.h.s.HgStoreEngine - Partition graph0-0-PState_Normal sync partition status is Status[OK]
2026-09-13 10:35:30 [main] [INFO] o.a.h.r.a.RocksDBSession - saved snapshot into /tmp/snapshot/data, time cost 43 ms
2026-09-13 10:35:30 [main] [INFO] o.a.h.s.s.SnapshotHandler - skip to load snapshot because of should_not_load flag
2026-09-13 10:35:30 [main] [INFO] o.a.h.s.HeartbeatService - HeartbeatService shutdown
2026-09-13 10:35:30 [main] [INFO] c.a.s.j.c.NodeImpl - Node <hg_0/127.0.0.1:6510> starts to transfer leadership to any peer.
2026-09-13 10:35:30 [main] [WARN] o.a.h.s.HgStoreEngine - transfer leader error: Status[UNKNOWN<-1>: Candidate not found for any peer]
2026-09-13 10:35:30 [main] [INFO] c.a.s.j.c.NodeImpl - Node <hg_0/127.0.0.1:6510> shutdown, currTerm=1 state=STATE_LEADER.
2026-09-13 10:35:30 [main] [INFO] c.a.s.j.c.ReplicatorGroupImpl - Fail to find the next candidate.
2026-09-13 10:35:30 [JRaft-Closure-Executor-8] [INFO] o.a.h.s.HgStoreEngine - Partition graph0-0-PState_Normal sync partition status is Status[EPERM<1008>: Leader stepped down]
2026-09-13 10:35:30 [JRaft-Closure-Executor-8] [INFO] o.a.h.s.HgStoreEngine - Partition graph0-0-PState_Normal sync partition status is Status[EPERM<1008>: Leader stepped down]
2026-09-13 10:35:30 [JRaft-Closure-Executor-8] [INFO] o.a.h.s.HgStoreEngine - Partition graph0-0-PState_Normal sync partition status is Status[EPERM<1008>: Leader stepped down]
2026-09-13 10:35:30 [JRaft-FSMCaller-Disruptor-0] [INFO] c.a.s.j.c.StateMachineAdapter - onLeaderStop: status=Status[ESHUTDOWN<1007>: Raft node is going to quit.].
2026-09-13 10:35:30 [JRaft-FSMCaller-Disruptor-0] [INFO] o.a.h.s.r.PartitionStateMachine - Raft 0 lost leader 
2026-09-13 10:35:30 [main] [INFO] c.a.s.j.s.i.LocalRaftMetaStorage - Save raft meta, path=/tmp/junit/raft/00000/meta, term=1, votedFor=127.0.0.1:6510, cost time=16 ms
2026-09-13 10:35:30 [main] [INFO] c.a.s.j.c.FSMCallerImpl - Shutting down FSMCaller...
2026-09-13 10:35:30 [main] [INFO] c.a.s.j.c.StateMachineAdapter - onShutdown.
2026-09-13 10:35:30 [main] [INFO] c.a.s.j.u.LogThreadPoolExecutor - ThreadPool is terminated: JRaft-RPC-Processor, com.alipay.sofa.jraft.util.MetricThreadPoolExecutor@396639b[Shutting down, pool size = 0, active threads = 0, queued tasks = 0, completed tasks = 0].
2026-09-13 10:35:30 [main] [INFO] c.a.s.j.u.LogScheduledThreadPoolExecutor - ThreadPool is terminated: JRaft-Node-ScheduleThreadPool, com.alipay.sofa.jraft.util.MetricScheduledThreadPoolExecutor@10acd6[Shutting down, pool size = 0, active threads = 0, queued tasks = 0, completed tasks = 0].
2026-09-13 10:35:30 [JRaft-NodeImpl-Disruptor-0] [INFO] c.a.s.j.c.NodeImpl - The number of active nodes decrement to 0.
2026-09-13 10:35:30 [JRaft-Global-ElectionTimer0] [INFO] c.a.s.j.u.LogScheduledThreadPoolExecutor - ThreadPool is terminated: JRaft-Global-ElectionTimer, com.alipay.sofa.jraft.util.MetricScheduledThreadPoolExecutor@6f6621e3[Shutting down, pool size = 0, active threads = 0, queued tasks = 0, completed tasks = 0].
2026-09-13 10:35:30 [main] [INFO] c.a.s.j.u.RepeatedTimer - Destroy timer: RepeatedTimer{timeout=null, stopped=true, running=false, destroyed=true, invoking=false, timeoutMs=3000, name='JRaft-ElectionTimer-<hg_0/127.0.0.1:6510>'}.
2026-09-13 10:35:30 [JRaft-Global-VoteTimer0] [INFO] c.a.s.j.u.LogScheduledThreadPoolExecutor - ThreadPool is terminated: JRaft-Global-VoteTimer, com.alipay.sofa.jraft.util.MetricScheduledThreadPoolExecutor@4e93dcb9[Shutting down, pool size = 0, active threads = 0, queued tasks = 0, completed tasks = 0].
2026-09-13 10:35:30 [main] [INFO] c.a.s.j.u.RepeatedTimer - Destroy timer: RepeatedTimer{timeout=null, stopped=true, running=false, destroyed=true, invoking=false, timeoutMs=3000, name='JRaft-VoteTimer-<hg_0/127.0.0.1:6510>'}.
2026-09-13 10:35:30 [JRaft-Global-StepDownTimer0] [INFO] c.a.s.j.u.LogScheduledThreadPoolExecutor - ThreadPool is terminated: JRaft-Global-StepDownTimer, com.alipay.sofa.jraft.util.MetricScheduledThreadPoolExecutor@6240651f[Shutting down, pool size = 0, active threads = 0, queued tasks = 0, completed tasks = 0].
2026-09-13 10:35:30 [main] [INFO] c.a.s.j.u.RepeatedTimer - Destroy timer: RepeatedTimer{timeout=null, stopped=true, running=false, destroyed=true, invoking=false, timeoutMs=1500, name='JRaft-StepDownTimer-<hg_0/127.0.0.1:6510>'}.
2026-09-13 10:35:30 [JRaft-Global-SnapshotTimer0] [INFO] c.a.s.j.u.LogScheduledThreadPoolExecutor - ThreadPool is terminated: JRaft-Global-SnapshotTimer, com.alipay.sofa.jraft.util.MetricScheduledThreadPoolExecutor@351f2244[Shutting down, pool size = 0, active threads = 0, queued tasks = 0, completed tasks = 0].
2026-09-13 10:35:30 [main] [INFO] c.a.s.j.u.RepeatedTimer - Destroy timer: RepeatedTimer{timeout=null, stopped=true, running=false, destroyed=true, invoking=false, timeoutMs=3600000, name='JRaft-SnapshotTimer-<hg_0/127.0.0.1:6510>'}.
2026-09-13 10:35:30 [main] [INFO] c.a.s.j.RaftGroupService - Stop the RaftGroupService successfully.
2026-09-13 10:35:30 [JRaft-Closure-Executor-14] [INFO] c.a.s.j.s.l.RocksDBSegmentLogStorage - RocksDBSegmentLogStorage stopped checkpoint task.
2026-09-13 10:35:30 [SegmentAllocator] [INFO] c.a.s.j.s.l.RocksDBSegmentLogStorage - SegmentAllocator exit.
2026-09-13 10:35:30 [JRaft-Closure-Executor-14] [INFO] c.a.s.j.s.l.SegmentFile - Unloaded segment file /tmp/junit/raft/00000/log/segments/0000000000000000000.s, current status: SegmentFile [firstLogIndex=2, lastLogIndex=5, size=1073741824, path=/tmp/junit/raft/00000/log/segments/0000000000000000000.s, wrotePos=18, committedPos=18].
2026-09-13 10:35:30 [JRaft-Closure-Executor-14] [INFO] c.a.s.j.s.l.SegmentFile - Unloaded segment file /tmp/junit/raft/00000/log/segments/0000000000000000001.s, current status: SegmentFile [firstLogIndex=-99, lastLogIndex=9223372036854775807, size=1073741824, path=/tmp/junit/raft/00000/log/segments/0000000000000000001.s, wrotePos=18, committedPos=18].
2026-09-13 10:35:30 [JRaft-Closure-Executor-14] [INFO] c.a.s.j.s.l.SegmentFile - Unloaded segment file /tmp/junit/raft/00000/log/segments/0000000000000000002.s, current status: SegmentFile [firstLogIndex=-99, lastLogIndex=9223372036854775807, size=1073741824, path=/tmp/junit/raft/00000/log/segments/0000000000000000002.s, wrotePos=18, committedPos=18].
2026-09-13 10:35:30 [JRaft-Closure-Executor-14] [INFO] c.a.s.j.u.LogThreadPoolExecutor - ThreadPool is terminated: RocksDBSegmentLogStorage-write-pool, com.alipay.sofa.jraft.util.MetricThreadPoolExecutor@3d278b4d[Shutting down, pool size = 0, active threads = 0, queued tasks = 0, completed tasks = 0].
2026-09-13 10:35:30 [JRaft-Closure-Executor-14] [INFO] c.a.s.j.s.i.RocksDBLogStorage - DB destroyed, the db path is: /tmp/junit/raft/00000/log.
2026-09-13 10:35:30 [main] [INFO] o.a.h.s.PartitionEngine - PartitionEngine shutdown successfully: PartitionEngine{groupId =0, isLeader=false, options=PartitionEngineOptions(taskScheduleTime=60, splitPartitionTimeout=1800000, raftOptions=HgStoreEngineOptions.RaftOptions(rpcConnectTimeoutMs=1000, electionTimeoutMs=3000, rpcInstallSnapshotTimeout=3600000, waitLeaderTimeout=30, maxEntriesSize=256, maxBodySize=524288, overloadRateLimit=100, keepInMemorySegmentCount=2, preAllocateSegmentCount=1, splitPartitionLogIndexMargin=10, rpcDefaultTimeout=5000, snapshotIntervalSecs=3600, snapshotDownloadingThreads=4, snapshotLogIndexMargin=1024, metrics=true, disruptorBufferSize=4096, maxReplicatorInflightMsgs=256, maxLogSize=104857600, aveLogEntrySizeRatio=0.95, useRocksDBSegmentLogStorage=true, maxSegmentFileSize=67108864), raftDataPath=/tmp/junit/raft/00000, raftSnapShotPath=/tmp/junit/raft/00000, groupId=0, raftAddress=127.0.0.1:6510, peerList=[127.0.0.1:6510::100], conf=null, taskHandler=null)}.
2026-09-13 10:35:30 [main] [INFO] o.a.h.r.a.RocksDBFactory - close 00000 's  rocksdb.
2026-09-13 10:35:30 [main] [INFO] o.a.h.r.a.RocksDBSession - shutdown db 00000, path is /tmp/junit/db/00000 
2026-09-13 10:35:30 [main] [INFO] o.a.h.r.a.RocksDBFactory - closing all rocksdb....
2026-09-13 10:35:30 [main] [INFO] o.a.h.r.a.RocksDBSession - shutdown db hgstore-metadata, path is /tmp/junit/hgstore-metadata 
[INFO] Tests run: 5, Failures: 0, Errors: 0, Skipped: 0, Time elapsed: 1.346 s - in org.apache.hugegraph.store.core.snapshot.SnapshotHandlerTest
[INFO] Running org.apache.hugegraph.store.core.BatchGraphIsolationTest
2026-09-13 10:35:31 [main] [INFO] o.a.h.s.o.RaftRocksdbOptions - RocksdbConfig -1
2026-09-13 10:35:31 [main] [WARN] o.a.h.c.OptionSpace - Already registered option holder: rocksdb (class org.apache.hugegraph.rocksdb.access.RocksDBOptions)
2026-09-13 10:35:31 [main] [WARN] o.a.h.c.HugeConfig - The config option 'rocksdb.write_cache' is redundant, please ensure it has been registered
2026-09-13 10:35:31 [main] [WARN] o.a.h.c.HugeConfig - The config option 'rocksdb.write_buffer_manager' is redundant, please ensure it has been registered
2026-09-13 10:35:31 [main] [WARN] o.a.h.c.HugeConfig - The config option 'rocksdb.env' is redundant, please ensure it has been registered
2026-09-13 10:35:31 [main] [WARN] o.a.h.c.HugeConfig - The config option 'rocksdb.block_table_config' is redundant, please ensure it has been registered
2026-09-13 10:35:31 [main] [WARN] o.a.h.c.HugeConfig - The config option 'rocksdb.block_cache' is redundant, please ensure it has been registered
2026-09-13 10:35:31 [main] [INFO] o.a.h.r.a.RocksDBFactory - create rocksdb for 00000
2026-09-13 10:35:31 [main] [INFO] o.a.h.r.a.RocksDBSession - 00000 latest db path /tmp/hugegraph-batch-graph-isolation-15204934458170581608/data/00000
2026-09-13 10:35:31 [main] [INFO] o.a.h.r.a.RocksDBSession - rocksdb use global WriteBufferManager
2026-09-13 10:35:31 [main] [INFO] o.a.h.s.m.GraphIdManager - partition: 0, Graph ID 0 is allocated for graph batch-put-graph-1, stack: [java.base/java.lang.Thread.getStackTrace(Thread.java:2451), org.apache.hugegraph.store.meta.GraphIdManager.getGraphIdOrCreate(GraphIdManager.java:98), org.apache.hugegraph.store.business.InnerKeyCreator.getGraphIdOrCreate(InnerKeyCreator.java:64), org.apache.hugegraph.store.business.InnerKeyCreator.getKeyOrCreate(InnerKeyCreator.java:90), org.apache.hugegraph.store.business.BusinessHandlerImpl$TxBuilderImpl.put(BusinessHandlerImpl.java:1650), org.apache.hugegraph.store.business.BusinessHandler.doBatch(BusinessHandler.java:170), org.apache.hugegraph.store.core.BatchGraphIsolationTest.writeBatch(BatchGraphIsolationTest.java:273), org.apache.hugegraph.store.core.BatchGraphIsolationTest.writeBatch(BatchGraphIsolationTest.java:258), org.apache.hugegraph.store.core.BatchGraphIsolationTest.writeBatch(BatchGraphIsolationTest.java:254), org.apache.hugegraph.store.core.BatchGraphIsolationTest.testBatchPutKeepsGraphsIsolated(BatchGraphIsolationTest.java:230), java.base/jdk.internal.reflect.DirectMethodHandleAccessor.invoke(DirectMethodHandleAccessor.java:103), java.base/java.lang.reflect.Method.invoke(Method.java:580), org.junit.runners.model.FrameworkMethod$1.runReflectiveCall(FrameworkMethod.java:59), org.junit.internal.runners.model.ReflectiveCallable.run(ReflectiveCallable.java:12), org.junit.runners.model.FrameworkMethod.invokeExplosively(FrameworkMethod.java:56), org.junit.internal.runners.statements.InvokeMethod.evaluate(InvokeMethod.java:17), org.junit.runners.ParentRunner$3.evaluate(ParentRunner.java:306), org.junit.runners.BlockJUnit4ClassRunner$1.evaluate(BlockJUnit4ClassRunner.java:100), org.junit.runners.ParentRunner.runLeaf(ParentRunner.java:366), org.junit.runners.BlockJUnit4ClassRunner.runChild(BlockJUnit4ClassRunner.java:103), org.junit.runners.BlockJUnit4ClassRunner.runChild(BlockJUnit4ClassRunner.java:63), org.junit.runners.ParentRunner$4.run(ParentRunner.java:331), org.junit.runners.ParentRunner$1.schedule(ParentRunner.java:79), org.junit.runners.ParentRunner.runChildren(ParentRunner.java:329), org.junit.runners.ParentRunner.access$100(ParentRunner.java:66), org.junit.runners.ParentRunner$2.evaluate(ParentRunner.java:293), org.junit.internal.runners.statements.RunBefores.evaluate(RunBefores.java:26), org.junit.internal.runners.statements.RunAfters.evaluate(RunAfters.java:27), org.junit.runners.ParentRunner$3.evaluate(ParentRunner.java:306), org.junit.runners.ParentRunner.run(ParentRunner.java:413), org.apache.maven.surefire.junit4.JUnit4Provider.execute(JUnit4Provider.java:365), org.apache.maven.surefire.junit4.JUnit4Provider.executeWithRerun(JUnit4Provider.java:272), org.apache.maven.surefire.junit4.JUnit4Provider.executeTestSet(JUnit4Provider.java:236), org.apache.maven.surefire.junit4.JUnit4Provider.invoke(JUnit4Provider.java:159), org.apache.maven.surefire.booter.ForkedBooter.invokeProviderInSameClassLoader(ForkedBooter.java:386), org.apache.maven.surefire.booter.ForkedBooter.runSuitesInProcess(ForkedBooter.java:323), org.apache.maven.surefire.booter.ForkedBooter.main(ForkedBooter.java:143)]
2026-09-13 10:35:31 [main] [INFO] o.a.h.s.m.GraphIdManager - partition: 0, Graph ID 1 is allocated for graph batch-put-graph-2, stack: [java.base/java.lang.Thread.getStackTrace(Thread.java:2451), org.apache.hugegraph.store.meta.GraphIdManager.getGraphIdOrCreate(GraphIdManager.java:98), org.apache.hugegraph.store.business.InnerKeyCreator.getGraphIdOrCreate(InnerKeyCreator.java:64), org.apache.hugegraph.store.business.InnerKeyCreator.getKeyOrCreate(InnerKeyCreator.java:90), org.apache.hugegraph.store.business.BusinessHandlerImpl$TxBuilderImpl.put(BusinessHandlerImpl.java:1650), org.apache.hugegraph.store.business.BusinessHandler.doBatch(BusinessHandler.java:170), org.apache.hugegraph.store.core.BatchGraphIsolationTest.writeBatch(BatchGraphIsolationTest.java:273), org.apache.hugegraph.store.core.BatchGraphIsolationTest.writeBatch(BatchGraphIsolationTest.java:258), org.apache.hugegraph.store.core.BatchGraphIsolationTest.writeBatch(BatchGraphIsolationTest.java:254), org.apache.hugegraph.store.core.BatchGraphIsolationTest.testBatchPutKeepsGraphsIsolated(BatchGraphIsolationTest.java:231), java.base/jdk.internal.reflect.DirectMethodHandleAccessor.invoke(DirectMethodHandleAccessor.java:103), java.base/java.lang.reflect.Method.invoke(Method.java:580), org.junit.runners.model.FrameworkMethod$1.runReflectiveCall(FrameworkMethod.java:59), org.junit.internal.runners.model.ReflectiveCallable.run(ReflectiveCallable.java:12), org.junit.runners.model.FrameworkMethod.invokeExplosively(FrameworkMethod.java:56), org.junit.internal.runners.statements.InvokeMethod.evaluate(InvokeMethod.java:17), org.junit.runners.ParentRunner$3.evaluate(ParentRunner.java:306), org.junit.runners.BlockJUnit4ClassRunner$1.evaluate(BlockJUnit4ClassRunner.java:100), org.junit.runners.ParentRunner.runLeaf(ParentRunner.java:366), org.junit.runners.BlockJUnit4ClassRunner.runChild(BlockJUnit4ClassRunner.java:103), org.junit.runners.BlockJUnit4ClassRunner.runChild(BlockJUnit4ClassRunner.java:63), org.junit.runners.ParentRunner$4.run(ParentRunner.java:331), org.junit.runners.ParentRunner$1.schedule(ParentRunner.java:79), org.junit.runners.ParentRunner.runChildren(ParentRunner.java:329), org.junit.runners.ParentRunner.access$100(ParentRunner.java:66), org.junit.runners.ParentRunner$2.evaluate(ParentRunner.java:293), org.junit.internal.runners.statements.RunBefores.evaluate(RunBefores.java:26), org.junit.internal.runners.statements.RunAfters.evaluate(RunAfters.java:27), org.junit.runners.ParentRunner$3.evaluate(ParentRunner.java:306), org.junit.runners.ParentRunner.run(ParentRunner.java:413), org.apache.maven.surefire.junit4.JUnit4Provider.execute(JUnit4Provider.java:365), org.apache.maven.surefire.junit4.JUnit4Provider.executeWithRerun(JUnit4Provider.java:272), org.apache.maven.surefire.junit4.JUnit4Provider.executeTestSet(JUnit4Provider.java:236), org.apache.maven.surefire.junit4.JUnit4Provider.invoke(JUnit4Provider.java:159), org.apache.maven.surefire.booter.ForkedBooter.invokeProviderInSameClassLoader(ForkedBooter.java:386), org.apache.maven.surefire.booter.ForkedBooter.runSuitesInProcess(ForkedBooter.java:323), org.apache.maven.surefire.booter.ForkedBooter.main(ForkedBooter.java:143)]
2026-09-13 10:35:31 [main] [INFO] o.a.h.s.m.GraphIdManager - partition: 0, Graph ID 2 is allocated for graph batch-merge-graph-1, stack: [java.base/java.lang.Thread.getStackTrace(Thread.java:2451), org.apache.hugegraph.store.meta.GraphIdManager.getGraphIdOrCreate(GraphIdManager.java:98), org.apache.hugegraph.store.business.InnerKeyCreator.getGraphIdOrCreate(InnerKeyCreator.java:64), org.apache.hugegraph.store.business.InnerKeyCreator.getKeyOrCreate(InnerKeyCreator.java:90), org.apache.hugegraph.store.business.BusinessHandlerImpl$TxBuilderImpl.merge(BusinessHandlerImpl.java:1715), org.apache.hugegraph.store.business.BusinessHandler.doBatch(BusinessHandler.java:187), org.apache.hugegraph.store.core.BatchGraphIsolationTest.writeBatch(BatchGraphIsolationTest.java:273), org.apache.hugegraph.store.core.BatchGraphIsolationTest.writeBatch(BatchGraphIsolationTest.java:258), org.apache.hugegraph.store.core.BatchGraphIsolationTest.writeBatch(BatchGraphIsolationTest.java:254), org.apache.hugegraph.store.core.BatchGraphIsolationTest.testBatchMergeKeepsGraphsIsolated(BatchGraphIsolationTest.java:246), java.base/jdk.internal.reflect.DirectMethodHandleAccessor.invoke(DirectMethodHandleAccessor.java:103), java.base/java.lang.reflect.Method.invoke(Method.java:580), org.junit.runners.model.FrameworkMethod$1.runReflectiveCall(FrameworkMethod.java:59), org.junit.internal.runners.model.ReflectiveCallable.run(ReflectiveCallable.java:12), org.junit.runners.model.FrameworkMethod.invokeExplosively(FrameworkMethod.java:56), org.junit.internal.runners.statements.InvokeMethod.evaluate(InvokeMethod.java:17), org.junit.runners.ParentRunner$3.evaluate(ParentRunner.java:306), org.junit.runners.BlockJUnit4ClassRunner$1.evaluate(BlockJUnit4ClassRunner.java:100), org.junit.runners.ParentRunner.runLeaf(ParentRunner.java:366), org.junit.runners.BlockJUnit4ClassRunner.runChild(BlockJUnit4ClassRunner.java:103), org.junit.runners.BlockJUnit4ClassRunner.runChild(BlockJUnit4ClassRunner.java:63), org.junit.runners.ParentRunner$4.run(ParentRunner.java:331), org.junit.runners.ParentRunner$1.schedule(ParentRunner.java:79), org.junit.runners.ParentRunner.runChildren(ParentRunner.java:329), org.junit.runners.ParentRunner.access$100(ParentRunner.java:66), org.junit.runners.ParentRunner$2.evaluate(ParentRunner.java:293), org.junit.internal.runners.statements.RunBefores.evaluate(RunBefores.java:26), org.junit.internal.runners.statements.RunAfters.evaluate(RunAfters.java:27), org.junit.runners.ParentRunner$3.evaluate(ParentRunner.java:306), org.junit.runners.ParentRunner.run(ParentRunner.java:413), org.apache.maven.surefire.junit4.JUnit4Provider.execute(JUnit4Provider.java:365), org.apache.maven.surefire.junit4.JUnit4Provider.executeWithRerun(JUnit4Provider.java:272), org.apache.maven.surefire.junit4.JUnit4Provider.executeTestSet(JUnit4Provider.java:236), org.apache.maven.surefire.junit4.JUnit4Provider.invoke(JUnit4Provider.java:159), org.apache.maven.surefire.booter.ForkedBooter.invokeProviderInSameClassLoader(ForkedBooter.java:386), org.apache.maven.surefire.booter.ForkedBooter.runSuitesInProcess(ForkedBooter.java:323), org.apache.maven.surefire.booter.ForkedBooter.main(ForkedBooter.java:143)]
2026-09-13 10:35:31 [main] [INFO] o.a.h.s.m.GraphIdManager - partition: 0, Graph ID 3 is allocated for graph batch-merge-graph-2, stack: [java.base/java.lang.Thread.getStackTrace(Thread.java:2451), org.apache.hugegraph.store.meta.GraphIdManager.getGraphIdOrCreate(GraphIdManager.java:98), org.apache.hugegraph.store.business.InnerKeyCreator.getGraphIdOrCreate(InnerKeyCreator.java:64), org.apache.hugegraph.store.business.InnerKeyCreator.getKeyOrCreate(InnerKeyCreator.java:90), org.apache.hugegraph.store.business.BusinessHandlerImpl$TxBuilderImpl.merge(BusinessHandlerImpl.java:1715), org.apache.hugegraph.store.business.BusinessHandler.doBatch(BusinessHandler.java:187), org.apache.hugegraph.store.core.BatchGraphIsolationTest.writeBatch(BatchGraphIsolationTest.java:273), org.apache.hugegraph.store.core.BatchGraphIsolationTest.writeBatch(BatchGraphIsolationTest.java:258), org.apache.hugegraph.store.core.BatchGraphIsolationTest.writeBatch(BatchGraphIsolationTest.java:254), org.apache.hugegraph.store.core.BatchGraphIsolationTest.testBatchMergeKeepsGraphsIsolated(BatchGraphIsolationTest.java:247), java.base/jdk.internal.reflect.DirectMethodHandleAccessor.invoke(DirectMethodHandleAccessor.java:103), java.base/java.lang.reflect.Method.invoke(Method.java:580), org.junit.runners.model.FrameworkMethod$1.runReflectiveCall(FrameworkMethod.java:59), org.junit.internal.runners.model.ReflectiveCallable.run(ReflectiveCallable.java:12), org.junit.runners.model.FrameworkMethod.invokeExplosively(FrameworkMethod.java:56), org.junit.internal.runners.statements.InvokeMethod.evaluate(InvokeMethod.java:17), org.junit.runners.ParentRunner$3.evaluate(ParentRunner.java:306), org.junit.runners.BlockJUnit4ClassRunner$1.evaluate(BlockJUnit4ClassRunner.java:100), org.junit.runners.ParentRunner.runLeaf(ParentRunner.java:366), org.junit.runners.BlockJUnit4ClassRunner.runChild(BlockJUnit4ClassRunner.java:103), org.junit.runners.BlockJUnit4ClassRunner.runChild(BlockJUnit4ClassRunner.java:63), org.junit.runners.ParentRunner$4.run(ParentRunner.java:331), org.junit.runners.ParentRunner$1.schedule(ParentRunner.java:79), org.junit.runners.ParentRunner.runChildren(ParentRunner.java:329), org.junit.runners.ParentRunner.access$100(ParentRunner.java:66), org.junit.runners.ParentRunner$2.evaluate(ParentRunner.java:293), org.junit.internal.runners.statements.RunBefores.evaluate(RunBefores.java:26), org.junit.internal.runners.statements.RunAfters.evaluate(RunAfters.java:27), org.junit.runners.ParentRunner$3.evaluate(ParentRunner.java:306), org.junit.runners.ParentRunner.run(ParentRunner.java:413), org.apache.maven.surefire.junit4.JUnit4Provider.execute(JUnit4Provider.java:365), org.apache.maven.surefire.junit4.JUnit4Provider.executeWithRerun(JUnit4Provider.java:272), org.apache.maven.surefire.junit4.JUnit4Provider.executeTestSet(JUnit4Provider.java:236), org.apache.maven.surefire.junit4.JUnit4Provider.invoke(JUnit4Provider.java:159), org.apache.maven.surefire.booter.ForkedBooter.invokeProviderInSameClassLoader(ForkedBooter.java:386), org.apache.maven.surefire.booter.ForkedBooter.runSuitesInProcess(ForkedBooter.java:323), org.apache.maven.surefire.booter.ForkedBooter.main(ForkedBooter.java:143)]
2026-09-13 10:35:31 [Time-limited test] [INFO] o.a.h.s.m.GraphIdManager - partition: 0, Graph ID 4 is allocated for graph in-flight-batch-graph, stack: [java.base/java.lang.Thread.getStackTrace(Thread.java:2451), org.apache.hugegraph.store.meta.GraphIdManager.getGraphIdOrCreate(GraphIdManager.java:98), org.apache.hugegraph.store.business.InnerKeyCreator.getGraphIdOrCreate(InnerKeyCreator.java:64), org.apache.hugegraph.store.business.InnerKeyCreator.getKeyOrCreate(InnerKeyCreator.java:90), org.apache.hugegraph.store.business.BusinessHandlerImpl$TxBuilderImpl.put(BusinessHandlerImpl.java:1650), org.apache.hugegraph.store.core.BatchGraphIsolationTest.put(BatchGraphIsolationTest.java:277), org.apache.hugegraph.store.core.BatchGraphIsolationTest.testTruncateWaitsForInFlightBatch(BatchGraphIsolationTest.java:152), java.base/jdk.internal.reflect.DirectMethodHandleAccessor.invoke(DirectMethodHandleAccessor.java:103), java.base/java.lang.reflect.Method.invoke(Method.java:580), org.junit.runners.model.FrameworkMethod$1.runReflectiveCall(FrameworkMethod.java:59), org.junit.internal.runners.model.ReflectiveCallable.run(ReflectiveCallable.java:12), org.junit.runners.model.FrameworkMethod.invokeExplosively(FrameworkMethod.java:56), org.junit.internal.runners.statements.InvokeMethod.evaluate(InvokeMethod.java:17), org.junit.internal.runners.statements.FailOnTimeout$CallableStatement.call(FailOnTimeout.java:299), org.junit.internal.runners.statements.FailOnTimeout$CallableStatement.call(FailOnTimeout.java:293), java.base/java.util.concurrent.FutureTask.run(FutureTask.java:317), java.base/java.lang.Thread.run(Thread.java:1583)]
2026-09-13 10:35:32 [Time-limited test] [INFO] o.a.h.s.m.GraphIdManager - partition: 0, Graph ID 5 is allocated for graph graph-after-truncate, stack: [java.base/java.lang.Thread.getStackTrace(Thread.java:2451), org.apache.hugegraph.store.meta.GraphIdManager.getGraphIdOrCreate(GraphIdManager.java:98), org.apache.hugegraph.store.business.InnerKeyCreator.getGraphIdOrCreate(InnerKeyCreator.java:64), org.apache.hugegraph.store.business.InnerKeyCreator.getKeyOrCreate(InnerKeyCreator.java:90), org.apache.hugegraph.store.business.BusinessHandlerImpl$TxBuilderImpl.put(BusinessHandlerImpl.java:1650), org.apache.hugegraph.store.business.BusinessHandler.doBatch(BusinessHandler.java:170), org.apache.hugegraph.store.core.BatchGraphIsolationTest.writeBatch(BatchGraphIsolationTest.java:273), org.apache.hugegraph.store.core.BatchGraphIsolationTest.writeBatch(BatchGraphIsolationTest.java:258), org.apache.hugegraph.store.core.BatchGraphIsolationTest.writeBatch(BatchGraphIsolationTest.java:254), org.apache.hugegraph.store.core.BatchGraphIsolationTest.testTruncateWaitsForInFlightBatch(BatchGraphIsolationTest.java:170), java.base/jdk.internal.reflect.DirectMethodHandleAccessor.invoke(DirectMethodHandleAccessor.java:103), java.base/java.lang.reflect.Method.invoke(Method.java:580), org.junit.runners.model.FrameworkMethod$1.runReflectiveCall(FrameworkMethod.java:59), org.junit.internal.runners.model.ReflectiveCallable.run(ReflectiveCallable.java:12), org.junit.runners.model.FrameworkMethod.invokeExplosively(FrameworkMethod.java:56), org.junit.internal.runners.statements.InvokeMethod.evaluate(InvokeMethod.java:17), org.junit.internal.runners.statements.FailOnTimeout$CallableStatement.call(FailOnTimeout.java:299), org.junit.internal.runners.statements.FailOnTimeout$CallableStatement.call(FailOnTimeout.java:293), java.base/java.util.concurrent.FutureTask.run(FutureTask.java:317), java.base/java.lang.Thread.run(Thread.java:1583)]
2026-09-13 10:35:32 [Time-limited test] [INFO] o.a.h.r.a.RocksDBFactory - create rocksdb for 00001
2026-09-13 10:35:32 [Time-limited test] [INFO] o.a.h.r.a.RocksDBSession - 00001 latest db path /tmp/hugegraph-batch-graph-isolation-15204934458170581608/data/00001
2026-09-13 10:35:32 [Time-limited test] [INFO] o.a.h.r.a.RocksDBSession - rocksdb use global WriteBufferManager
2026-09-13 10:35:32 [Time-limited test] [INFO] o.a.h.s.m.GraphIdManager - partition: 1, Graph ID 0 is allocated for graph first-batch-empty-partition, stack: [java.base/java.lang.Thread.getStackTrace(Thread.java:2451), org.apache.hugegraph.store.meta.GraphIdManager.getGraphIdOrCreate(GraphIdManager.java:98), org.apache.hugegraph.store.business.InnerKeyCreator.getGraphIdOrCreate(InnerKeyCreator.java:64), org.apache.hugegraph.store.business.InnerKeyCreator.getKeyOrCreate(InnerKeyCreator.java:90), org.apache.hugegraph.store.business.BusinessHandlerImpl$TxBuilderImpl.put(BusinessHandlerImpl.java:1650), org.apache.hugegraph.store.business.BusinessHandler.doBatch(BusinessHandler.java:170), org.apache.hugegraph.store.core.BatchGraphIsolationTest.writeBatch(BatchGraphIsolationTest.java:273), org.apache.hugegraph.store.core.BatchGraphIsolationTest.testFirstBatchOnEmptyPartitionCompletes(BatchGraphIsolationTest.java:134), java.base/jdk.internal.reflect.DirectMethodHandleAccessor.invoke(DirectMethodHandleAccessor.java:103), java.base/java.lang.reflect.Method.invoke(Method.java:580), org.junit.runners.model.FrameworkMethod$1.runReflectiveCall(FrameworkMethod.java:59), org.junit.internal.runners.model.ReflectiveCallable.run(ReflectiveCallable.java:12), org.junit.runners.model.FrameworkMethod.invokeExplosively(FrameworkMethod.java:56), org.junit.internal.runners.statements.InvokeMethod.evaluate(InvokeMethod.java:17), org.junit.internal.runners.statements.FailOnTimeout$CallableStatement.call(FailOnTimeout.java:299), org.junit.internal.runners.statements.FailOnTimeout$CallableStatement.call(FailOnTimeout.java:293), java.base/java.util.concurrent.FutureTask.run(FutureTask.java:317), java.base/java.lang.Thread.run(Thread.java:1583)]
2026-09-13 10:35:32 [main] [WARN] o.a.h.s.b.BusinessHandlerImpl - close all db!!! 
2026-09-13 10:35:32 [main] [INFO] o.a.h.r.a.RocksDBFactory - close 00000 's  rocksdb.
2026-09-13 10:35:32 [main] [INFO] o.a.h.r.a.RocksDBSession - shutdown db 00000, path is /tmp/hugegraph-batch-graph-isolation-15204934458170581608/data/00000 
2026-09-13 10:35:32 [main] [INFO] o.a.h.r.a.RocksDBFactory - close 00001 's  rocksdb.
2026-09-13 10:35:32 [main] [INFO] o.a.h.r.a.RocksDBSession - shutdown db 00001, path is /tmp/hugegraph-batch-graph-isolation-15204934458170581608/data/00001 
[INFO] Tests run: 6, Failures: 0, Errors: 0, Skipped: 0, Time elapsed: 1.881 s - in org.apache.hugegraph.store.core.BatchGraphIsolationTest
[INFO] 
[INFO] Results:
[INFO] 
[INFO] Tests run: 11, Failures: 0, Errors: 0, Skipped: 0
[INFO] 
[INFO] ------------------------------------------------------------------------
[INFO] Reactor Summary for hugegraph 1.7.0:
[INFO] 
[INFO] hugegraph .......................................... SUCCESS [  0.770 s]
[INFO] hugegraph-commons .................................. SUCCESS [  0.570 s]
[INFO] hugegraph-common ................................... SUCCESS [  0.629 s]
[INFO] hugegraph-pd ....................................... SUCCESS [  0.117 s]
[INFO] hg-pd-grpc ......................................... SUCCESS [  5.110 s]
[INFO] hg-pd-common ....................................... SUCCESS [  0.118 s]
[INFO] hg-pd-client ....................................... SUCCESS [ 0.-894 s]
[INFO] hugegraph-struct ................................... SUCCESS [  1.017 s]
[INFO] hugegraph-store .................................... SUCCESS [  0.036 s]
[INFO] hg-store-common .................................... SUCCESS [  0.186 s]
[INFO] hugegraph-server ................................... SUCCESS [  0.063 s]
[INFO] hugegraph-core ..................................... SUCCESS [  9.228 s]
[INFO] hg-store-grpc ...................................... SUCCESS [ 10.379 s]
[INFO] hg-store-client .................................... SUCCESS [  4.806 s]
[INFO] hg-pd-core ......................................... SUCCESS [ 12.509 s]
[INFO] hg-store-rocksdb ................................... SUCCESS [ 12.045 s]
[INFO] hg-store-core ...................................... SUCCESS [ 11.378 s]
[INFO] hg-store-node ...................................... SUCCESS [01:51 min]
[INFO] hg-store-test ...................................... SUCCESS [ 21.231 s]
[INFO] ------------------------------------------------------------------------
[INFO] BUILD SUCCESS
[INFO] ------------------------------------------------------------------------
[INFO] Total time:  03:20 min
[INFO] Finished at: 2026-09-13T10:35:32+08:00
[INFO] ------------------------------------------------------------------------
