[INFO] Scanning for projects...
[INFO] ------------------------------------------------------------------------
[INFO] Detecting the operating system and CPU architecture
[INFO] ------------------------------------------------------------------------
[INFO] os.detected.name: linux
[INFO] os.detected.arch: x86_64
[INFO] os.detected.bitness: 64
[INFO] os.detected.version: 6.6
[INFO] os.detected.version.major: 6
[INFO] os.detected.version.minor: 6
[INFO] os.detected.release: ubuntu
[INFO] os.detected.release.version: 24.04
[INFO] os.detected.release.like.ubuntu: true
[INFO] os.detected.release.like.debian: true
[INFO] os.detected.classifier: linux-x86_64
[INFO] ------------------------------------------------------------------------
[INFO] Detecting the operating system and CPU architecture
[INFO] ------------------------------------------------------------------------
[INFO] os.detected.name: linux
[INFO] os.detected.arch: x86_64
[INFO] os.detected.version: 6.6
[INFO] os.detected.version.major: 6
[INFO] os.detected.version.minor: 6
[INFO] os.detected.release: ubuntu
[INFO] os.detected.release.version: 24.04
[INFO] os.detected.release.like.ubuntu: true
[INFO] os.detected.release.like.debian: true
[INFO] os.detected.classifier: linux-x86_64
[INFO] ------------------------------------------------------------------------
[INFO] Reactor Build Order:
[INFO] 
[INFO] hugegraph                                                          [pom]
[INFO] hugegraph-commons                                                  [pom]
[INFO] hugegraph-common                                                   [jar]
[INFO] hugegraph-pd                                                       [pom]
[INFO] hg-pd-grpc                                                         [jar]
[INFO] hg-pd-common                                                       [jar]
[INFO] hg-pd-client                                                       [jar]
[INFO] hugegraph-struct                                                   [jar]
[INFO] hugegraph-store                                                    [pom]
[INFO] hg-store-common                                                    [jar]
[INFO] hugegraph-server                                                   [pom]
[INFO] hugegraph-core                                                     [jar]
[INFO] hg-store-grpc                                                      [jar]
[INFO] hg-store-client                                                    [jar]
[INFO] hg-pd-core                                                         [jar]
[INFO] hg-store-rocksdb                                                   [jar]
[INFO] hg-store-core                                                      [jar]
[INFO] hg-store-node                                                      [jar]
[INFO] hg-store-test                                                      [jar]
[INFO] 
[INFO] -------------------< org.apache.hugegraph:hugegraph >-------------------
[INFO] Building hugegraph 1.7.0                                          [1/19]
[INFO] --------------------------------[ pom ]---------------------------------
[INFO] 
[INFO] --- maven-enforcer-plugin:1.4.1:enforce (enforce-version) @ hugegraph ---
[INFO] 
[INFO] --- maven-enforcer-plugin:1.4.1:enforce (enforce-maven-version) @ hugegraph ---
[INFO] 
[INFO] --- apache-rat-plugin:0.13:check (license-check) @ hugegraph ---
[INFO] Enabled default license matchers.
[INFO] Will parse SCM ignores for exclusions...
[INFO] Parsing exclusions from /home/zy/code/hugegraph/.gitignore
[INFO] Finished adding exclusions from SCM ignore files.
[INFO] 150 implicit excludes (use -debug for more details).
[INFO] 44 explicit excludes (use -debug for more details).
[INFO] 20 resources included (use -debug for more details)
[INFO] Rat check: Summary over all files. Unapproved: 0, unknown: 0, generated: 0, approved: 18 licenses.
[INFO] 
[INFO] --- maven-remote-resources-plugin:3.3.0:process (process-resource-bundles) @ hugegraph ---
[INFO] Preparing remote bundle org.apache:apache-jar-resource-bundle:1.4
[INFO] Copying 3 resources from 1 bundle.
[INFO] 
[INFO] ---------------< org.apache.hugegraph:hugegraph-commons >---------------
[INFO] Building hugegraph-commons 1.7.0                                  [2/19]
[INFO] --------------------------------[ pom ]---------------------------------
[INFO] 
[INFO] --- maven-enforcer-plugin:1.4.1:enforce (enforce-maven-version) @ hugegraph-commons ---
[INFO] 
[INFO] --- maven-checkstyle-plugin:3.1.2:check (validate) @ hugegraph-commons ---
[INFO] Starting audit...
Audit done.
[INFO] You have 0 Checkstyle violations.
[INFO] 
[INFO] --- apache-rat-plugin:0.13:check (license-check) @ hugegraph-commons ---
[INFO] Enabled default license matchers.
[INFO] Will parse SCM ignores for exclusions...
[INFO] Finished adding exclusions from SCM ignore files.
[INFO] 64 implicit excludes (use -debug for more details).
[INFO] 24 explicit excludes (use -debug for more details).
[INFO] 1 resources included (use -debug for more details)
[INFO] Rat check: Summary over all files. Unapproved: 0, unknown: 0, generated: 0, approved: 1 licenses.
[INFO] 
[INFO] --- jacoco-maven-plugin:0.8.7:prepare-agent (pre-unit-test) @ hugegraph-commons ---
[INFO] Skipping JaCoCo execution because property jacoco.skip is set.
[INFO] argLine set to empty
[INFO] 
[INFO] --- maven-remote-resources-plugin:3.3.0:process (process-resource-bundles) @ hugegraph-commons ---
[INFO] Preparing remote bundle org.apache:apache-jar-resource-bundle:1.4
[INFO] Copying 3 resources from 1 bundle.
[INFO] 
[INFO] --- flatten-maven-plugin:1.3.0:flatten (flatten) @ hugegraph-commons ---
[INFO] Generating flattened POM of project org.apache.hugegraph:hugegraph-commons:pom:1.7.0...
[INFO] 
[INFO] --- jacoco-maven-plugin:0.8.7:report (post-unit-test) @ hugegraph-commons ---
[INFO] Skipping JaCoCo execution because property jacoco.skip is set.
[INFO] 
[INFO] ---------------< org.apache.hugegraph:hugegraph-common >----------------
[INFO] Building hugegraph-common 1.7.0                                   [3/19]
[INFO] --------------------------------[ jar ]---------------------------------
[INFO] 
[INFO] --- maven-enforcer-plugin:1.4.1:enforce (enforce-maven-version) @ hugegraph-common ---
[INFO] 
[INFO] --- maven-checkstyle-plugin:3.1.2:check (validate) @ hugegraph-common ---
[INFO] Starting audit...
[INFO] /home/zy/code/hugegraph/hugegraph-commons/hugegraph-common/src/main/java/org/apache/hugegraph/rest/AbstractRestClient.java:44:1: Illegal import - org.jetbrains.annotations.NotNull. [IllegalImport]
[INFO] /home/zy/code/hugegraph/hugegraph-commons/hugegraph-common/src/main/java/org/apache/hugegraph/rest/OkHttpTokenInterceptor.java:30:1: 'CLASS_DEF' has more than 1 empty lines before. [EmptyLineSeparator]
[INFO] /home/zy/code/hugegraph/hugegraph-commons/hugegraph-common/src/main/java/org/apache/hugegraph/util/ExecutorUtil.java:33:1: 'CLASS_DEF' has more than 1 empty lines before. [EmptyLineSeparator]
Audit done.
[INFO] You have 0 Checkstyle violations.
[INFO] 
[INFO] --- apache-rat-plugin:0.13:check (license-check) @ hugegraph-common ---
[INFO] Enabled default license matchers.
[INFO] Will parse SCM ignores for exclusions...
[INFO] Finished adding exclusions from SCM ignore files.
[INFO] 62 implicit excludes (use -debug for more details).
[INFO] 24 explicit excludes (use -debug for more details).
[INFO] 135 resources included (use -debug for more details)
[INFO] Rat check: Summary over all files. Unapproved: 0, unknown: 0, generated: 0, approved: 135 licenses.
[INFO] 
[INFO] --- jacoco-maven-plugin:0.8.2:prepare-agent (pre-unit-test) @ hugegraph-common ---
[INFO] Skipping JaCoCo execution because property jacoco.skip is set.
[INFO] argLine set to empty
[INFO] 
[INFO] --- maven-remote-resources-plugin:3.3.0:process (process-resource-bundles) @ hugegraph-common ---
[INFO] Preparing remote bundle org.apache:apache-jar-resource-bundle:1.4
[INFO] Copying 3 resources from 1 bundle.
[INFO] 
[INFO] --- maven-resources-plugin:3.1.0:resources (default-resources) @ hugegraph-common ---
[INFO] Using 'UTF-8' encoding to copy filtered resources.
[INFO] Copying 1 resource
[INFO] Copying 3 resources
[INFO] 
[INFO] --- flatten-maven-plugin:1.3.0:flatten (flatten) @ hugegraph-common ---
[INFO] Generating flattened POM of project org.apache.hugegraph:hugegraph-common:jar:1.7.0...
[INFO] 
[INFO] --- maven-compiler-plugin:3.1:compile (default-compile) @ hugegraph-common ---
[INFO] Nothing to compile - all classes are up to date
[INFO] 
[INFO] --- maven-resources-plugin:3.1.0:testResources (default-testResources) @ hugegraph-common ---
[INFO] Using 'UTF-8' encoding to copy filtered resources.
[INFO] Copying 5 resources
[INFO] Copying 3 resources
[INFO] 
[INFO] --- maven-compiler-plugin:3.1:testCompile (default-testCompile) @ hugegraph-common ---
[INFO] Nothing to compile - all classes are up to date
[INFO] 
[INFO] --- maven-surefire-plugin:2.20:test (default-test) @ hugegraph-common ---
[INFO] Tests are skipped.
[INFO] 
[INFO] --- jacoco-maven-plugin:0.8.2:report (post-unit-test) @ hugegraph-common ---
[INFO] Skipping JaCoCo execution because property jacoco.skip is set.
[INFO] 
[INFO] -----------------< org.apache.hugegraph:hugegraph-pd >------------------
[INFO] Building hugegraph-pd 1.7.0                                       [4/19]
[INFO] --------------------------------[ pom ]---------------------------------
[INFO] 
[INFO] --- maven-enforcer-plugin:1.4.1:enforce (enforce-maven-version) @ hugegraph-pd ---
[INFO] 
[INFO] --- apache-rat-plugin:0.13:check (license-check) @ hugegraph-pd ---
[INFO] Enabled default license matchers.
[INFO] Will parse SCM ignores for exclusions...
[INFO] Parsing exclusions from /home/zy/code/hugegraph/hugegraph-pd/.gitignore
[INFO] Finished adding exclusions from SCM ignore files.
[INFO] 73 implicit excludes (use -debug for more details).
[INFO] 44 explicit excludes (use -debug for more details).
[INFO] 2 resources included (use -debug for more details)
[INFO] Rat check: Summary over all files. Unapproved: 0, unknown: 0, generated: 0, approved: 2 licenses.
[INFO] 
[INFO] --- jacoco-maven-plugin:0.8.8:prepare-agent (default) @ hugegraph-pd ---
[INFO] Skipping JaCoCo execution because property jacoco.skip is set.
[INFO] argLine set to empty
[INFO] 
[INFO] --- maven-remote-resources-plugin:3.3.0:process (process-resource-bundles) @ hugegraph-pd ---
[INFO] Preparing remote bundle org.apache:apache-jar-resource-bundle:1.4
[INFO] Copying 3 resources from 1 bundle.
[INFO] 
[INFO] --- flatten-maven-plugin:1.2.7:flatten (flatten) @ hugegraph-pd ---
[INFO] Generating flattened POM of project org.apache.hugegraph:hugegraph-pd:pom:1.7.0...
[INFO] 
[INFO] --- maven-surefire-plugin:2.20:test (pd-common-test) @ hugegraph-pd ---
[INFO] No tests to run.
[INFO] 
[INFO] --- maven-surefire-plugin:2.20:test (pd-core-test) @ hugegraph-pd ---
[INFO] No tests to run.
[INFO] Skipping execution of surefire because it has already been run for this configuration
[INFO] 
[INFO] --- maven-surefire-plugin:2.20:test (pd-client-test) @ hugegraph-pd ---
[INFO] No tests to run.
[INFO] Skipping execution of surefire because it has already been run for this configuration
[INFO] 
[INFO] --- maven-surefire-plugin:2.20:test (pd-rest-test) @ hugegraph-pd ---
[INFO] No tests to run.
[INFO] Skipping execution of surefire because it has already been run for this configuration
[INFO] 
[INFO] ------------------< org.apache.hugegraph:hg-pd-grpc >-------------------
[INFO] Building hg-pd-grpc 1.7.0                                         [5/19]
[INFO] --------------------------------[ jar ]---------------------------------
[INFO] 
[INFO] --- maven-enforcer-plugin:1.4.1:enforce (enforce-maven-version) @ hg-pd-grpc ---
[INFO] 
[INFO] --- apache-rat-plugin:0.13:check (license-check) @ hg-pd-grpc ---
[INFO] Enabled default license matchers.
[INFO] Will parse SCM ignores for exclusions...
[INFO] Finished adding exclusions from SCM ignore files.
[INFO] 62 implicit excludes (use -debug for more details).
[INFO] 44 explicit excludes (use -debug for more details).
[INFO] 1 resources included (use -debug for more details)
[INFO] Rat check: Summary over all files. Unapproved: 0, unknown: 0, generated: 0, approved: 1 licenses.
[INFO] 
[INFO] --- jacoco-maven-plugin:0.8.8:prepare-agent (default) @ hg-pd-grpc ---
[INFO] Skipping JaCoCo execution because property jacoco.skip is set.
[INFO] argLine set to empty
[INFO] 
[INFO] --- maven-clean-plugin:3.1.0:clean (default) @ hg-pd-grpc ---
[INFO] Deleting /home/zy/code/hugegraph/hugegraph-pd/hg-pd-grpc/target
[INFO] Deleting /home/zy/code/hugegraph/hugegraph-pd/hg-pd-grpc/src/main/java (includes = [*.tar, *.tar.gz, .flattened-pom.xml, apache-hugegraph-pd-1.7.0/**], excludes = [])
[INFO] 
[INFO] --- protobuf-maven-plugin:0.6.1:compile (default) @ hg-pd-grpc ---
[INFO] Compiling 9 proto file(s) to /home/zy/code/hugegraph/hugegraph-pd/hg-pd-grpc/src/main/java
[WARNING] PROTOC: kv.proto:21:1: warning: Import metapb.proto is unused.

[INFO] 
[INFO] --- protobuf-maven-plugin:0.6.1:compile-custom (default) @ hg-pd-grpc ---
[INFO] Compiling 9 proto file(s) to /home/zy/code/hugegraph/hugegraph-pd/hg-pd-grpc/src/main/java
[WARNING] PROTOC: kv.proto:21:1: warning: Import metapb.proto is unused.

[INFO] 
[INFO] --- maven-remote-resources-plugin:3.3.0:process (process-resource-bundles) @ hg-pd-grpc ---
[INFO] Preparing remote bundle org.apache:apache-jar-resource-bundle:1.4
[INFO] Copying 3 resources from 1 bundle.
[INFO] 
[INFO] --- maven-resources-plugin:3.1.0:resources (default-resources) @ hg-pd-grpc ---
[INFO] Using 'UTF-8' encoding to copy filtered resources.
[INFO] skip non existing resourceDirectory /home/zy/code/hugegraph/hugegraph-pd/hg-pd-grpc/src/main/resources
[INFO] Copying 9 resources
[INFO] Copying 9 resources
[INFO] Copying 9 resources
[INFO] Copying 3 resources
[INFO] 
[INFO] --- flatten-maven-plugin:1.2.7:flatten (flatten) @ hg-pd-grpc ---
[INFO] Generating flattened POM of project org.apache.hugegraph:hg-pd-grpc:jar:1.7.0...
[INFO] 
[INFO] --- maven-compiler-plugin:3.1:compile (default-compile) @ hg-pd-grpc ---
[INFO] Changes detected - recompiling the module!
[INFO] Compiling 139 source files to /home/zy/code/hugegraph/hugegraph-pd/hg-pd-grpc/target/classes
[INFO] 
[INFO] --- maven-resources-plugin:3.1.0:testResources (default-testResources) @ hg-pd-grpc ---
[INFO] Using 'UTF-8' encoding to copy filtered resources.
[INFO] skip non existing resourceDirectory /home/zy/code/hugegraph/hugegraph-pd/hg-pd-grpc/src/test/resources
[INFO] Copying 3 resources
[INFO] 
[INFO] --- maven-compiler-plugin:3.1:testCompile (default-testCompile) @ hg-pd-grpc ---
[INFO] No sources to compile
[INFO] 
[INFO] --- maven-surefire-plugin:2.20:test (default-test) @ hg-pd-grpc ---
[INFO] 
[INFO] --- maven-surefire-plugin:2.20:test (pd-common-test) @ hg-pd-grpc ---
[INFO] Skipping execution of surefire because it has already been run for this configuration
[INFO] 
[INFO] --- maven-surefire-plugin:2.20:test (pd-core-test) @ hg-pd-grpc ---
[INFO] Skipping execution of surefire because it has already been run for this configuration
[INFO] 
[INFO] --- maven-surefire-plugin:2.20:test (pd-client-test) @ hg-pd-grpc ---
[INFO] Skipping execution of surefire because it has already been run for this configuration
[INFO] 
[INFO] --- maven-surefire-plugin:2.20:test (pd-rest-test) @ hg-pd-grpc ---
[INFO] Skipping execution of surefire because it has already been run for this configuration
[INFO] 
[INFO] -----------------< org.apache.hugegraph:hg-pd-common >------------------
[INFO] Building hg-pd-common 1.7.0                                       [6/19]
[INFO] --------------------------------[ jar ]---------------------------------
[INFO] 
[INFO] --- maven-enforcer-plugin:1.4.1:enforce (enforce-maven-version) @ hg-pd-common ---
[INFO] 
[INFO] --- apache-rat-plugin:0.13:check (license-check) @ hg-pd-common ---
[INFO] Enabled default license matchers.
[INFO] Will parse SCM ignores for exclusions...
[INFO] Finished adding exclusions from SCM ignore files.
[INFO] 62 implicit excludes (use -debug for more details).
[INFO] 44 explicit excludes (use -debug for more details).
[INFO] 14 resources included (use -debug for more details)
[INFO] Rat check: Summary over all files. Unapproved: 0, unknown: 0, generated: 0, approved: 14 licenses.
[INFO] 
[INFO] --- jacoco-maven-plugin:0.8.8:prepare-agent (default) @ hg-pd-common ---
[INFO] Skipping JaCoCo execution because property jacoco.skip is set.
[INFO] argLine set to empty
[INFO] 
[INFO] --- maven-remote-resources-plugin:3.3.0:process (process-resource-bundles) @ hg-pd-common ---
[INFO] Preparing remote bundle org.apache:apache-jar-resource-bundle:1.4
[INFO] Copying 3 resources from 1 bundle.
[WARNING] Failed to build parent project for org.apache.hugegraph:hugegraph-pd:pom:1.7.0
[INFO] 
[INFO] --- maven-resources-plugin:3.1.0:resources (default-resources) @ hg-pd-common ---
[INFO] Using 'UTF-8' encoding to copy filtered resources.
[INFO] skip non existing resourceDirectory /home/zy/code/hugegraph/hugegraph-pd/hg-pd-common/src/main/resources
[INFO] Copying 3 resources
[INFO] 
[INFO] --- flatten-maven-plugin:1.2.7:flatten (flatten) @ hg-pd-common ---
[INFO] Generating flattened POM of project org.apache.hugegraph:hg-pd-common:jar:1.7.0...
[INFO] 
[INFO] --- maven-compiler-plugin:3.1:compile (default-compile) @ hg-pd-common ---
[INFO] Nothing to compile - all classes are up to date
[INFO] 
[INFO] --- maven-resources-plugin:3.1.0:testResources (default-testResources) @ hg-pd-common ---
[INFO] Using 'UTF-8' encoding to copy filtered resources.
[INFO] skip non existing resourceDirectory /home/zy/code/hugegraph/hugegraph-pd/hg-pd-common/src/test/resources
[INFO] Copying 3 resources
[INFO] 
[INFO] --- maven-compiler-plugin:3.1:testCompile (default-testCompile) @ hg-pd-common ---
[INFO] No sources to compile
[INFO] 
[INFO] --- maven-surefire-plugin:2.20:test (default-test) @ hg-pd-common ---
[INFO] 
[INFO] --- maven-surefire-plugin:2.20:test (pd-common-test) @ hg-pd-common ---
[INFO] Skipping execution of surefire because it has already been run for this configuration
[INFO] 
[INFO] --- maven-surefire-plugin:2.20:test (pd-core-test) @ hg-pd-common ---
[INFO] Skipping execution of surefire because it has already been run for this configuration
[INFO] 
[INFO] --- maven-surefire-plugin:2.20:test (pd-client-test) @ hg-pd-common ---
[INFO] Skipping execution of surefire because it has already been run for this configuration
[INFO] 
[INFO] --- maven-surefire-plugin:2.20:test (pd-rest-test) @ hg-pd-common ---
[INFO] Skipping execution of surefire because it has already been run for this configuration
[INFO] 
[INFO] -----------------< org.apache.hugegraph:hg-pd-client >------------------
[INFO] Building hg-pd-client 1.7.0                                       [7/19]
[INFO] --------------------------------[ jar ]---------------------------------
[INFO] 
[INFO] --- maven-enforcer-plugin:1.4.1:enforce (enforce-maven-version) @ hg-pd-client ---
[INFO] 
[INFO] --- apache-rat-plugin:0.13:check (license-check) @ hg-pd-client ---
[INFO] Enabled default license matchers.
[INFO] Will parse SCM ignores for exclusions...
[INFO] Finished adding exclusions from SCM ignore files.
[INFO] 62 implicit excludes (use -debug for more details).
[INFO] 44 explicit excludes (use -debug for more details).
[INFO] 34 resources included (use -debug for more details)
[INFO] Rat check: Summary over all files. Unapproved: 0, unknown: 0, generated: 0, approved: 34 licenses.
[INFO] 
[INFO] --- jacoco-maven-plugin:0.8.8:prepare-agent (default) @ hg-pd-client ---
[INFO] Skipping JaCoCo execution because property jacoco.skip is set.
[INFO] argLine set to empty
[INFO] 
[INFO] --- maven-remote-resources-plugin:3.3.0:process (process-resource-bundles) @ hg-pd-client ---
[INFO] Preparing remote bundle org.apache:apache-jar-resource-bundle:1.4
[INFO] Copying 3 resources from 1 bundle.
[WARNING] Failed to build parent project for org.apache.hugegraph:hugegraph-pd:pom:1.7.0
[WARNING] Failed to build parent project for org.apache.hugegraph:hugegraph-pd:pom:1.7.0
[INFO] 
[INFO] --- maven-resources-plugin:3.1.0:resources (default-resources) @ hg-pd-client ---
[INFO] Using 'UTF-8' encoding to copy filtered resources.
[INFO] skip non existing resourceDirectory /home/zy/code/hugegraph/hugegraph-pd/hg-pd-client/src/main/resources
[INFO] Copying 3 resources
[INFO] 
[INFO] --- flatten-maven-plugin:1.2.7:flatten (flatten) @ hg-pd-client ---
[INFO] Generating flattened POM of project org.apache.hugegraph:hg-pd-client:jar:1.7.0...
[INFO] 
[INFO] --- maven-compiler-plugin:3.1:compile (default-compile) @ hg-pd-client ---
[INFO] Nothing to compile - all classes are up to date
[INFO] 
[INFO] --- maven-resources-plugin:3.1.0:testResources (default-testResources) @ hg-pd-client ---
[INFO] Using 'UTF-8' encoding to copy filtered resources.
[INFO] Copying 1 resource
[INFO] Copying 3 resources
[INFO] 
[INFO] --- maven-compiler-plugin:3.1:testCompile (default-testCompile) @ hg-pd-client ---
[INFO] Nothing to compile - all classes are up to date
[INFO] 
[INFO] --- maven-surefire-plugin:2.20:test (default-test) @ hg-pd-client ---
[INFO] 
[INFO] -------------------------------------------------------
[INFO]  T E S T S
[INFO] -------------------------------------------------------
[INFO] 
[INFO] Results:
[INFO] 
[INFO] Tests run: 0, Failures: 0, Errors: 0, Skipped: 0
[INFO] 
[INFO] 
[INFO] --- maven-surefire-plugin:2.20:test (pd-common-test) @ hg-pd-client ---
[INFO] Skipping execution of surefire because it has already been run for this configuration
[INFO] 
[INFO] --- maven-surefire-plugin:2.20:test (pd-core-test) @ hg-pd-client ---
[INFO] Skipping execution of surefire because it has already been run for this configuration
[INFO] 
[INFO] --- maven-surefire-plugin:2.20:test (pd-client-test) @ hg-pd-client ---
[INFO] Skipping execution of surefire because it has already been run for this configuration
[INFO] 
[INFO] --- maven-surefire-plugin:2.20:test (pd-rest-test) @ hg-pd-client ---
[INFO] Skipping execution of surefire because it has already been run for this configuration
[INFO] 
[INFO] ---------------< org.apache.hugegraph:hugegraph-struct >----------------
[INFO] Building hugegraph-struct 1.7.0                                   [8/19]
[INFO] --------------------------------[ jar ]---------------------------------
[WARNING] The artifact org.lz4:lz4-java:jar:1.8.1 has been relocated to at.yawk.lz4:lz4-java:jar:1.8.1
[INFO] 
[INFO] --- maven-enforcer-plugin:1.4.1:enforce (enforce-maven-version) @ hugegraph-struct ---
[INFO] 
[INFO] --- apache-rat-plugin:0.13:check (license-check) @ hugegraph-struct ---
[INFO] Enabled default license matchers.
[INFO] Will parse SCM ignores for exclusions...
[INFO] Finished adding exclusions from SCM ignore files.
[INFO] 62 implicit excludes (use -debug for more details).
[INFO] 44 explicit excludes (use -debug for more details).
[INFO] 91 resources included (use -debug for more details)
[INFO] Rat check: Summary over all files. Unapproved: 0, unknown: 0, generated: 0, approved: 91 licenses.
[INFO] 
[INFO] --- maven-remote-resources-plugin:3.3.0:process (process-resource-bundles) @ hugegraph-struct ---
[INFO] Preparing remote bundle org.apache:apache-jar-resource-bundle:1.4
[INFO] Copying 3 resources from 1 bundle.
[WARNING] Failed to build parent project for org.apache.hugegraph:hugegraph-pd:pom:1.7.0
[WARNING] Failed to build parent project for org.apache.hugegraph:hugegraph-pd:pom:1.7.0
[WARNING] Failed to build parent project for org.apache.hugegraph:hugegraph-pd:pom:1.7.0
[WARNING] Failed to build parent project for org.apache.hugegraph:hugegraph-commons:pom:1.7.0
[INFO] 
[INFO] --- maven-resources-plugin:3.1.0:resources (default-resources) @ hugegraph-struct ---
[INFO] Using 'UTF-8' encoding to copy filtered resources.
[INFO] skip non existing resourceDirectory /home/zy/code/hugegraph/hugegraph-struct/src/main/resources
[INFO] Copying 3 resources
[INFO] 
[INFO] --- maven-compiler-plugin:3.1:compile (default-compile) @ hugegraph-struct ---
[INFO] Nothing to compile - all classes are up to date
[INFO] 
[INFO] --- maven-resources-plugin:3.1.0:testResources (default-testResources) @ hugegraph-struct ---
[INFO] Using 'UTF-8' encoding to copy filtered resources.
[INFO] skip non existing resourceDirectory /home/zy/code/hugegraph/hugegraph-struct/src/test/resources
[INFO] Copying 3 resources
[INFO] 
[INFO] --- maven-compiler-plugin:3.1:testCompile (default-testCompile) @ hugegraph-struct ---
[INFO] Nothing to compile - all classes are up to date
[INFO] 
[INFO] --- maven-surefire-plugin:2.22.0:test (default-test) @ hugegraph-struct ---
[INFO] 
[INFO] -------------------------------------------------------
[INFO]  T E S T S
[INFO] -------------------------------------------------------
[INFO] Running org.apache.hugegraph.struct.schema.PropertyKeyTest
[INFO] Tests run: 2, Failures: 0, Errors: 0, Skipped: 0, Time elapsed: 0.072 s - in org.apache.hugegraph.struct.schema.PropertyKeyTest
[INFO] Running org.apache.hugegraph.query.ConditionTest
[INFO] Tests run: 1, Failures: 0, Errors: 0, Skipped: 0, Time elapsed: 0.003 s - in org.apache.hugegraph.query.ConditionTest
[INFO] 
[INFO] Results:
[INFO] 
[INFO] Tests run: 3, Failures: 0, Errors: 0, Skipped: 0
[INFO] 
[INFO] 
[INFO] ----------------< org.apache.hugegraph:hugegraph-store >----------------
[INFO] Building hugegraph-store 1.7.0                                    [9/19]
[INFO] --------------------------------[ pom ]---------------------------------
[INFO] 
[INFO] --- maven-enforcer-plugin:1.4.1:enforce (enforce-maven-version) @ hugegraph-store ---
[INFO] 
[INFO] --- apache-rat-plugin:0.13:check (license-check) @ hugegraph-store ---
[INFO] Enabled default license matchers.
[INFO] Will parse SCM ignores for exclusions...
[INFO] Parsing exclusions from /home/zy/code/hugegraph/hugegraph-store/.gitignore
[INFO] Finished adding exclusions from SCM ignore files.
[INFO] 74 implicit excludes (use -debug for more details).
[INFO] 44 explicit excludes (use -debug for more details).
[INFO] 2 resources included (use -debug for more details)
[INFO] Rat check: Summary over all files. Unapproved: 0, unknown: 0, generated: 0, approved: 2 licenses.
[INFO] 
[INFO] --- jacoco-maven-plugin:0.8.8:prepare-agent (default) @ hugegraph-store ---
[INFO] Skipping JaCoCo execution because property jacoco.skip is set.
[INFO] argLine set to empty
[INFO] 
[INFO] --- maven-remote-resources-plugin:3.3.0:process (process-resource-bundles) @ hugegraph-store ---
[INFO] Preparing remote bundle org.apache:apache-jar-resource-bundle:1.4
[INFO] Copying 3 resources from 1 bundle.
[INFO] 
[INFO] --- flatten-maven-plugin:1.2.7:flatten (flatten) @ hugegraph-store ---
[INFO] Generating flattened POM of project org.apache.hugegraph:hugegraph-store:pom:1.7.0...
[INFO] 
[INFO] --- maven-surefire-plugin:2.20:test (store-client-test) @ hugegraph-store ---
[INFO] No tests to run.
[INFO] 
[INFO] --- maven-surefire-plugin:2.20:test (store-core-test) @ hugegraph-store ---
[INFO] No tests to run.
[INFO] Skipping execution of surefire because it has already been run for this configuration
[INFO] 
[INFO] --- maven-surefire-plugin:2.20:test (store-common-test) @ hugegraph-store ---
[INFO] No tests to run.
[INFO] Skipping execution of surefire because it has already been run for this configuration
[INFO] 
[INFO] --- maven-surefire-plugin:2.20:test (store-rocksdb-test) @ hugegraph-store ---
[INFO] No tests to run.
[INFO] Skipping execution of surefire because it has already been run for this configuration
[INFO] 
[INFO] --- maven-surefire-plugin:2.20:test (store-server-test) @ hugegraph-store ---
[INFO] No tests to run.
[INFO] Skipping execution of surefire because it has already been run for this configuration
[INFO] 
[INFO] --- maven-surefire-plugin:2.20:test (store-raftcore-test) @ hugegraph-store ---
[INFO] No tests to run.
[INFO] Skipping execution of surefire because it has already been run for this configuration
[INFO] 
[INFO] ----------------< org.apache.hugegraph:hg-store-common >----------------
[INFO] Building hg-store-common 1.7.0                                   [10/19]
[INFO] --------------------------------[ jar ]---------------------------------
[INFO] 
[INFO] --- maven-enforcer-plugin:1.4.1:enforce (enforce-maven-version) @ hg-store-common ---
[INFO] 
[INFO] --- apache-rat-plugin:0.13:check (license-check) @ hg-store-common ---
[INFO] Enabled default license matchers.
[INFO] Will parse SCM ignores for exclusions...
[INFO] Finished adding exclusions from SCM ignore files.
[INFO] 62 implicit excludes (use -debug for more details).
[INFO] 44 explicit excludes (use -debug for more details).
[INFO] 24 resources included (use -debug for more details)
[INFO] Rat check: Summary over all files. Unapproved: 0, unknown: 0, generated: 0, approved: 24 licenses.
[INFO] 
[INFO] --- jacoco-maven-plugin:0.8.8:prepare-agent (default) @ hg-store-common ---
[INFO] Skipping JaCoCo execution because property jacoco.skip is set.
[INFO] argLine set to empty
[INFO] 
[INFO] --- maven-remote-resources-plugin:3.3.0:process (process-resource-bundles) @ hg-store-common ---
[INFO] Preparing remote bundle org.apache:apache-jar-resource-bundle:1.4
[INFO] Copying 3 resources from 1 bundle.
[WARNING] Failed to build parent project for org.apache.hugegraph:hugegraph-pd:pom:1.7.0
[WARNING] Failed to build parent project for org.apache.hugegraph:hugegraph-pd:pom:1.7.0
[WARNING] Failed to build parent project for org.apache.hugegraph:hugegraph-pd:pom:1.7.0
[WARNING] Failed to build parent project for org.apache.hugegraph:hugegraph-commons:pom:1.7.0
[INFO] 
[INFO] --- maven-resources-plugin:3.1.0:resources (default-resources) @ hg-store-common ---
[INFO] Using 'UTF-8' encoding to copy filtered resources.
[INFO] skip non existing resourceDirectory /home/zy/code/hugegraph/hugegraph-store/hg-store-common/src/main/resources
[INFO] Copying 3 resources
[INFO] 
[INFO] --- flatten-maven-plugin:1.2.7:flatten (flatten) @ hg-store-common ---
[INFO] Generating flattened POM of project org.apache.hugegraph:hg-store-common:jar:1.7.0...
[INFO] 
[INFO] --- maven-compiler-plugin:3.1:compile (default-compile) @ hg-store-common ---
[INFO] Nothing to compile - all classes are up to date
[INFO] 
[INFO] --- maven-resources-plugin:3.1.0:testResources (default-testResources) @ hg-store-common ---
[INFO] Using 'UTF-8' encoding to copy filtered resources.
[INFO] skip non existing resourceDirectory /home/zy/code/hugegraph/hugegraph-store/hg-store-common/src/test/resources
[INFO] Copying 3 resources
[INFO] 
[INFO] --- maven-compiler-plugin:3.1:testCompile (default-testCompile) @ hg-store-common ---
[INFO] No sources to compile
[INFO] 
[INFO] --- maven-surefire-plugin:2.20:test (default-test) @ hg-store-common ---
[INFO] 
[INFO] --- maven-surefire-plugin:2.20:test (store-client-test) @ hg-store-common ---
[INFO] Skipping execution of surefire because it has already been run for this configuration
[INFO] 
[INFO] --- maven-surefire-plugin:2.20:test (store-core-test) @ hg-store-common ---
[INFO] Skipping execution of surefire because it has already been run for this configuration
[INFO] 
[INFO] --- maven-surefire-plugin:2.20:test (store-common-test) @ hg-store-common ---
[INFO] Skipping execution of surefire because it has already been run for this configuration
[INFO] 
[INFO] --- maven-surefire-plugin:2.20:test (store-rocksdb-test) @ hg-store-common ---
[INFO] Skipping execution of surefire because it has already been run for this configuration
[INFO] 
[INFO] --- maven-surefire-plugin:2.20:test (store-server-test) @ hg-store-common ---
[INFO] Skipping execution of surefire because it has already been run for this configuration
[INFO] 
[INFO] --- maven-surefire-plugin:2.20:test (store-raftcore-test) @ hg-store-common ---
[INFO] Skipping execution of surefire because it has already been run for this configuration
[INFO] 
[INFO] ---------------< org.apache.hugegraph:hugegraph-server >----------------
[INFO] Building hugegraph-server 1.7.0                                  [11/19]
[INFO] --------------------------------[ pom ]---------------------------------
[INFO] 
[INFO] --- maven-enforcer-plugin:1.4.1:enforce (enforce-maven-version) @ hugegraph-server ---
[INFO] 
[INFO] --- apache-rat-plugin:0.13:check (license-check) @ hugegraph-server ---
[INFO] Enabled default license matchers.
[INFO] Will parse SCM ignores for exclusions...
[INFO] Finished adding exclusions from SCM ignore files.
[INFO] 70 implicit excludes (use -debug for more details).
[INFO] 44 explicit excludes (use -debug for more details).
[INFO] 3 resources included (use -debug for more details)
[INFO] Rat check: Summary over all files. Unapproved: 0, unknown: 0, generated: 0, approved: 3 licenses.
[INFO] 
[INFO] --- maven-checkstyle-plugin:3.1.2:check (validate) @ hugegraph-server ---
[INFO] Starting audit...
Audit done.
[INFO] You have 0 Checkstyle violations.
[INFO] 
[INFO] --- maven-remote-resources-plugin:3.3.0:process (process-resource-bundles) @ hugegraph-server ---
[INFO] Preparing remote bundle org.apache:apache-jar-resource-bundle:1.4
[INFO] Copying 3 resources from 1 bundle.
[INFO] 
[INFO] --- flatten-maven-plugin:1.2.7:flatten (flatten) @ hugegraph-server ---
[INFO] Generating flattened POM of project org.apache.hugegraph:hugegraph-server:pom:1.7.0...
[INFO] 
[INFO] --- maven-surefire-plugin:2.22.0:test (core-test) @ hugegraph-server ---
[INFO] No tests to run.
[INFO] 
[INFO] ----------------< org.apache.hugegraph:hugegraph-core >-----------------
[INFO] Building hugegraph-core 1.7.0                                    [12/19]
[INFO] --------------------------------[ jar ]---------------------------------
[WARNING] The artifact org.lz4:lz4-java:jar:1.8.1 has been relocated to at.yawk.lz4:lz4-java:jar:1.8.1
[INFO] 
[INFO] --- maven-enforcer-plugin:1.4.1:enforce (enforce-maven-version) @ hugegraph-core ---
[INFO] 
[INFO] --- apache-rat-plugin:0.13:check (license-check) @ hugegraph-core ---
[INFO] Enabled default license matchers.
[INFO] Will parse SCM ignores for exclusions...
[INFO] Finished adding exclusions from SCM ignore files.
[INFO] 62 implicit excludes (use -debug for more details).
[INFO] 44 explicit excludes (use -debug for more details).
[INFO] 472 resources included (use -debug for more details)
[INFO] Rat check: Summary over all files. Unapproved: 0, unknown: 0, generated: 0, approved: 472 licenses.
[INFO] 
[INFO] --- maven-checkstyle-plugin:3.1.2:check (validate) @ hugegraph-core ---
[INFO] Starting audit...
[INFO] /home/zy/code/hugegraph/hugegraph-server/hugegraph-core/src/main/java/org/apache/hugegraph/task/HugeTask.java:866:17: 'array initialization' child has incorrect indentation level 16, expected level should be 12. [Indentation]
[INFO] /home/zy/code/hugegraph/hugegraph-server/hugegraph-core/src/main/java/org/apache/hugegraph/task/HugeTask.java:867:17: 'array initialization' child has incorrect indentation level 16, expected level should be 12. [Indentation]
[INFO] /home/zy/code/hugegraph/hugegraph-server/hugegraph-core/src/main/java/org/apache/hugegraph/task/ServerInfoManager.java:28:8: Unused import - org.apache.hugegraph.exception.ConnectionException. [UnusedImports]
[INFO] /home/zy/code/hugegraph/hugegraph-server/hugegraph-core/src/main/java/org/apache/hugegraph/task/StandardTaskScheduler.java:292:5: 'METHOD_DEF' should be separated from previous line. [EmptyLineSeparator]
[INFO] /home/zy/code/hugegraph/hugegraph-server/hugegraph-core/src/main/java/org/apache/hugegraph/k8s/K8sRegister.java:144:22: 'static' modifier out of order with the JLS suggestions. [ModifierOrder]
[INFO] /home/zy/code/hugegraph/hugegraph-server/hugegraph-core/src/main/java/org/apache/hugegraph/k8s/K8sRegister.java:144:41: Name 'instance' must match pattern '^[A-Z][A-Z0-9]*(_[A-Z0-9]+)*$'. [ConstantName]
[INFO] /home/zy/code/hugegraph/hugegraph-server/hugegraph-core/src/main/java/org/apache/hugegraph/k8s/K8sManager.java:30:15: Using the '.*' form of import should be avoided - java.io.*. [AvoidStarImport]
[INFO] /home/zy/code/hugegraph/hugegraph-server/hugegraph-core/src/main/java/org/apache/hugegraph/k8s/K8sManager.java:82:39: Empty catch block. [EmptyCatchBlock]
[INFO] /home/zy/code/hugegraph/hugegraph-server/hugegraph-core/src/main/java/org/apache/hugegraph/k8s/K8sManager.java:157:9: switch without "default" clause. [MissingSwitchDefault]
[INFO] /home/zy/code/hugegraph/hugegraph-server/hugegraph-core/src/main/java/org/apache/hugegraph/k8s/K8sManager.java:160:13: Fall through from previous branch of the switch statement. [FallThrough]
[INFO] /home/zy/code/hugegraph/hugegraph-server/hugegraph-core/src/main/java/org/apache/hugegraph/k8s/K8sManager.java:173:9: switch without "default" clause. [MissingSwitchDefault]
[INFO] /home/zy/code/hugegraph/hugegraph-server/hugegraph-core/src/main/java/org/apache/hugegraph/k8s/K8sManager.java:273:47: Empty catch block. [EmptyCatchBlock]
[INFO] /home/zy/code/hugegraph/hugegraph-server/hugegraph-core/src/main/java/org/apache/hugegraph/k8s/K8sDriver.java:20:39: Using the '.*' form of import should be avoided - io.fabric8.kubernetes.api.model.*. [AvoidStarImport]
[INFO] /home/zy/code/hugegraph/hugegraph-server/hugegraph-core/src/main/java/org/apache/hugegraph/k8s/K8sDriver.java:28:36: Using the '.*' form of import should be avoided - io.fabric8.kubernetes.client.*. [AvoidStarImport]
[INFO] /home/zy/code/hugegraph/hugegraph-server/hugegraph-core/src/main/java/org/apache/hugegraph/k8s/K8sDriver.java:45:17: Using the '.*' form of import should be avoided - java.util.*. [AvoidStarImport]
[INFO] /home/zy/code/hugegraph/hugegraph-server/hugegraph-core/src/main/java/org/apache/hugegraph/k8s/K8sDriver.java:755:33: Empty catch block. [EmptyCatchBlock]
[INFO] /home/zy/code/hugegraph/hugegraph-server/hugegraph-core/src/main/java/org/apache/hugegraph/masterelection/StandardClusterRoleStore.java:129:52: Empty catch block. [EmptyCatchBlock]
[INFO] /home/zy/code/hugegraph/hugegraph-server/hugegraph-core/src/main/java/org/apache/hugegraph/backend/store/BackendProviderFactory.java:46:77: Name 'providers' must match pattern '^[A-Z][A-Z0-9]*(_[A-Z0-9]+)*$'. [ConstantName]
[INFO] /home/zy/code/hugegraph/hugegraph-server/hugegraph-core/src/main/java/org/apache/hugegraph/backend/store/BackendProviderFactory.java:62:24: '+' should be on the previous line. [OperatorWrap]
[INFO] /home/zy/code/hugegraph/hugegraph-server/hugegraph-core/src/main/java/org/apache/hugegraph/backend/serializer/BytesBuffer.java:875:10: Comment has incorrect indentation level 9, expected is 8, indentation should be the same level as line 876. [CommentsIndentation]
[INFO] /home/zy/code/hugegraph/hugegraph-server/hugegraph-core/src/main/java/org/apache/hugegraph/backend/serializer/SerializerFactory.java:28:75: Name 'serializers' must match pattern '^[A-Z][A-Z0-9]*(_[A-Z0-9]+)*$'. [ConstantName]
[INFO] /home/zy/code/hugegraph/hugegraph-server/hugegraph-core/src/main/java/org/apache/hugegraph/backend/tx/IdCounter.java:38:70: Name 'ids' must match pattern '^[A-Z][A-Z0-9]*(_[A-Z0-9]+)*$'. [ConstantName]
[INFO] /home/zy/code/hugegraph/hugegraph-server/hugegraph-core/src/main/java/org/apache/hugegraph/backend/query/QueryResults.java:35:8: Unused import - org.apache.hugegraph.iterator.MapperIterator. [UnusedImports]
[INFO] /home/zy/code/hugegraph/hugegraph-server/hugegraph-core/src/main/java/org/apache/hugegraph/backend/query/ConditionQuery.java:81:31: Name 'gson' must match pattern '^[A-Z][A-Z0-9]*(_[A-Z0-9]+)*$'. [ConstantName]
[INFO] /home/zy/code/hugegraph/hugegraph-server/hugegraph-core/src/main/java/org/apache/hugegraph/backend/query/Query.java:647: Line is longer than 120 characters (found 124). [LineLength]
[INFO] /home/zy/code/hugegraph/hugegraph-server/hugegraph-core/src/main/java/org/apache/hugegraph/backend/cache/CachedSchemaTransactionV2.java:65:40: Name 'metaEventListenerRegistered' must match pattern '^[A-Z][A-Z0-9]*(_[A-Z0-9]+)*$'. [ConstantName]
[INFO] /home/zy/code/hugegraph/hugegraph-server/hugegraph-core/src/main/java/org/apache/hugegraph/backend/cache/CachedSchemaTransactionV2.java:228:23: '?' should be on the previous line. [OperatorWrap]
[INFO] /home/zy/code/hugegraph/hugegraph-server/hugegraph-core/src/main/java/org/apache/hugegraph/backend/id/EdgeId.java:44:13: 'array initialization' child has incorrect indentation level 12, expected level should be 8. [Indentation]
[INFO] /home/zy/code/hugegraph/hugegraph-server/hugegraph-core/src/main/java/org/apache/hugegraph/backend/id/EdgeId.java:45:13: 'array initialization' child has incorrect indentation level 12, expected level should be 8. [Indentation]
[INFO] /home/zy/code/hugegraph/hugegraph-server/hugegraph-core/src/main/java/org/apache/hugegraph/backend/id/EdgeId.java:46:13: 'array initialization' child has incorrect indentation level 12, expected level should be 8. [Indentation]
[INFO] /home/zy/code/hugegraph/hugegraph-server/hugegraph-core/src/main/java/org/apache/hugegraph/backend/id/EdgeId.java:47:13: 'array initialization' child has incorrect indentation level 12, expected level should be 8. [Indentation]
[INFO] /home/zy/code/hugegraph/hugegraph-server/hugegraph-core/src/main/java/org/apache/hugegraph/backend/id/EdgeId.java:48:13: 'array initialization' child has incorrect indentation level 12, expected level should be 8. [Indentation]
[INFO] /home/zy/code/hugegraph/hugegraph-server/hugegraph-core/src/main/java/org/apache/hugegraph/backend/id/EdgeId.java:49:13: 'array initialization' child has incorrect indentation level 12, expected level should be 8. [Indentation]
[INFO] /home/zy/code/hugegraph/hugegraph-server/hugegraph-core/src/main/java/org/apache/hugegraph/meta/lock/EtcdDistributedLock.java:40:19: 'static' modifier out of order with the JLS suggestions. [ModifierOrder]
[INFO] /home/zy/code/hugegraph/hugegraph-server/hugegraph-core/src/main/java/org/apache/hugegraph/meta/lock/EtcdDistributedLock.java:40:33: Name 'mutex' must match pattern '^[A-Z][A-Z0-9]*(_[A-Z0-9]+)*$'. [ConstantName]
[INFO] /home/zy/code/hugegraph/hugegraph-server/hugegraph-core/src/main/java/org/apache/hugegraph/meta/lock/EtcdDistributedLock.java:46:30: Name 'poolSize' must match pattern '^[A-Z][A-Z0-9]*(_[A-Z0-9]+)*$'. [ConstantName]
[INFO] /home/zy/code/hugegraph/hugegraph-server/hugegraph-core/src/main/java/org/apache/hugegraph/meta/lock/PdDistributedLock.java:32:30: Name 'poolSize' must match pattern '^[A-Z][A-Z0-9]*(_[A-Z0-9]+)*$'. [ConstantName]
[INFO] /home/zy/code/hugegraph/hugegraph-server/hugegraph-core/src/main/java/org/apache/hugegraph/meta/managers/ConfigMetaManager.java:124:5: 'METHOD_DEF' has more than 1 empty lines before. [EmptyLineSeparator]
[INFO] /home/zy/code/hugegraph/hugegraph-server/hugegraph-core/src/main/java/org/apache/hugegraph/meta/managers/SchemaMetaManager.java:63:1: Comment has incorrect indentation level 0, expected is 8, indentation should be the same level as line 64. [CommentsIndentation]
[INFO] /home/zy/code/hugegraph/hugegraph-server/hugegraph-core/src/main/java/org/apache/hugegraph/meta/managers/SchemaMetaManager.java:67: Prohibit invoking System.out.println in source code ! [RegexpSingleline]
[INFO] /home/zy/code/hugegraph/hugegraph-server/hugegraph-core/src/main/java/org/apache/hugegraph/meta/managers/SchemaMetaManager.java:70: Prohibit invoking System.out.println in source code ! [RegexpSingleline]
[INFO] /home/zy/code/hugegraph/hugegraph-server/hugegraph-core/src/main/java/org/apache/hugegraph/meta/managers/SchemaMetaManager.java:70:1: Comment has incorrect indentation level 0, expected is 8, indentation should be the same level as line 64. [CommentsIndentation]
[INFO] /home/zy/code/hugegraph/hugegraph-server/hugegraph-core/src/main/java/org/apache/hugegraph/meta/EtcdMetaDriver.java:122:18: Local variable name 'KeyFile' must match pattern '^[a-z]([a-zA-Z0-9]*)?$'. [LocalVariableName]
[INFO] /home/zy/code/hugegraph/hugegraph-server/hugegraph-core/src/main/java/org/apache/hugegraph/util/Consumers.java:49:21: Member name 'QUEUE_END' must match pattern '^[a-z][a-zA-Z0-9]*$'. [MemberName]
[INFO] /home/zy/code/hugegraph/hugegraph-server/hugegraph-core/src/main/java/org/apache/hugegraph/util/SafeDateUtil.java:29:69: Name 'simpleDateFormats' must match pattern '^[A-Z][A-Z0-9]*(_[A-Z0-9]+)*$'. [ConstantName]
[INFO] /home/zy/code/hugegraph/hugegraph-server/hugegraph-core/src/main/java/org/apache/hugegraph/memory/consumer/impl/id/StringIdOffHeap.java:30:1: Illegal import - org.jetbrains.annotations.TestOnly. [IllegalImport]
[INFO] /home/zy/code/hugegraph/hugegraph-server/hugegraph-core/src/main/java/org/apache/hugegraph/memory/consumer/impl/id/QueryIdOffHeap.java:73:5: Definition of 'equals()' without corresponding definition of 'hashCode()'. [EqualsHashCode]
[INFO] /home/zy/code/hugegraph/hugegraph-server/hugegraph-core/src/main/java/org/apache/hugegraph/memory/util/OutOfMemoryException.java:17:1: 'package' should be separated from previous line. [EmptyLineSeparator]
[INFO] /home/zy/code/hugegraph/hugegraph-server/hugegraph-core/src/main/java/org/apache/hugegraph/memory/util/RoundUtil.java:17:1: 'package' should be separated from previous line. [EmptyLineSeparator]
[INFO] /home/zy/code/hugegraph/hugegraph-server/hugegraph-core/src/main/java/org/apache/hugegraph/memory/util/OffHeapMemoryUtil.java:49: Prohibit invoking System.out.println in source code ! [RegexpSingleline]
[INFO] /home/zy/code/hugegraph/hugegraph-server/hugegraph-core/src/main/java/org/apache/hugegraph/memory/util/OffHeapMemoryUtil.java:92:9: 'if' construct must use '{}'s. [NeedBraces]
[INFO] /home/zy/code/hugegraph/hugegraph-server/hugegraph-core/src/main/java/org/apache/hugegraph/memory/MemoryManager.java:38:1: Illegal import - org.jetbrains.annotations.TestOnly. [IllegalImport]
[INFO] /home/zy/code/hugegraph/hugegraph-server/hugegraph-core/src/main/java/org/apache/hugegraph/memory/pool/AbstractMemoryPool.java:32:1: Illegal import - org.jetbrains.annotations.TestOnly. [IllegalImport]
[INFO] /home/zy/code/hugegraph/hugegraph-server/hugegraph-core/src/main/java/org/apache/hugegraph/memory/pool/MemoryPool.java:23:1: Illegal import - org.jetbrains.annotations.TestOnly. [IllegalImport]
[INFO] /home/zy/code/hugegraph/hugegraph-server/hugegraph-core/src/main/java/org/apache/hugegraph/memory/pool/impl/TaskMemoryPool.java:37:24: Member name 'CURRENT_WORKING_OPERATOR_MEMORY_POOL' must match pattern '^[a-z][a-zA-Z0-9]*$'. [MemberName]
[INFO] /home/zy/code/hugegraph/hugegraph-server/hugegraph-core/src/main/java/org/apache/hugegraph/memory/pool/impl/TaskMemoryPool.java:103:38: WhitespaceAround: '{' is not preceded with whitespace. [WhitespaceAround]
[INFO] /home/zy/code/hugegraph/hugegraph-server/hugegraph-core/src/main/java/org/apache/hugegraph/memory/pool/impl/MemoryPoolStats.java:37:35: Parameter name 'MemoryPoolName' must match pattern '^[a-z]([a-zA-Z0-9]*)?$'. [ParameterName]
[INFO] /home/zy/code/hugegraph/hugegraph-server/hugegraph-core/src/main/java/org/apache/hugegraph/auth/HugeResource.java:22:8: Unused import - java.util.Arrays. [UnusedImports]
[INFO] /home/zy/code/hugegraph/hugegraph-server/hugegraph-core/src/main/java/org/apache/hugegraph/auth/HugeResource.java:305:5: 'CLASS_DEF' should be separated from previous line. [EmptyLineSeparator]
[INFO] /home/zy/code/hugegraph/hugegraph-server/hugegraph-core/src/main/java/org/apache/hugegraph/auth/HugeBelong.java:115:5: 'METHOD_DEF' should be separated from previous line. [EmptyLineSeparator]
[INFO] /home/zy/code/hugegraph/hugegraph-server/hugegraph-core/src/main/java/org/apache/hugegraph/auth/HugeBelong.java:131:5: 'METHOD_DEF' has more than 1 empty lines before. [EmptyLineSeparator]
[INFO] /home/zy/code/hugegraph/hugegraph-server/hugegraph-core/src/main/java/org/apache/hugegraph/auth/SchemaDefine.java:241:21: 'array initialization' child has incorrect indentation level 20, expected level should be 16. [Indentation]
[INFO] /home/zy/code/hugegraph/hugegraph-server/hugegraph-core/src/main/java/org/apache/hugegraph/auth/SchemaDefine.java:243:21: 'array initialization' child has incorrect indentation level 20, expected level should be 16. [Indentation]
[INFO] /home/zy/code/hugegraph/hugegraph-server/hugegraph-core/src/main/java/org/apache/hugegraph/auth/SchemaDefine.java:245:21: 'array initialization' child has incorrect indentation level 20, expected level should be 16. [Indentation]
[INFO] /home/zy/code/hugegraph/hugegraph-server/hugegraph-core/src/main/java/org/apache/hugegraph/auth/SchemaDefine.java:246:21: 'array initialization' child has incorrect indentation level 20, expected level should be 16. [Indentation]
[INFO] /home/zy/code/hugegraph/hugegraph-server/hugegraph-core/src/main/java/org/apache/hugegraph/auth/SchemaDefine.java:247:21: 'array initialization' child has incorrect indentation level 20, expected level should be 16. [Indentation]
[INFO] /home/zy/code/hugegraph/hugegraph-server/hugegraph-core/src/main/java/org/apache/hugegraph/auth/SchemaDefine.java:248:21: 'array initialization' child has incorrect indentation level 20, expected level should be 16. [Indentation]
[INFO] /home/zy/code/hugegraph/hugegraph-server/hugegraph-core/src/main/java/org/apache/hugegraph/auth/SchemaDefine.java:259:44: Empty catch block. [EmptyCatchBlock]
[INFO] /home/zy/code/hugegraph/hugegraph-server/hugegraph-core/src/main/java/org/apache/hugegraph/space/register/RegisterConfig.java:17:1: 'package' should be separated from previous line. [EmptyLineSeparator]
[INFO] /home/zy/code/hugegraph/hugegraph-server/hugegraph-core/src/main/java/org/apache/hugegraph/space/register/RegisterConfig.java:166:24: Local variable name 'this$grpcAddress' must match pattern '^[a-z]([a-zA-Z0-9]*)?$'. [LocalVariableName]
[INFO] /home/zy/code/hugegraph/hugegraph-server/hugegraph-core/src/main/java/org/apache/hugegraph/space/register/RegisterConfig.java:167:24: Local variable name 'other$grpcAddress' must match pattern '^[a-z]([a-zA-Z0-9]*)?$'. [LocalVariableName]
[INFO] /home/zy/code/hugegraph/hugegraph-server/hugegraph-core/src/main/java/org/apache/hugegraph/space/register/RegisterConfig.java:176:24: Local variable name 'this$appName' must match pattern '^[a-z]([a-zA-Z0-9]*)?$'. [LocalVariableName]
[INFO] /home/zy/code/hugegraph/hugegraph-server/hugegraph-core/src/main/java/org/apache/hugegraph/space/register/RegisterConfig.java:177:24: Local variable name 'other$appName' must match pattern '^[a-z]([a-zA-Z0-9]*)?$'. [LocalVariableName]
[INFO] /home/zy/code/hugegraph/hugegraph-server/hugegraph-core/src/main/java/org/apache/hugegraph/space/register/RegisterConfig.java:186:24: Local variable name 'this$nodeName' must match pattern '^[a-z]([a-zA-Z0-9]*)?$'. [LocalVariableName]
[INFO] /home/zy/code/hugegraph/hugegraph-server/hugegraph-core/src/main/java/org/apache/hugegraph/space/register/RegisterConfig.java:187:24: Local variable name 'other$nodeName' must match pattern '^[a-z]([a-zA-Z0-9]*)?$'. [LocalVariableName]
[INFO] /home/zy/code/hugegraph/hugegraph-server/hugegraph-core/src/main/java/org/apache/hugegraph/space/register/RegisterConfig.java:196:24: Local variable name 'this$nodePort' must match pattern '^[a-z]([a-zA-Z0-9]*)?$'. [LocalVariableName]
[INFO] /home/zy/code/hugegraph/hugegraph-server/hugegraph-core/src/main/java/org/apache/hugegraph/space/register/RegisterConfig.java:197:24: Local variable name 'other$nodePort' must match pattern '^[a-z]([a-zA-Z0-9]*)?$'. [LocalVariableName]
[INFO] /home/zy/code/hugegraph/hugegraph-server/hugegraph-core/src/main/java/org/apache/hugegraph/space/register/RegisterConfig.java:206:24: Local variable name 'this$podIp' must match pattern '^[a-z]([a-zA-Z0-9]*)?$'. [LocalVariableName]
[INFO] /home/zy/code/hugegraph/hugegraph-server/hugegraph-core/src/main/java/org/apache/hugegraph/space/register/RegisterConfig.java:207:24: Local variable name 'other$podIp' must match pattern '^[a-z]([a-zA-Z0-9]*)?$'. [LocalVariableName]
[INFO] /home/zy/code/hugegraph/hugegraph-server/hugegraph-core/src/main/java/org/apache/hugegraph/space/register/RegisterConfig.java:216:24: Local variable name 'this$podPort' must match pattern '^[a-z]([a-zA-Z0-9]*)?$'. [LocalVariableName]
[INFO] /home/zy/code/hugegraph/hugegraph-server/hugegraph-core/src/main/java/org/apache/hugegraph/space/register/RegisterConfig.java:217:24: Local variable name 'other$podPort' must match pattern '^[a-z]([a-zA-Z0-9]*)?$'. [LocalVariableName]
[INFO] /home/zy/code/hugegraph/hugegraph-server/hugegraph-core/src/main/java/org/apache/hugegraph/space/register/RegisterConfig.java:226:24: Local variable name 'this$version' must match pattern '^[a-z]([a-zA-Z0-9]*)?$'. [LocalVariableName]
[INFO] /home/zy/code/hugegraph/hugegraph-server/hugegraph-core/src/main/java/org/apache/hugegraph/space/register/RegisterConfig.java:227:24: Local variable name 'other$version' must match pattern '^[a-z]([a-zA-Z0-9]*)?$'. [LocalVariableName]
[INFO] /home/zy/code/hugegraph/hugegraph-server/hugegraph-core/src/main/java/org/apache/hugegraph/space/register/RegisterConfig.java:236:24: Local variable name 'this$labelMap' must match pattern '^[a-z]([a-zA-Z0-9]*)?$'. [LocalVariableName]
[INFO] /home/zy/code/hugegraph/hugegraph-server/hugegraph-core/src/main/java/org/apache/hugegraph/space/register/RegisterConfig.java:237:24: Local variable name 'other$labelMap' must match pattern '^[a-z]([a-zA-Z0-9]*)?$'. [LocalVariableName]
[INFO] /home/zy/code/hugegraph/hugegraph-server/hugegraph-core/src/main/java/org/apache/hugegraph/space/register/RegisterConfig.java:246:24: Local variable name 'this$urls' must match pattern '^[a-z]([a-zA-Z0-9]*)?$'. [LocalVariableName]
[INFO] /home/zy/code/hugegraph/hugegraph-server/hugegraph-core/src/main/java/org/apache/hugegraph/space/register/RegisterConfig.java:247:24: Local variable name 'other$urls' must match pattern '^[a-z]([a-zA-Z0-9]*)?$'. [LocalVariableName]
[INFO] /home/zy/code/hugegraph/hugegraph-server/hugegraph-core/src/main/java/org/apache/hugegraph/space/register/RegisterConfig.java:259:28: Local variable name 'this$ddsHost' must match pattern '^[a-z]([a-zA-Z0-9]*)?$'. [LocalVariableName]
[INFO] /home/zy/code/hugegraph/hugegraph-server/hugegraph-core/src/main/java/org/apache/hugegraph/space/register/RegisterConfig.java:260:28: Local variable name 'other$ddsHost' must match pattern '^[a-z]([a-zA-Z0-9]*)?$'. [LocalVariableName]
[INFO] /home/zy/code/hugegraph/hugegraph-server/hugegraph-core/src/main/java/org/apache/hugegraph/space/register/RegisterConfig.java:269:28: Local variable name 'this$ddsSlave' must match pattern '^[a-z]([a-zA-Z0-9]*)?$'. [LocalVariableName]
[INFO] /home/zy/code/hugegraph/hugegraph-server/hugegraph-core/src/main/java/org/apache/hugegraph/space/register/RegisterConfig.java:270:28: Local variable name 'other$ddsSlave' must match pattern '^[a-z]([a-zA-Z0-9]*)?$'. [LocalVariableName]
[INFO] /home/zy/code/hugegraph/hugegraph-server/hugegraph-core/src/main/java/org/apache/hugegraph/space/register/RegisterConfig.java:279:28: Local variable name 'this$consumer' must match pattern '^[a-z]([a-zA-Z0-9]*)?$'. [LocalVariableName]
[INFO] /home/zy/code/hugegraph/hugegraph-server/hugegraph-core/src/main/java/org/apache/hugegraph/space/register/RegisterConfig.java:280:28: Local variable name 'other$consumer' must match pattern '^[a-z]([a-zA-Z0-9]*)?$'. [LocalVariableName]
[INFO] /home/zy/code/hugegraph/hugegraph-server/hugegraph-core/src/main/java/org/apache/hugegraph/space/register/RegisterConfig.java:283:23: 'else' construct must use '{}'s. [NeedBraces]
[INFO] /home/zy/code/hugegraph/hugegraph-server/hugegraph-core/src/main/java/org/apache/hugegraph/space/register/RegisterConfig.java:294:13: Local variable name 'PRIME' must match pattern '^[a-z]([a-zA-Z0-9]*)?$'. [LocalVariableName]
[INFO] /home/zy/code/hugegraph/hugegraph-server/hugegraph-core/src/main/java/org/apache/hugegraph/space/register/RegisterConfig.java:296:16: Local variable name '$grpcAddress' must match pattern '^[a-z]([a-zA-Z0-9]*)?$'. [LocalVariableName]
[INFO] /home/zy/code/hugegraph/hugegraph-server/hugegraph-core/src/main/java/org/apache/hugegraph/space/register/RegisterConfig.java:298:16: Local variable name '$appName' must match pattern '^[a-z]([a-zA-Z0-9]*)?$'. [LocalVariableName]
[INFO] /home/zy/code/hugegraph/hugegraph-server/hugegraph-core/src/main/java/org/apache/hugegraph/space/register/RegisterConfig.java:300:16: Local variable name '$nodeName' must match pattern '^[a-z]([a-zA-Z0-9]*)?$'. [LocalVariableName]
[INFO] /home/zy/code/hugegraph/hugegraph-server/hugegraph-core/src/main/java/org/apache/hugegraph/space/register/RegisterConfig.java:302:16: Local variable name '$nodePort' must match pattern '^[a-z]([a-zA-Z0-9]*)?$'. [LocalVariableName]
[INFO] /home/zy/code/hugegraph/hugegraph-server/hugegraph-core/src/main/java/org/apache/hugegraph/space/register/RegisterConfig.java:304:16: Local variable name '$podIp' must match pattern '^[a-z]([a-zA-Z0-9]*)?$'. [LocalVariableName]
[INFO] /home/zy/code/hugegraph/hugegraph-server/hugegraph-core/src/main/java/org/apache/hugegraph/space/register/RegisterConfig.java:306:16: Local variable name '$podPort' must match pattern '^[a-z]([a-zA-Z0-9]*)?$'. [LocalVariableName]
[INFO] /home/zy/code/hugegraph/hugegraph-server/hugegraph-core/src/main/java/org/apache/hugegraph/space/register/RegisterConfig.java:308:16: Local variable name '$version' must match pattern '^[a-z]([a-zA-Z0-9]*)?$'. [LocalVariableName]
[INFO] /home/zy/code/hugegraph/hugegraph-server/hugegraph-core/src/main/java/org/apache/hugegraph/space/register/RegisterConfig.java:310:16: Local variable name '$labelMap' must match pattern '^[a-z]([a-zA-Z0-9]*)?$'. [LocalVariableName]
[INFO] /home/zy/code/hugegraph/hugegraph-server/hugegraph-core/src/main/java/org/apache/hugegraph/space/register/RegisterConfig.java:312:16: Local variable name '$urls' must match pattern '^[a-z]([a-zA-Z0-9]*)?$'. [LocalVariableName]
[INFO] /home/zy/code/hugegraph/hugegraph-server/hugegraph-core/src/main/java/org/apache/hugegraph/space/register/RegisterConfig.java:315:16: Local variable name '$ddsHost' must match pattern '^[a-z]([a-zA-Z0-9]*)?$'. [LocalVariableName]
[INFO] /home/zy/code/hugegraph/hugegraph-server/hugegraph-core/src/main/java/org/apache/hugegraph/space/register/RegisterConfig.java:317:16: Local variable name '$ddsSlave' must match pattern '^[a-z]([a-zA-Z0-9]*)?$'. [LocalVariableName]
[INFO] /home/zy/code/hugegraph/hugegraph-server/hugegraph-core/src/main/java/org/apache/hugegraph/space/register/RegisterConfig.java:319:16: Local variable name '$consumer' must match pattern '^[a-z]([a-zA-Z0-9]*)?$'. [LocalVariableName]
[INFO] /home/zy/code/hugegraph/hugegraph-server/hugegraph-core/src/main/java/org/apache/hugegraph/space/register/registerImpl/SampleRegister.java:18:9: Package name 'org.apache.hugegraph.space.register.registerImpl' must match pattern '^[a-z]+(\.[a-z][a-z0-9]*)*$'. [PackageName]
[INFO] /home/zy/code/hugegraph/hugegraph-server/hugegraph-core/src/main/java/org/apache/hugegraph/space/register/registerImpl/SampleRegister.java:32:8: Unused import - org.apache.hugegraph.space.register.dto.PortDTO. [UnusedImports]
[INFO] /home/zy/code/hugegraph/hugegraph-server/hugegraph-core/src/main/java/org/apache/hugegraph/space/register/registerImpl/SampleRegister.java:66:39: Empty catch block. [EmptyCatchBlock]
[INFO] /home/zy/code/hugegraph/hugegraph-server/hugegraph-core/src/main/java/org/apache/hugegraph/space/register/registerImpl/SampleRegister.java:77: Prohibit invoking System.out.println in source code ! [RegexpSingleline]
[INFO] /home/zy/code/hugegraph/hugegraph-server/hugegraph-core/src/main/java/org/apache/hugegraph/space/register/registerImpl/SampleRegister.java:95: Prohibit invoking System.out.println in source code ! [RegexpSingleline]
[INFO] /home/zy/code/hugegraph/hugegraph-server/hugegraph-core/src/main/java/org/apache/hugegraph/space/register/registerImpl/PdRegister.java:18:9: Package name 'org.apache.hugegraph.space.register.registerImpl' must match pattern '^[a-z]+(\.[a-z][a-z0-9]*)*$'. [PackageName]
[INFO] /home/zy/code/hugegraph/hugegraph-server/hugegraph-core/src/main/java/org/apache/hugegraph/space/register/registerImpl/PdRegister.java:112:49: Empty catch block. [EmptyCatchBlock]
[INFO] /home/zy/code/hugegraph/hugegraph-server/hugegraph-core/src/main/java/org/apache/hugegraph/space/register/registerImpl/PdRegister.java:185: Prohibit invoking System.out.println in source code ! [RegexpSingleline]
[INFO] /home/zy/code/hugegraph/hugegraph-server/hugegraph-core/src/main/java/org/apache/hugegraph/space/register/registerImpl/PdRegister.java:187:35: Empty catch block. [EmptyCatchBlock]
[INFO] /home/zy/code/hugegraph/hugegraph-server/hugegraph-core/src/main/java/org/apache/hugegraph/space/register/registerImpl/PdRegister.java:212: Prohibit invoking System.out.println in source code ! [RegexpSingleline]
[INFO] /home/zy/code/hugegraph/hugegraph-server/hugegraph-core/src/main/java/org/apache/hugegraph/space/register/registerImpl/PdRegister.java:214:35: Empty catch block. [EmptyCatchBlock]
[INFO] /home/zy/code/hugegraph/hugegraph-server/hugegraph-core/src/main/java/org/apache/hugegraph/space/register/registerImpl/PdRegister.java:231: Prohibit invoking System.out.println in source code ! [RegexpSingleline]
[INFO] /home/zy/code/hugegraph/hugegraph-server/hugegraph-core/src/main/java/org/apache/hugegraph/space/register/registerImpl/PdRegister.java:274:42: Empty catch block. [EmptyCatchBlock]
[INFO] /home/zy/code/hugegraph/hugegraph-server/hugegraph-core/src/main/java/org/apache/hugegraph/space/register/registerImpl/PdRegister.java:288:38: Empty catch block. [EmptyCatchBlock]
[INFO] /home/zy/code/hugegraph/hugegraph-server/hugegraph-core/src/main/java/org/apache/hugegraph/space/register/registerImpl/PdRegister.java:300:38: Empty catch block. [EmptyCatchBlock]
[INFO] /home/zy/code/hugegraph/hugegraph-server/hugegraph-core/src/main/java/org/apache/hugegraph/space/register/registerImpl/PdRegister.java:376:51: Empty catch block. [EmptyCatchBlock]
[INFO] /home/zy/code/hugegraph/hugegraph-server/hugegraph-core/src/main/java/org/apache/hugegraph/space/register/registerImpl/PdRegister.java:379:43: Empty catch block. [EmptyCatchBlock]
[INFO] /home/zy/code/hugegraph/hugegraph-server/hugegraph-core/src/main/java/org/apache/hugegraph/space/register/dto/MetadataDTO.java:80:24: Local variable name 'this$name' must match pattern '^[a-z]([a-zA-Z0-9]*)?$'. [LocalVariableName]
[INFO] /home/zy/code/hugegraph/hugegraph-server/hugegraph-core/src/main/java/org/apache/hugegraph/space/register/dto/MetadataDTO.java:81:24: Local variable name 'other$name' must match pattern '^[a-z]([a-zA-Z0-9]*)?$'. [LocalVariableName]
[INFO] /home/zy/code/hugegraph/hugegraph-server/hugegraph-core/src/main/java/org/apache/hugegraph/space/register/dto/MetadataDTO.java:90:24: Local variable name 'this$namespace' must match pattern '^[a-z]([a-zA-Z0-9]*)?$'. [LocalVariableName]
[INFO] /home/zy/code/hugegraph/hugegraph-server/hugegraph-core/src/main/java/org/apache/hugegraph/space/register/dto/MetadataDTO.java:91:24: Local variable name 'other$namespace' must match pattern '^[a-z]([a-zA-Z0-9]*)?$'. [LocalVariableName]
[INFO] /home/zy/code/hugegraph/hugegraph-server/hugegraph-core/src/main/java/org/apache/hugegraph/space/register/dto/MetadataDTO.java:100:24: Local variable name 'this$uid' must match pattern '^[a-z]([a-zA-Z0-9]*)?$'. [LocalVariableName]
[INFO] /home/zy/code/hugegraph/hugegraph-server/hugegraph-core/src/main/java/org/apache/hugegraph/space/register/dto/MetadataDTO.java:101:24: Local variable name 'other$uid' must match pattern '^[a-z]([a-zA-Z0-9]*)?$'. [LocalVariableName]
[INFO] /home/zy/code/hugegraph/hugegraph-server/hugegraph-core/src/main/java/org/apache/hugegraph/space/register/dto/MetadataDTO.java:110:24: Local variable name 'this$resourceVersion' must match pattern '^[a-z]([a-zA-Z0-9]*)?$'. [LocalVariableName]
[INFO] /home/zy/code/hugegraph/hugegraph-server/hugegraph-core/src/main/java/org/apache/hugegraph/space/register/dto/MetadataDTO.java:111:24: Local variable name 'other$resourceVersion' must match pattern '^[a-z]([a-zA-Z0-9]*)?$'. [LocalVariableName]
[INFO] /home/zy/code/hugegraph/hugegraph-server/hugegraph-core/src/main/java/org/apache/hugegraph/space/register/dto/MetadataDTO.java:120:24: Local variable name 'this$creationTimestamp' must match pattern '^[a-z]([a-zA-Z0-9]*)?$'. [LocalVariableName]
[INFO] /home/zy/code/hugegraph/hugegraph-server/hugegraph-core/src/main/java/org/apache/hugegraph/space/register/dto/MetadataDTO.java:121:24: Local variable name 'other$creationTimestamp' must match pattern '^[a-z]([a-zA-Z0-9]*)?$'. [LocalVariableName]
[INFO] /home/zy/code/hugegraph/hugegraph-server/hugegraph-core/src/main/java/org/apache/hugegraph/space/register/dto/MetadataDTO.java:124:19: 'else' construct must use '{}'s. [NeedBraces]
[INFO] /home/zy/code/hugegraph/hugegraph-server/hugegraph-core/src/main/java/org/apache/hugegraph/space/register/dto/MetadataDTO.java:134:13: Local variable name 'PRIME' must match pattern '^[a-z]([a-zA-Z0-9]*)?$'. [LocalVariableName]
[INFO] /home/zy/code/hugegraph/hugegraph-server/hugegraph-core/src/main/java/org/apache/hugegraph/space/register/dto/MetadataDTO.java:136:16: Local variable name '$name' must match pattern '^[a-z]([a-zA-Z0-9]*)?$'. [LocalVariableName]
[INFO] /home/zy/code/hugegraph/hugegraph-server/hugegraph-core/src/main/java/org/apache/hugegraph/space/register/dto/MetadataDTO.java:138:16: Local variable name '$namespace' must match pattern '^[a-z]([a-zA-Z0-9]*)?$'. [LocalVariableName]
[INFO] /home/zy/code/hugegraph/hugegraph-server/hugegraph-core/src/main/java/org/apache/hugegraph/space/register/dto/MetadataDTO.java:140:16: Local variable name '$uid' must match pattern '^[a-z]([a-zA-Z0-9]*)?$'. [LocalVariableName]
[INFO] /home/zy/code/hugegraph/hugegraph-server/hugegraph-core/src/main/java/org/apache/hugegraph/space/register/dto/MetadataDTO.java:142:16: Local variable name '$resourceVersion' must match pattern '^[a-z]([a-zA-Z0-9]*)?$'. [LocalVariableName]
[INFO] /home/zy/code/hugegraph/hugegraph-server/hugegraph-core/src/main/java/org/apache/hugegraph/space/register/dto/MetadataDTO.java:144:16: Local variable name '$creationTimestamp' must match pattern '^[a-z]([a-zA-Z0-9]*)?$'. [LocalVariableName]
[INFO] /home/zy/code/hugegraph/hugegraph-server/hugegraph-core/src/main/java/org/apache/hugegraph/space/register/dto/EurekaDTO.java:43:24: Local variable name 'this$instance' must match pattern '^[a-z]([a-zA-Z0-9]*)?$'. [LocalVariableName]
[INFO] /home/zy/code/hugegraph/hugegraph-server/hugegraph-core/src/main/java/org/apache/hugegraph/space/register/dto/EurekaDTO.java:44:24: Local variable name 'other$instance' must match pattern '^[a-z]([a-zA-Z0-9]*)?$'. [LocalVariableName]
[INFO] /home/zy/code/hugegraph/hugegraph-server/hugegraph-core/src/main/java/org/apache/hugegraph/space/register/dto/EurekaDTO.java:47:19: 'else' construct must use '{}'s. [NeedBraces]
[INFO] /home/zy/code/hugegraph/hugegraph-server/hugegraph-core/src/main/java/org/apache/hugegraph/space/register/dto/EurekaDTO.java:57:13: Local variable name 'PRIME' must match pattern '^[a-z]([a-zA-Z0-9]*)?$'. [LocalVariableName]
[INFO] /home/zy/code/hugegraph/hugegraph-server/hugegraph-core/src/main/java/org/apache/hugegraph/space/register/dto/EurekaDTO.java:59:16: Local variable name '$instance' must match pattern '^[a-z]([a-zA-Z0-9]*)?$'. [LocalVariableName]
[INFO] /home/zy/code/hugegraph/hugegraph-server/hugegraph-core/src/main/java/org/apache/hugegraph/space/register/dto/EurekaRespDTO.java:54:24: Local variable name 'this$name' must match pattern '^[a-z]([a-zA-Z0-9]*)?$'. [LocalVariableName]
[INFO] /home/zy/code/hugegraph/hugegraph-server/hugegraph-core/src/main/java/org/apache/hugegraph/space/register/dto/EurekaRespDTO.java:55:24: Local variable name 'other$name' must match pattern '^[a-z]([a-zA-Z0-9]*)?$'. [LocalVariableName]
[INFO] /home/zy/code/hugegraph/hugegraph-server/hugegraph-core/src/main/java/org/apache/hugegraph/space/register/dto/EurekaRespDTO.java:64:24: Local variable name 'this$instance' must match pattern '^[a-z]([a-zA-Z0-9]*)?$'. [LocalVariableName]
[INFO] /home/zy/code/hugegraph/hugegraph-server/hugegraph-core/src/main/java/org/apache/hugegraph/space/register/dto/EurekaRespDTO.java:65:24: Local variable name 'other$instance' must match pattern '^[a-z]([a-zA-Z0-9]*)?$'. [LocalVariableName]
[INFO] /home/zy/code/hugegraph/hugegraph-server/hugegraph-core/src/main/java/org/apache/hugegraph/space/register/dto/EurekaRespDTO.java:68:19: 'else' construct must use '{}'s. [NeedBraces]
[INFO] /home/zy/code/hugegraph/hugegraph-server/hugegraph-core/src/main/java/org/apache/hugegraph/space/register/dto/EurekaRespDTO.java:78:13: Local variable name 'PRIME' must match pattern '^[a-z]([a-zA-Z0-9]*)?$'. [LocalVariableName]
[INFO] /home/zy/code/hugegraph/hugegraph-server/hugegraph-core/src/main/java/org/apache/hugegraph/space/register/dto/EurekaRespDTO.java:80:16: Local variable name '$name' must match pattern '^[a-z]([a-zA-Z0-9]*)?$'. [LocalVariableName]
[INFO] /home/zy/code/hugegraph/hugegraph-server/hugegraph-core/src/main/java/org/apache/hugegraph/space/register/dto/EurekaRespDTO.java:82:16: Local variable name '$instance' must match pattern '^[a-z]([a-zA-Z0-9]*)?$'. [LocalVariableName]
[INFO] /home/zy/code/hugegraph/hugegraph-server/hugegraph-core/src/main/java/org/apache/hugegraph/space/register/dto/SpecDTO.java:62:24: Local variable name 'this$ports' must match pattern '^[a-z]([a-zA-Z0-9]*)?$'. [LocalVariableName]
[INFO] /home/zy/code/hugegraph/hugegraph-server/hugegraph-core/src/main/java/org/apache/hugegraph/space/register/dto/SpecDTO.java:63:24: Local variable name 'other$ports' must match pattern '^[a-z]([a-zA-Z0-9]*)?$'. [LocalVariableName]
[INFO] /home/zy/code/hugegraph/hugegraph-server/hugegraph-core/src/main/java/org/apache/hugegraph/space/register/dto/SpecDTO.java:72:24: Local variable name 'this$clusterIP' must match pattern '^[a-z]([a-zA-Z0-9]*)?$'. [LocalVariableName]
[INFO] /home/zy/code/hugegraph/hugegraph-server/hugegraph-core/src/main/java/org/apache/hugegraph/space/register/dto/SpecDTO.java:73:24: Local variable name 'other$clusterIP' must match pattern '^[a-z]([a-zA-Z0-9]*)?$'. [LocalVariableName]
[INFO] /home/zy/code/hugegraph/hugegraph-server/hugegraph-core/src/main/java/org/apache/hugegraph/space/register/dto/SpecDTO.java:82:24: Local variable name 'this$type' must match pattern '^[a-z]([a-zA-Z0-9]*)?$'. [LocalVariableName]
[INFO] /home/zy/code/hugegraph/hugegraph-server/hugegraph-core/src/main/java/org/apache/hugegraph/space/register/dto/SpecDTO.java:83:24: Local variable name 'other$type' must match pattern '^[a-z]([a-zA-Z0-9]*)?$'. [LocalVariableName]
[INFO] /home/zy/code/hugegraph/hugegraph-server/hugegraph-core/src/main/java/org/apache/hugegraph/space/register/dto/SpecDTO.java:86:19: 'else' construct must use '{}'s. [NeedBraces]
[INFO] /home/zy/code/hugegraph/hugegraph-server/hugegraph-core/src/main/java/org/apache/hugegraph/space/register/dto/SpecDTO.java:96:13: Local variable name 'PRIME' must match pattern '^[a-z]([a-zA-Z0-9]*)?$'. [LocalVariableName]
[INFO] /home/zy/code/hugegraph/hugegraph-server/hugegraph-core/src/main/java/org/apache/hugegraph/space/register/dto/SpecDTO.java:98:16: Local variable name '$ports' must match pattern '^[a-z]([a-zA-Z0-9]*)?$'. [LocalVariableName]
[INFO] /home/zy/code/hugegraph/hugegraph-server/hugegraph-core/src/main/java/org/apache/hugegraph/space/register/dto/SpecDTO.java:100:16: Local variable name '$clusterIP' must match pattern '^[a-z]([a-zA-Z0-9]*)?$'. [LocalVariableName]
[INFO] /home/zy/code/hugegraph/hugegraph-server/hugegraph-core/src/main/java/org/apache/hugegraph/space/register/dto/SpecDTO.java:102:16: Local variable name '$type' must match pattern '^[a-z]([a-zA-Z0-9]*)?$'. [LocalVariableName]
[INFO] /home/zy/code/hugegraph/hugegraph-server/hugegraph-core/src/main/java/org/apache/hugegraph/space/register/dto/ServiceDTO.java:69:24: Local variable name 'this$kind' must match pattern '^[a-z]([a-zA-Z0-9]*)?$'. [LocalVariableName]
[INFO] /home/zy/code/hugegraph/hugegraph-server/hugegraph-core/src/main/java/org/apache/hugegraph/space/register/dto/ServiceDTO.java:70:24: Local variable name 'other$kind' must match pattern '^[a-z]([a-zA-Z0-9]*)?$'. [LocalVariableName]
[INFO] /home/zy/code/hugegraph/hugegraph-server/hugegraph-core/src/main/java/org/apache/hugegraph/space/register/dto/ServiceDTO.java:79:24: Local variable name 'this$apiVersion' must match pattern '^[a-z]([a-zA-Z0-9]*)?$'. [LocalVariableName]
[INFO] /home/zy/code/hugegraph/hugegraph-server/hugegraph-core/src/main/java/org/apache/hugegraph/space/register/dto/ServiceDTO.java:80:24: Local variable name 'other$apiVersion' must match pattern '^[a-z]([a-zA-Z0-9]*)?$'. [LocalVariableName]
[INFO] /home/zy/code/hugegraph/hugegraph-server/hugegraph-core/src/main/java/org/apache/hugegraph/space/register/dto/ServiceDTO.java:89:24: Local variable name 'this$metadata' must match pattern '^[a-z]([a-zA-Z0-9]*)?$'. [LocalVariableName]
[INFO] /home/zy/code/hugegraph/hugegraph-server/hugegraph-core/src/main/java/org/apache/hugegraph/space/register/dto/ServiceDTO.java:90:24: Local variable name 'other$metadata' must match pattern '^[a-z]([a-zA-Z0-9]*)?$'. [LocalVariableName]
[INFO] /home/zy/code/hugegraph/hugegraph-server/hugegraph-core/src/main/java/org/apache/hugegraph/space/register/dto/ServiceDTO.java:99:24: Local variable name 'this$spec' must match pattern '^[a-z]([a-zA-Z0-9]*)?$'. [LocalVariableName]
[INFO] /home/zy/code/hugegraph/hugegraph-server/hugegraph-core/src/main/java/org/apache/hugegraph/space/register/dto/ServiceDTO.java:100:24: Local variable name 'other$spec' must match pattern '^[a-z]([a-zA-Z0-9]*)?$'. [LocalVariableName]
[INFO] /home/zy/code/hugegraph/hugegraph-server/hugegraph-core/src/main/java/org/apache/hugegraph/space/register/dto/ServiceDTO.java:103:19: 'else' construct must use '{}'s. [NeedBraces]
[INFO] /home/zy/code/hugegraph/hugegraph-server/hugegraph-core/src/main/java/org/apache/hugegraph/space/register/dto/ServiceDTO.java:113:13: Local variable name 'PRIME' must match pattern '^[a-z]([a-zA-Z0-9]*)?$'. [LocalVariableName]
[INFO] /home/zy/code/hugegraph/hugegraph-server/hugegraph-core/src/main/java/org/apache/hugegraph/space/register/dto/ServiceDTO.java:115:16: Local variable name '$kind' must match pattern '^[a-z]([a-zA-Z0-9]*)?$'. [LocalVariableName]
[INFO] /home/zy/code/hugegraph/hugegraph-server/hugegraph-core/src/main/java/org/apache/hugegraph/space/register/dto/ServiceDTO.java:117:16: Local variable name '$apiVersion' must match pattern '^[a-z]([a-zA-Z0-9]*)?$'. [LocalVariableName]
[INFO] /home/zy/code/hugegraph/hugegraph-server/hugegraph-core/src/main/java/org/apache/hugegraph/space/register/dto/ServiceDTO.java:119:16: Local variable name '$metadata' must match pattern '^[a-z]([a-zA-Z0-9]*)?$'. [LocalVariableName]
[INFO] /home/zy/code/hugegraph/hugegraph-server/hugegraph-core/src/main/java/org/apache/hugegraph/space/register/dto/ServiceDTO.java:121:16: Local variable name '$spec' must match pattern '^[a-z]([a-zA-Z0-9]*)?$'. [LocalVariableName]
[INFO] /home/zy/code/hugegraph/hugegraph-server/hugegraph-core/src/main/java/org/apache/hugegraph/space/register/dto/PortDTO.java:78:24: Local variable name 'this$name' must match pattern '^[a-z]([a-zA-Z0-9]*)?$'. [LocalVariableName]
[INFO] /home/zy/code/hugegraph/hugegraph-server/hugegraph-core/src/main/java/org/apache/hugegraph/space/register/dto/PortDTO.java:79:24: Local variable name 'other$name' must match pattern '^[a-z]([a-zA-Z0-9]*)?$'. [LocalVariableName]
[INFO] /home/zy/code/hugegraph/hugegraph-server/hugegraph-core/src/main/java/org/apache/hugegraph/space/register/dto/PortDTO.java:88:24: Local variable name 'this$protocol' must match pattern '^[a-z]([a-zA-Z0-9]*)?$'. [LocalVariableName]
[INFO] /home/zy/code/hugegraph/hugegraph-server/hugegraph-core/src/main/java/org/apache/hugegraph/space/register/dto/PortDTO.java:89:24: Local variable name 'other$protocol' must match pattern '^[a-z]([a-zA-Z0-9]*)?$'. [LocalVariableName]
[INFO] /home/zy/code/hugegraph/hugegraph-server/hugegraph-core/src/main/java/org/apache/hugegraph/space/register/dto/PortDTO.java:98:24: Local variable name 'this$port' must match pattern '^[a-z]([a-zA-Z0-9]*)?$'. [LocalVariableName]
[INFO] /home/zy/code/hugegraph/hugegraph-server/hugegraph-core/src/main/java/org/apache/hugegraph/space/register/dto/PortDTO.java:99:24: Local variable name 'other$port' must match pattern '^[a-z]([a-zA-Z0-9]*)?$'. [LocalVariableName]
[INFO] /home/zy/code/hugegraph/hugegraph-server/hugegraph-core/src/main/java/org/apache/hugegraph/space/register/dto/PortDTO.java:108:24: Local variable name 'this$targetPort' must match pattern '^[a-z]([a-zA-Z0-9]*)?$'. [LocalVariableName]
[INFO] /home/zy/code/hugegraph/hugegraph-server/hugegraph-core/src/main/java/org/apache/hugegraph/space/register/dto/PortDTO.java:109:24: Local variable name 'other$targetPort' must match pattern '^[a-z]([a-zA-Z0-9]*)?$'. [LocalVariableName]
[INFO] /home/zy/code/hugegraph/hugegraph-server/hugegraph-core/src/main/java/org/apache/hugegraph/space/register/dto/PortDTO.java:118:24: Local variable name 'this$nodePort' must match pattern '^[a-z]([a-zA-Z0-9]*)?$'. [LocalVariableName]
[INFO] /home/zy/code/hugegraph/hugegraph-server/hugegraph-core/src/main/java/org/apache/hugegraph/space/register/dto/PortDTO.java:119:24: Local variable name 'other$nodePort' must match pattern '^[a-z]([a-zA-Z0-9]*)?$'. [LocalVariableName]
[INFO] /home/zy/code/hugegraph/hugegraph-server/hugegraph-core/src/main/java/org/apache/hugegraph/space/register/dto/PortDTO.java:122:19: 'else' construct must use '{}'s. [NeedBraces]
[INFO] /home/zy/code/hugegraph/hugegraph-server/hugegraph-core/src/main/java/org/apache/hugegraph/space/register/dto/PortDTO.java:132:13: Local variable name 'PRIME' must match pattern '^[a-z]([a-zA-Z0-9]*)?$'. [LocalVariableName]
[INFO] /home/zy/code/hugegraph/hugegraph-server/hugegraph-core/src/main/java/org/apache/hugegraph/space/register/dto/PortDTO.java:134:16: Local variable name '$name' must match pattern '^[a-z]([a-zA-Z0-9]*)?$'. [LocalVariableName]
[INFO] /home/zy/code/hugegraph/hugegraph-server/hugegraph-core/src/main/java/org/apache/hugegraph/space/register/dto/PortDTO.java:136:16: Local variable name '$protocol' must match pattern '^[a-z]([a-zA-Z0-9]*)?$'. [LocalVariableName]
[INFO] /home/zy/code/hugegraph/hugegraph-server/hugegraph-core/src/main/java/org/apache/hugegraph/space/register/dto/PortDTO.java:138:16: Local variable name '$port' must match pattern '^[a-z]([a-zA-Z0-9]*)?$'. [LocalVariableName]
[INFO] /home/zy/code/hugegraph/hugegraph-server/hugegraph-core/src/main/java/org/apache/hugegraph/space/register/dto/PortDTO.java:140:16: Local variable name '$targetPort' must match pattern '^[a-z]([a-zA-Z0-9]*)?$'. [LocalVariableName]
[INFO] /home/zy/code/hugegraph/hugegraph-server/hugegraph-core/src/main/java/org/apache/hugegraph/space/register/dto/PortDTO.java:142:16: Local variable name '$nodePort' must match pattern '^[a-z]([a-zA-Z0-9]*)?$'. [LocalVariableName]
[INFO] /home/zy/code/hugegraph/hugegraph-server/hugegraph-core/src/main/java/org/apache/hugegraph/space/register/dto/EurekaInstanceDTO.java:175:24: Local variable name 'this$instanceId' must match pattern '^[a-z]([a-zA-Z0-9]*)?$'. [LocalVariableName]
[INFO] /home/zy/code/hugegraph/hugegraph-server/hugegraph-core/src/main/java/org/apache/hugegraph/space/register/dto/EurekaInstanceDTO.java:176:24: Local variable name 'other$instanceId' must match pattern '^[a-z]([a-zA-Z0-9]*)?$'. [LocalVariableName]
[INFO] /home/zy/code/hugegraph/hugegraph-server/hugegraph-core/src/main/java/org/apache/hugegraph/space/register/dto/EurekaInstanceDTO.java:185:24: Local variable name 'this$ipAddr' must match pattern '^[a-z]([a-zA-Z0-9]*)?$'. [LocalVariableName]
[INFO] /home/zy/code/hugegraph/hugegraph-server/hugegraph-core/src/main/java/org/apache/hugegraph/space/register/dto/EurekaInstanceDTO.java:186:24: Local variable name 'other$ipAddr' must match pattern '^[a-z]([a-zA-Z0-9]*)?$'. [LocalVariableName]
[INFO] /home/zy/code/hugegraph/hugegraph-server/hugegraph-core/src/main/java/org/apache/hugegraph/space/register/dto/EurekaInstanceDTO.java:195:24: Local variable name 'this$port' must match pattern '^[a-z]([a-zA-Z0-9]*)?$'. [LocalVariableName]
[INFO] /home/zy/code/hugegraph/hugegraph-server/hugegraph-core/src/main/java/org/apache/hugegraph/space/register/dto/EurekaInstanceDTO.java:196:24: Local variable name 'other$port' must match pattern '^[a-z]([a-zA-Z0-9]*)?$'. [LocalVariableName]
[INFO] /home/zy/code/hugegraph/hugegraph-server/hugegraph-core/src/main/java/org/apache/hugegraph/space/register/dto/EurekaInstanceDTO.java:205:24: Local variable name 'this$hostName' must match pattern '^[a-z]([a-zA-Z0-9]*)?$'. [LocalVariableName]
[INFO] /home/zy/code/hugegraph/hugegraph-server/hugegraph-core/src/main/java/org/apache/hugegraph/space/register/dto/EurekaInstanceDTO.java:206:24: Local variable name 'other$hostName' must match pattern '^[a-z]([a-zA-Z0-9]*)?$'. [LocalVariableName]
[INFO] /home/zy/code/hugegraph/hugegraph-server/hugegraph-core/src/main/java/org/apache/hugegraph/space/register/dto/EurekaInstanceDTO.java:215:24: Local variable name 'this$app' must match pattern '^[a-z]([a-zA-Z0-9]*)?$'. [LocalVariableName]
[INFO] /home/zy/code/hugegraph/hugegraph-server/hugegraph-core/src/main/java/org/apache/hugegraph/space/register/dto/EurekaInstanceDTO.java:216:24: Local variable name 'other$app' must match pattern '^[a-z]([a-zA-Z0-9]*)?$'. [LocalVariableName]
[INFO] /home/zy/code/hugegraph/hugegraph-server/hugegraph-core/src/main/java/org/apache/hugegraph/space/register/dto/EurekaInstanceDTO.java:225:24: Local variable name 'this$status' must match pattern '^[a-z]([a-zA-Z0-9]*)?$'. [LocalVariableName]
[INFO] /home/zy/code/hugegraph/hugegraph-server/hugegraph-core/src/main/java/org/apache/hugegraph/space/register/dto/EurekaInstanceDTO.java:226:24: Local variable name 'other$status' must match pattern '^[a-z]([a-zA-Z0-9]*)?$'. [LocalVariableName]
[INFO] /home/zy/code/hugegraph/hugegraph-server/hugegraph-core/src/main/java/org/apache/hugegraph/space/register/dto/EurekaInstanceDTO.java:235:24: Local variable name 'this$metadata' must match pattern '^[a-z]([a-zA-Z0-9]*)?$'. [LocalVariableName]
[INFO] /home/zy/code/hugegraph/hugegraph-server/hugegraph-core/src/main/java/org/apache/hugegraph/space/register/dto/EurekaInstanceDTO.java:236:24: Local variable name 'other$metadata' must match pattern '^[a-z]([a-zA-Z0-9]*)?$'. [LocalVariableName]
[INFO] /home/zy/code/hugegraph/hugegraph-server/hugegraph-core/src/main/java/org/apache/hugegraph/space/register/dto/EurekaInstanceDTO.java:245:24: Local variable name 'this$dataCenterInfo' must match pattern '^[a-z]([a-zA-Z0-9]*)?$'. [LocalVariableName]
[INFO] /home/zy/code/hugegraph/hugegraph-server/hugegraph-core/src/main/java/org/apache/hugegraph/space/register/dto/EurekaInstanceDTO.java:246:24: Local variable name 'other$dataCenterInfo' must match pattern '^[a-z]([a-zA-Z0-9]*)?$'. [LocalVariableName]
[INFO] /home/zy/code/hugegraph/hugegraph-server/hugegraph-core/src/main/java/org/apache/hugegraph/space/register/dto/EurekaInstanceDTO.java:255:24: Local variable name 'this$healthCheckUrl' must match pattern '^[a-z]([a-zA-Z0-9]*)?$'. [LocalVariableName]
[INFO] /home/zy/code/hugegraph/hugegraph-server/hugegraph-core/src/main/java/org/apache/hugegraph/space/register/dto/EurekaInstanceDTO.java:256:24: Local variable name 'other$healthCheckUrl' must match pattern '^[a-z]([a-zA-Z0-9]*)?$'. [LocalVariableName]
[INFO] /home/zy/code/hugegraph/hugegraph-server/hugegraph-core/src/main/java/org/apache/hugegraph/space/register/dto/EurekaInstanceDTO.java:265:24: Local variable name 'this$secureViaAddress' must match pattern '^[a-z]([a-zA-Z0-9]*)?$'. [LocalVariableName]
[INFO] /home/zy/code/hugegraph/hugegraph-server/hugegraph-core/src/main/java/org/apache/hugegraph/space/register/dto/EurekaInstanceDTO.java:266:24: Local variable name 'other$secureViaAddress' must match pattern '^[a-z]([a-zA-Z0-9]*)?$'. [LocalVariableName]
[INFO] /home/zy/code/hugegraph/hugegraph-server/hugegraph-core/src/main/java/org/apache/hugegraph/space/register/dto/EurekaInstanceDTO.java:275:24: Local variable name 'this$vipAddress' must match pattern '^[a-z]([a-zA-Z0-9]*)?$'. [LocalVariableName]
[INFO] /home/zy/code/hugegraph/hugegraph-server/hugegraph-core/src/main/java/org/apache/hugegraph/space/register/dto/EurekaInstanceDTO.java:276:24: Local variable name 'other$vipAddress' must match pattern '^[a-z]([a-zA-Z0-9]*)?$'. [LocalVariableName]
[INFO] /home/zy/code/hugegraph/hugegraph-server/hugegraph-core/src/main/java/org/apache/hugegraph/space/register/dto/EurekaInstanceDTO.java:285:24: Local variable name 'this$securePort' must match pattern '^[a-z]([a-zA-Z0-9]*)?$'. [LocalVariableName]
[INFO] /home/zy/code/hugegraph/hugegraph-server/hugegraph-core/src/main/java/org/apache/hugegraph/space/register/dto/EurekaInstanceDTO.java:286:24: Local variable name 'other$securePort' must match pattern '^[a-z]([a-zA-Z0-9]*)?$'. [LocalVariableName]
[INFO] /home/zy/code/hugegraph/hugegraph-server/hugegraph-core/src/main/java/org/apache/hugegraph/space/register/dto/EurekaInstanceDTO.java:295:24: Local variable name 'this$homePageUrl' must match pattern '^[a-z]([a-zA-Z0-9]*)?$'. [LocalVariableName]
[INFO] /home/zy/code/hugegraph/hugegraph-server/hugegraph-core/src/main/java/org/apache/hugegraph/space/register/dto/EurekaInstanceDTO.java:296:24: Local variable name 'other$homePageUrl' must match pattern '^[a-z]([a-zA-Z0-9]*)?$'. [LocalVariableName]
[INFO] /home/zy/code/hugegraph/hugegraph-server/hugegraph-core/src/main/java/org/apache/hugegraph/space/register/dto/EurekaInstanceDTO.java:305:24: Local variable name 'this$statusPageUrl' must match pattern '^[a-z]([a-zA-Z0-9]*)?$'. [LocalVariableName]
[INFO] /home/zy/code/hugegraph/hugegraph-server/hugegraph-core/src/main/java/org/apache/hugegraph/space/register/dto/EurekaInstanceDTO.java:306:24: Local variable name 'other$statusPageUrl' must match pattern '^[a-z]([a-zA-Z0-9]*)?$'. [LocalVariableName]
[INFO] /home/zy/code/hugegraph/hugegraph-server/hugegraph-core/src/main/java/org/apache/hugegraph/space/register/dto/EurekaInstanceDTO.java:309:19: 'else' construct must use '{}'s. [NeedBraces]
[INFO] /home/zy/code/hugegraph/hugegraph-server/hugegraph-core/src/main/java/org/apache/hugegraph/space/register/dto/EurekaInstanceDTO.java:319:13: Local variable name 'PRIME' must match pattern '^[a-z]([a-zA-Z0-9]*)?$'. [LocalVariableName]
[INFO] /home/zy/code/hugegraph/hugegraph-server/hugegraph-core/src/main/java/org/apache/hugegraph/space/register/dto/EurekaInstanceDTO.java:321:16: Local variable name '$instanceId' must match pattern '^[a-z]([a-zA-Z0-9]*)?$'. [LocalVariableName]
[INFO] /home/zy/code/hugegraph/hugegraph-server/hugegraph-core/src/main/java/org/apache/hugegraph/space/register/dto/EurekaInstanceDTO.java:323:16: Local variable name '$ipAddr' must match pattern '^[a-z]([a-zA-Z0-9]*)?$'. [LocalVariableName]
[INFO] /home/zy/code/hugegraph/hugegraph-server/hugegraph-core/src/main/java/org/apache/hugegraph/space/register/dto/EurekaInstanceDTO.java:325:16: Local variable name '$port' must match pattern '^[a-z]([a-zA-Z0-9]*)?$'. [LocalVariableName]
[INFO] /home/zy/code/hugegraph/hugegraph-server/hugegraph-core/src/main/java/org/apache/hugegraph/space/register/dto/EurekaInstanceDTO.java:327:16: Local variable name '$hostName' must match pattern '^[a-z]([a-zA-Z0-9]*)?$'. [LocalVariableName]
[INFO] /home/zy/code/hugegraph/hugegraph-server/hugegraph-core/src/main/java/org/apache/hugegraph/space/register/dto/EurekaInstanceDTO.java:329:16: Local variable name '$app' must match pattern '^[a-z]([a-zA-Z0-9]*)?$'. [LocalVariableName]
[INFO] /home/zy/code/hugegraph/hugegraph-server/hugegraph-core/src/main/java/org/apache/hugegraph/space/register/dto/EurekaInstanceDTO.java:331:16: Local variable name '$status' must match pattern '^[a-z]([a-zA-Z0-9]*)?$'. [LocalVariableName]
[INFO] /home/zy/code/hugegraph/hugegraph-server/hugegraph-core/src/main/java/org/apache/hugegraph/space/register/dto/EurekaInstanceDTO.java:333:16: Local variable name '$metadata' must match pattern '^[a-z]([a-zA-Z0-9]*)?$'. [LocalVariableName]
[INFO] /home/zy/code/hugegraph/hugegraph-server/hugegraph-core/src/main/java/org/apache/hugegraph/space/register/dto/EurekaInstanceDTO.java:335:16: Local variable name '$dataCenterInfo' must match pattern '^[a-z]([a-zA-Z0-9]*)?$'. [LocalVariableName]
[INFO] /home/zy/code/hugegraph/hugegraph-server/hugegraph-core/src/main/java/org/apache/hugegraph/space/register/dto/EurekaInstanceDTO.java:337:16: Local variable name '$healthCheckUrl' must match pattern '^[a-z]([a-zA-Z0-9]*)?$'. [LocalVariableName]
[INFO] /home/zy/code/hugegraph/hugegraph-server/hugegraph-core/src/main/java/org/apache/hugegraph/space/register/dto/EurekaInstanceDTO.java:339:16: Local variable name '$secureViaAddress' must match pattern '^[a-z]([a-zA-Z0-9]*)?$'. [LocalVariableName]
[INFO] /home/zy/code/hugegraph/hugegraph-server/hugegraph-core/src/main/java/org/apache/hugegraph/space/register/dto/EurekaInstanceDTO.java:341:16: Local variable name '$vipAddress' must match pattern '^[a-z]([a-zA-Z0-9]*)?$'. [LocalVariableName]
[INFO] /home/zy/code/hugegraph/hugegraph-server/hugegraph-core/src/main/java/org/apache/hugegraph/space/register/dto/EurekaInstanceDTO.java:343:16: Local variable name '$securePort' must match pattern '^[a-z]([a-zA-Z0-9]*)?$'. [LocalVariableName]
[INFO] /home/zy/code/hugegraph/hugegraph-server/hugegraph-core/src/main/java/org/apache/hugegraph/space/register/dto/EurekaInstanceDTO.java:345:16: Local variable name '$homePageUrl' must match pattern '^[a-z]([a-zA-Z0-9]*)?$'. [LocalVariableName]
[INFO] /home/zy/code/hugegraph/hugegraph-server/hugegraph-core/src/main/java/org/apache/hugegraph/space/register/dto/EurekaInstanceDTO.java:347:16: Local variable name '$statusPageUrl' must match pattern '^[a-z]([a-zA-Z0-9]*)?$'. [LocalVariableName]
[INFO] /home/zy/code/hugegraph/hugegraph-server/hugegraph-core/src/main/java/org/apache/hugegraph/space/register/dto/ApplicationDTO.java:42:24: Local variable name 'this$application' must match pattern '^[a-z]([a-zA-Z0-9]*)?$'. [LocalVariableName]
[INFO] /home/zy/code/hugegraph/hugegraph-server/hugegraph-core/src/main/java/org/apache/hugegraph/space/register/dto/ApplicationDTO.java:43:24: Local variable name 'other$application' must match pattern '^[a-z]([a-zA-Z0-9]*)?$'. [LocalVariableName]
[INFO] /home/zy/code/hugegraph/hugegraph-server/hugegraph-core/src/main/java/org/apache/hugegraph/space/register/dto/ApplicationDTO.java:46:19: 'else' construct must use '{}'s. [NeedBraces]
[INFO] /home/zy/code/hugegraph/hugegraph-server/hugegraph-core/src/main/java/org/apache/hugegraph/space/register/dto/ApplicationDTO.java:56:13: Local variable name 'PRIME' must match pattern '^[a-z]([a-zA-Z0-9]*)?$'. [LocalVariableName]
[INFO] /home/zy/code/hugegraph/hugegraph-server/hugegraph-core/src/main/java/org/apache/hugegraph/space/register/dto/ApplicationDTO.java:58:16: Local variable name '$application' must match pattern '^[a-z]([a-zA-Z0-9]*)?$'. [LocalVariableName]
[INFO] /home/zy/code/hugegraph/hugegraph-server/hugegraph-core/src/main/java/org/apache/hugegraph/space/register/RegisterLoader.java:39:23: Empty finally block. [EmptyBlock]
[INFO] /home/zy/code/hugegraph/hugegraph-server/hugegraph-core/src/main/java/org/apache/hugegraph/space/register/RegisterPlugin.java:17:1: 'package' should be separated from previous line. [EmptyLineSeparator]
[INFO] /home/zy/code/hugegraph/hugegraph-server/hugegraph-core/src/main/java/org/apache/hugegraph/space/register/RegisterPlugin.java:68: Prohibit invoking System.out.println in source code ! [RegexpSingleline]
[INFO] /home/zy/code/hugegraph/hugegraph-server/hugegraph-core/src/main/java/org/apache/hugegraph/space/register/RegisterPlugin.java:87:34: Empty catch block. [EmptyCatchBlock]
[INFO] /home/zy/code/hugegraph/hugegraph-server/hugegraph-core/src/main/java/org/apache/hugegraph/traversal/algorithm/iterator/NestedIterator.java:38:23: Member name 'MAX_CACHED_COUNT' must match pattern '^[a-z][a-zA-Z0-9]*$'. [MemberName]
[INFO] /home/zy/code/hugegraph/hugegraph-server/hugegraph-core/src/main/java/org/apache/hugegraph/traversal/algorithm/iterator/NestedIterator.java:45:23: Member name 'MAX_VISITED_COUNT' must match pattern '^[a-z][a-zA-Z0-9]*$'. [MemberName]
[INFO] /home/zy/code/hugegraph/hugegraph-server/hugegraph-core/src/main/java/org/apache/hugegraph/traversal/optimize/HugeCountStrategy.java:19:1: 'package' should be separated from previous line. [EmptyLineSeparator]
[INFO] /home/zy/code/hugegraph/hugegraph-server/hugegraph-core/src/main/java/org/apache/hugegraph/traversal/optimize/HugePrimaryKeyStrategy.java:77:17: '||' should be on the previous line. [OperatorWrap]
[INFO] /home/zy/code/hugegraph/hugegraph-server/hugegraph-core/src/main/java/org/apache/hugegraph/job/algorithm/comm/LouvainTraverser.java:812:9: Definition of 'equals()' without corresponding definition of 'hashCode()'. [EqualsHashCode]
[INFO] /home/zy/code/hugegraph/hugegraph-server/hugegraph-core/src/main/java/org/apache/hugegraph/job/algorithm/comm/KCoreAlgorithm.java:85:26: Method name 'k' must match pattern '^[a-z][a-z0-9][a-zA-Z0-9_]*$'. [MethodName]
[INFO] /home/zy/code/hugegraph/hugegraph-server/hugegraph-core/src/main/java/org/apache/hugegraph/job/algorithm/comm/LpaAlgorithm.java:88:30: Member name 'R' must match pattern '^[a-z][a-zA-Z0-9]*$'. [MemberName]
[INFO] /home/zy/code/hugegraph/hugegraph-server/hugegraph-core/src/main/java/org/apache/hugegraph/job/algorithm/cent/ClosenessCentralityAlgorithmV2.java:17:1: 'package' should be separated from previous line. [EmptyLineSeparator]
[INFO] /home/zy/code/hugegraph/hugegraph-server/hugegraph-core/src/main/java/org/apache/hugegraph/config/CoreOptions.java:27:56: Using the '.*' form of import should be avoided - org.apache.hugegraph.config.OptionChecker.*. [AvoidStarImport]
[INFO] /home/zy/code/hugegraph/hugegraph-server/hugegraph-core/src/main/java/org/apache/hugegraph/StandardHugeGraph.java:135:13: 'array initialization' child has incorrect indentation level 12, expected level should be 8. [Indentation]
[INFO] /home/zy/code/hugegraph/hugegraph-server/hugegraph-core/src/main/java/org/apache/hugegraph/StandardHugeGraph.java:136:13: 'array initialization' child has incorrect indentation level 12, expected level should be 8. [Indentation]
[INFO] /home/zy/code/hugegraph/hugegraph-server/hugegraph-core/src/main/java/org/apache/hugegraph/StandardHugeGraph.java:137:13: 'array initialization' child has incorrect indentation level 12, expected level should be 8. [Indentation]
[INFO] /home/zy/code/hugegraph/hugegraph-server/hugegraph-core/src/main/java/org/apache/hugegraph/StandardHugeGraph.java:138:13: 'array initialization' child has incorrect indentation level 12, expected level should be 8. [Indentation]
[INFO] /home/zy/code/hugegraph/hugegraph-server/hugegraph-core/src/main/java/org/apache/hugegraph/StandardHugeGraph.java:139:13: 'array initialization' child has incorrect indentation level 12, expected level should be 8. [Indentation]
Audit done.
[INFO] You have 0 Checkstyle violations.
[INFO] 
[INFO] --- build-helper-maven-plugin:1.4:add-source (add-source) @ hugegraph-core ---
[INFO] Source directory: /home/zy/code/hugegraph/hugegraph-server/hugegraph-core/target/generated-sources/protobuf/java added.
[INFO] 
[INFO] --- protobuf-maven-plugin:0.6.1:compile (default) @ hugegraph-core ---
[INFO] Compiling 1 proto file(s) to /home/zy/code/hugegraph/hugegraph-server/hugegraph-core/target/generated-sources/protobuf/java
[INFO] 
[INFO] --- maven-remote-resources-plugin:3.3.0:process (process-resource-bundles) @ hugegraph-core ---
[INFO] Preparing remote bundle org.apache:apache-jar-resource-bundle:1.4
[INFO] Copying 3 resources from 1 bundle.
[WARNING] Failed to build parent project for org.apache.hugegraph:hugegraph-commons:pom:1.7.0
[WARNING] Failed to build parent project for org.apache.hugegraph:hugegraph-pd:pom:1.7.0
[WARNING] Failed to build parent project for org.apache.hugegraph:hugegraph-pd:pom:1.7.0
[WARNING] Failed to build parent project for org.apache.hugegraph:hugegraph-pd:pom:1.7.0
[WARNING] Failed to build parent project for org.apache.hugegraph:hugegraph-store:pom:1.7.0
[INFO] 
[INFO] --- maven-resources-plugin:3.1.0:resources (default-resources) @ hugegraph-core ---
[INFO] Using 'UTF-8' encoding to copy filtered resources.
[INFO] Copying 3 resources
[INFO] Copying 1 resource
[INFO] Copying 3 resources
[INFO] 
[INFO] --- flatten-maven-plugin:1.2.7:flatten (flatten) @ hugegraph-core ---
[INFO] Generating flattened POM of project org.apache.hugegraph:hugegraph-core:jar:1.7.0...
[INFO] 
[INFO] --- maven-compiler-plugin:3.1:compile (default-compile) @ hugegraph-core ---
[INFO] Changes detected - recompiling the module!
[INFO] Compiling 471 source files to /home/zy/code/hugegraph/hugegraph-server/hugegraph-core/target/classes
[WARNING] /home/zy/code/hugegraph/hugegraph-server/hugegraph-core/src/main/java/org/apache/hugegraph/util/collection/IntMap.java:[31,16] sun.misc.Unsafe is internal proprietary API and may be removed in a future release
[WARNING] /home/zy/code/hugegraph/hugegraph-server/hugegraph-core/src/main/java/org/apache/hugegraph/memory/util/OffHeapMemoryUtil.java:[26,16] sun.misc.Unsafe is internal proprietary API and may be removed in a future release
[WARNING] /home/zy/code/hugegraph/hugegraph-server/hugegraph-core/src/main/java/org/apache/hugegraph/util/collection/IntMapByDynamicHash.java:[26,16] sun.misc.Unsafe is internal proprietary API and may be removed in a future release
[WARNING] /home/zy/code/hugegraph/hugegraph-server/hugegraph-core/src/main/java/org/apache/hugegraph/util/collection/IntMap.java:[31,16] sun.misc.Unsafe is internal proprietary API and may be removed in a future release
[WARNING] /home/zy/code/hugegraph/hugegraph-server/hugegraph-core/src/main/java/org/apache/hugegraph/memory/util/OffHeapMemoryUtil.java:[26,16] sun.misc.Unsafe is internal proprietary API and may be removed in a future release
[WARNING] /home/zy/code/hugegraph/hugegraph-server/hugegraph-core/src/main/java/org/apache/hugegraph/util/collection/IntMapByDynamicHash.java:[26,16] sun.misc.Unsafe is internal proprietary API and may be removed in a future release
[WARNING] /home/zy/code/hugegraph/hugegraph-server/hugegraph-core/src/main/java/org/apache/hugegraph/util/collection/IntMap.java:[31,16] sun.misc.Unsafe is internal proprietary API and may be removed in a future release
[WARNING] /home/zy/code/hugegraph/hugegraph-server/hugegraph-core/src/main/java/org/apache/hugegraph/memory/util/OffHeapMemoryUtil.java:[26,16] sun.misc.Unsafe is internal proprietary API and may be removed in a future release
[WARNING] /home/zy/code/hugegraph/hugegraph-server/hugegraph-core/src/main/java/org/apache/hugegraph/util/collection/IntMapByDynamicHash.java:[26,16] sun.misc.Unsafe is internal proprietary API and may be removed in a future release
[WARNING] /home/zy/code/hugegraph/hugegraph-server/hugegraph-core/src/main/java/org/apache/hugegraph/HugeGraph.java:[384,36] unchecked generic array creation for varargs parameter of type java.lang.Class<? extends org.apache.tinkerpop.gremlin.process.traversal.TraversalStrategy>[]
[WARNING] /home/zy/code/hugegraph/hugegraph-server/hugegraph-core/src/main/java/org/apache/hugegraph/schema/VertexLabel.java:[143,39] unchecked conversion
  required: java.util.HashMap<java.lang.String,java.lang.Object>
  found:    java.util.HashMap
[WARNING] /home/zy/code/hugegraph/hugegraph-server/hugegraph-core/src/main/java/org/apache/hugegraph/util/collection/IntSet.java:[552,13] sun.misc.Unsafe is internal proprietary API and may be removed in a future release
[WARNING] /home/zy/code/hugegraph/hugegraph-server/hugegraph-core/src/main/java/org/apache/hugegraph/util/collection/IntSet.java:[552,13] sun.misc.Unsafe is internal proprietary API and may be removed in a future release
[WARNING] /home/zy/code/hugegraph/hugegraph-server/hugegraph-core/src/main/java/org/apache/hugegraph/util/collection/IntSet.java:[552,13] sun.misc.Unsafe is internal proprietary API and may be removed in a future release
[WARNING] /home/zy/code/hugegraph/hugegraph-server/hugegraph-core/src/main/java/org/apache/hugegraph/util/collection/IntMap.java:[602,5] sun.misc.Unsafe is internal proprietary API and may be removed in a future release
[WARNING] /home/zy/code/hugegraph/hugegraph-server/hugegraph-core/src/main/java/org/apache/hugegraph/util/collection/IntMap.java:[602,5] sun.misc.Unsafe is internal proprietary API and may be removed in a future release
[WARNING] /home/zy/code/hugegraph/hugegraph-server/hugegraph-core/src/main/java/org/apache/hugegraph/util/collection/IntMap.java:[602,5] sun.misc.Unsafe is internal proprietary API and may be removed in a future release
[WARNING] /home/zy/code/hugegraph/hugegraph-server/hugegraph-core/src/main/java/org/apache/hugegraph/meta/MetaManager.java:[373,31] unchecked conversion
  required: java.util.List<java.lang.String>
  found:    java.util.List
[WARNING] /home/zy/code/hugegraph/hugegraph-server/hugegraph-core/src/main/java/org/apache/hugegraph/meta/MetaManager.java:[1252,31] unchecked conversion
  required: java.util.List<java.lang.String>
  found:    java.util.List
[WARNING] /home/zy/code/hugegraph/hugegraph-server/hugegraph-core/src/main/java/org/apache/hugegraph/meta/MetaManager.java:[1263,31] unchecked conversion
  required: java.util.List<java.lang.String>
  found:    java.util.List
[WARNING] /home/zy/code/hugegraph/hugegraph-server/hugegraph-core/src/main/java/org/apache/hugegraph/meta/managers/AuthMetaManager.java:[76,40] unchecked method invocation: method fromMap in class org.apache.hugegraph.auth.HugeUser is applied to given types
  required: java.util.Map<java.lang.String,java.lang.Object>
  found:    java.util.Map
[WARNING] /home/zy/code/hugegraph/hugegraph-server/hugegraph-core/src/main/java/org/apache/hugegraph/meta/managers/AuthMetaManager.java:[76,58] unchecked conversion
  required: java.util.Map<java.lang.String,java.lang.Object>
  found:    java.util.Map
[WARNING] /home/zy/code/hugegraph/hugegraph-server/hugegraph-core/src/main/java/org/apache/hugegraph/meta/managers/AuthMetaManager.java:[95,52] unchecked conversion
  required: java.util.Map<java.lang.String,java.lang.Object>
  found:    java.util.Map
[WARNING] /home/zy/code/hugegraph/hugegraph-server/hugegraph-core/src/main/java/org/apache/hugegraph/meta/managers/AuthMetaManager.java:[118,60] unchecked conversion
  required: java.util.Map<java.lang.String,java.lang.Object>
  found:    java.util.Map
[WARNING] /home/zy/code/hugegraph/hugegraph-server/hugegraph-core/src/main/java/org/apache/hugegraph/meta/managers/AuthMetaManager.java:[196,52] unchecked conversion
  required: java.util.Map<java.lang.String,java.lang.Object>
  found:    java.util.Map
[WARNING] /home/zy/code/hugegraph/hugegraph-server/hugegraph-core/src/main/java/org/apache/hugegraph/meta/managers/AuthMetaManager.java:[215,52] unchecked conversion
  required: java.util.Map<java.lang.String,java.lang.Object>
  found:    java.util.Map
[WARNING] /home/zy/code/hugegraph/hugegraph-server/hugegraph-core/src/main/java/org/apache/hugegraph/meta/managers/AuthMetaManager.java:[224,33] unchecked method invocation: method fromMap in class org.apache.hugegraph.auth.HugeGroup is applied to given types
  required: java.util.Map<java.lang.String,java.lang.Object>
  found:    java.util.Map
[WARNING] /home/zy/code/hugegraph/hugegraph-server/hugegraph-core/src/main/java/org/apache/hugegraph/meta/managers/AuthMetaManager.java:[224,51] unchecked conversion
  required: java.util.Map<java.lang.String,java.lang.Object>
  found:    java.util.Map
[WARNING] /home/zy/code/hugegraph/hugegraph-server/hugegraph-core/src/main/java/org/apache/hugegraph/meta/managers/AuthMetaManager.java:[236,56] unchecked conversion
  required: java.util.Map<java.lang.String,java.lang.Object>
  found:    java.util.Map
[WARNING] /home/zy/code/hugegraph/hugegraph-server/hugegraph-core/src/main/java/org/apache/hugegraph/meta/managers/AuthMetaManager.java:[835,56] unchecked conversion
  required: java.util.Map<java.lang.String,java.lang.Object>
  found:    java.util.Map
[WARNING] /home/zy/code/hugegraph/hugegraph-server/hugegraph-core/src/main/java/org/apache/hugegraph/memory/consumer/impl/property/HugeVertexPropertyOffHeap.java:[83,58] unchecked cast
  required: V
  found:    java.lang.Object
[WARNING] /home/zy/code/hugegraph/hugegraph-server/hugegraph-core/src/main/java/org/apache/hugegraph/task/EphemeralJobQueue.java:[197,51] unchecked call to reduce(T,T) as a member of the raw type org.apache.hugegraph.task.EphemeralJobQueue.Reduce
[WARNING] /home/zy/code/hugegraph/hugegraph-server/hugegraph-core/src/main/java/org/apache/hugegraph/util/ConfigUtil.java:[61,21] unchecked call to FileBasedConfigurationBuilder(java.lang.Class<? extends T>) as a member of the raw type org.apache.commons.configuration2.builder.FileBasedConfigurationBuilder
[WARNING] /home/zy/code/hugegraph/hugegraph-server/hugegraph-core/src/main/java/org/apache/hugegraph/util/ConfigUtil.java:[62,39] unchecked conversion
  required: org.apache.commons.configuration2.builder.FileBasedConfigurationBuilder<org.apache.commons.configuration2.FileBasedConfiguration>
  found:    org.apache.commons.configuration2.builder.FileBasedConfigurationBuilder
[WARNING] /home/zy/code/hugegraph/hugegraph-server/hugegraph-core/src/main/java/org/apache/hugegraph/util/Consumers.java:[49,37] unchecked cast
  required: V
  found:    java.lang.Object
[WARNING] /home/zy/code/hugegraph/hugegraph-server/hugegraph-core/src/main/java/org/apache/hugegraph/memory/util/OffHeapMemoryUtil.java:[32,26] sun.misc.Unsafe is internal proprietary API and may be removed in a future release
[WARNING] /home/zy/code/hugegraph/hugegraph-server/hugegraph-core/src/main/java/org/apache/hugegraph/memory/util/OffHeapMemoryUtil.java:[32,26] sun.misc.Unsafe is internal proprietary API and may be removed in a future release
[WARNING] /home/zy/code/hugegraph/hugegraph-server/hugegraph-core/src/main/java/org/apache/hugegraph/memory/util/OffHeapMemoryUtil.java:[32,26] sun.misc.Unsafe is internal proprietary API and may be removed in a future release
[WARNING] /home/zy/code/hugegraph/hugegraph-server/hugegraph-core/src/main/java/org/apache/hugegraph/memory/util/OffHeapMemoryUtil.java:[35,9] sun.misc.Unsafe is internal proprietary API and may be removed in a future release
[WARNING] /home/zy/code/hugegraph/hugegraph-server/hugegraph-core/src/main/java/org/apache/hugegraph/memory/util/OffHeapMemoryUtil.java:[37,33] sun.misc.Unsafe is internal proprietary API and may be removed in a future release
[WARNING] /home/zy/code/hugegraph/hugegraph-server/hugegraph-core/src/main/java/org/apache/hugegraph/memory/util/OffHeapMemoryUtil.java:[39,23] sun.misc.Unsafe is internal proprietary API and may be removed in a future release
[WARNING] /home/zy/code/hugegraph/hugegraph-server/hugegraph-core/src/main/java/org/apache/hugegraph/memory/util/OffHeapMemoryUtil.java:[82,20] sun.misc.Unsafe is internal proprietary API and may be removed in a future release
[WARNING] /home/zy/code/hugegraph/hugegraph-server/hugegraph-core/src/main/java/org/apache/hugegraph/memory/util/OffHeapMemoryUtil.java:[82,20] sun.misc.Unsafe is internal proprietary API and may be removed in a future release
[WARNING] /home/zy/code/hugegraph/hugegraph-server/hugegraph-core/src/main/java/org/apache/hugegraph/memory/util/OffHeapMemoryUtil.java:[82,20] sun.misc.Unsafe is internal proprietary API and may be removed in a future release
[WARNING] /home/zy/code/hugegraph/hugegraph-server/hugegraph-core/src/main/java/org/apache/hugegraph/memory/util/OffHeapMemoryUtil.java:[87,9] sun.misc.Unsafe is internal proprietary API and may be removed in a future release
[WARNING] /home/zy/code/hugegraph/hugegraph-server/hugegraph-core/src/main/java/org/apache/hugegraph/traversal/optimize/HugeScriptTraversal.java:[107,46] unchecked method invocation: method addStep in interface org.apache.tinkerpop.gremlin.process.traversal.Traversal.Admin is applied to given types
  required: org.apache.tinkerpop.gremlin.process.traversal.Step<?,E2>
  found:    org.apache.tinkerpop.gremlin.process.traversal.Step
[WARNING] /home/zy/code/hugegraph/hugegraph-server/hugegraph-core/src/main/java/org/apache/hugegraph/variables/HugeVariables.java:[304,50] unchecked conversion
  required: java.util.Iterator<org.apache.tinkerpop.gremlin.structure.Vertex>
  found:    java.util.Iterator
[WARNING] /home/zy/code/hugegraph/hugegraph-server/hugegraph-core/src/main/java/org/apache/hugegraph/variables/HugeVariables.java:[339,50] unchecked conversion
  required: java.util.Iterator<org.apache.tinkerpop.gremlin.structure.Vertex>
  found:    java.util.Iterator
[WARNING] /home/zy/code/hugegraph/hugegraph-server/hugegraph-core/src/main/java/org/apache/hugegraph/variables/HugeVariables.java:[344,22] unchecked call to FilterIterator(java.util.Iterator<T>,java.util.function.Function<T,java.lang.Boolean>) as a member of the raw type org.apache.hugegraph.iterator.FilterIterator
[WARNING] /home/zy/code/hugegraph/hugegraph-server/hugegraph-core/src/main/java/org/apache/hugegraph/variables/HugeVariables.java:[351,20] unchecked conversion
  required: java.util.Iterator<org.apache.tinkerpop.gremlin.structure.Vertex>
  found:    java.util.Iterator
[WARNING] /home/zy/code/hugegraph/hugegraph-server/hugegraph-core/src/main/java/org/apache/hugegraph/variables/HugeVariables.java:[357,44] unchecked method invocation: method closeIterator in interface org.apache.tinkerpop.gremlin.structure.util.CloseableIterator is applied to given types
  required: java.util.Iterator<T>
  found:    java.util.Iterator
[WARNING] /home/zy/code/hugegraph/hugegraph-server/hugegraph-core/src/main/java/org/apache/hugegraph/variables/HugeVariables.java:[357,45] unchecked conversion
  required: java.util.Iterator<T>
  found:    java.util.Iterator
[WARNING] /home/zy/code/hugegraph/hugegraph-server/hugegraph-core/src/main/java/org/apache/hugegraph/meta/EtcdMetaDriver.java:[148,65] unchecked cast
  required: java.util.List<java.lang.String>
  found:    java.lang.Object
[WARNING] /home/zy/code/hugegraph/hugegraph-server/hugegraph-core/src/main/java/org/apache/hugegraph/space/register/registerImpl/PdRegister.java:[79,65] unchecked conversion
  required: java.util.Map<java.lang.String,java.util.Set<org.apache.hugegraph.pd.client.DiscoveryClient>>
  found:    java.util.concurrent.ConcurrentHashMap
[WARNING] /home/zy/code/hugegraph/hugegraph-server/hugegraph-core/src/main/java/org/apache/hugegraph/space/register/registerImpl/PdRegister.java:[80,59] unchecked conversion
  required: java.util.Map<java.lang.String,org.apache.hugegraph.space.register.RegisterConfig>
  found:    java.util.HashMap
[WARNING] /home/zy/code/hugegraph/hugegraph-server/hugegraph-core/src/main/java/org/apache/hugegraph/space/register/registerImpl/PdRegister.java:[81,51] unchecked conversion
  required: java.util.Map<java.lang.String,org.apache.hugegraph.space.register.dto.EurekaDTO>
  found:    java.util.concurrent.ConcurrentHashMap
[WARNING] /home/zy/code/hugegraph/hugegraph-server/hugegraph-core/src/main/java/org/apache/hugegraph/space/register/registerImpl/PdRegister.java:[263,35] unchecked conversion
  required: java.util.List<org.apache.hugegraph.space.register.dto.EurekaDTO>
  found:    java.util.ArrayList
[WARNING] /home/zy/code/hugegraph/hugegraph-server/hugegraph-core/src/main/java/org/apache/hugegraph/space/register/registerImpl/PdRegister.java:[407,47] unchecked conversion
  required: java.util.Map<java.lang.String,org.apache.hugegraph.pd.grpc.discovery.NodeInfos>
  found:    java.util.HashMap
[WARNING] /home/zy/code/hugegraph/hugegraph-server/hugegraph-core/src/main/java/org/apache/hugegraph/space/register/registerImpl/PdRegister.java:[446,43] unchecked method invocation: method computeIfAbsent in interface java.util.Map is applied to given types
  required: K,java.util.function.Function<? super K,? extends V>
  found:    java.lang.String,java.util.function.Function<java.lang.String,java.util.Set<org.apache.hugegraph.pd.client.DiscoveryClient>>
[WARNING] /home/zy/code/hugegraph/hugegraph-server/hugegraph-core/src/main/java/org/apache/hugegraph/space/register/registerImpl/PdRegister.java:[446,80] unchecked call to add(E) as a member of the raw type java.util.Set
[WARNING] /home/zy/code/hugegraph/hugegraph-server/hugegraph-core/src/main/java/org/apache/hugegraph/space/register/registerImpl/PdRegister.java:[467,43] unchecked method invocation: method computeIfAbsent in interface java.util.Map is applied to given types
  required: K,java.util.function.Function<? super K,? extends V>
  found:    java.lang.String,java.util.function.Function<java.lang.String,java.util.Set<org.apache.hugegraph.pd.client.DiscoveryClient>>
[WARNING] /home/zy/code/hugegraph/hugegraph-server/hugegraph-core/src/main/java/org/apache/hugegraph/space/register/registerImpl/PdRegister.java:[467,80] unchecked call to add(E) as a member of the raw type java.util.Set
[WARNING] /home/zy/code/hugegraph/hugegraph-server/hugegraph-core/src/main/java/org/apache/hugegraph/space/register/registerImpl/PdRegister.java:[488,47] unchecked method invocation: method computeIfAbsent in interface java.util.Map is applied to given types
  required: K,java.util.function.Function<? super K,? extends V>
  found:    java.lang.String,java.util.function.Function<java.lang.String,java.util.Set<org.apache.hugegraph.pd.client.DiscoveryClient>>
[WARNING] /home/zy/code/hugegraph/hugegraph-server/hugegraph-core/src/main/java/org/apache/hugegraph/space/register/registerImpl/PdRegister.java:[488,84] unchecked call to add(E) as a member of the raw type java.util.Set
[WARNING] /home/zy/code/hugegraph/hugegraph-server/hugegraph-core/src/main/java/org/apache/hugegraph/memory/consumer/impl/property/HugeEdgePropertyOffHeap.java:[91,58] unchecked cast
  required: V
  found:    java.lang.Object
[WARNING] /home/zy/code/hugegraph/hugegraph-server/hugegraph-core/src/main/java/org/apache/hugegraph/traversal/optimize/ConditionP.java:[50,30] eq(java.lang.Object) in org.apache.hugegraph.traversal.optimize.ConditionP overrides <V>eq(V) in org.apache.tinkerpop.gremlin.process.traversal.P
  return type requires unchecked conversion from org.apache.hugegraph.traversal.optimize.ConditionP to org.apache.tinkerpop.gremlin.process.traversal.P<V>
[WARNING] /home/zy/code/hugegraph/hugegraph-server/hugegraph-core/src/main/java/org/apache/hugegraph/memory/allocator/OnHeapMemoryAllocator.java:[58,36] unchecked cast
  required: java.util.concurrent.atomic.AtomicReference<byte[]>
  found:    java.lang.Object
[WARNING] /home/zy/code/hugegraph/hugegraph-server/hugegraph-core/src/main/java/org/apache/hugegraph/meta/PdMetaDriver.java:[113,63] unchecked cast
  required: java.util.function.Consumer<org.apache.hugegraph.pd.grpc.kv.WatchResponse>
  found:    java.util.function.Consumer<T>
[WARNING] /home/zy/code/hugegraph/hugegraph-server/hugegraph-core/src/main/java/org/apache/hugegraph/meta/PdMetaDriver.java:[122,72] unchecked cast
  required: java.util.function.Consumer<org.apache.hugegraph.pd.grpc.kv.WatchResponse>
  found:    java.util.function.Consumer<T>
[WARNING] /home/zy/code/hugegraph/hugegraph-server/hugegraph-core/src/main/java/org/apache/hugegraph/space/register/RegisterPlugin.java:[36,61] unchecked conversion
  required: java.util.Map<java.lang.Class<?>,org.apache.hugegraph.space.register.IServiceRegister>
  found:    java.util.concurrent.ConcurrentHashMap
[WARNING] /home/zy/code/hugegraph/hugegraph-server/hugegraph-core/src/main/java/org/apache/hugegraph/util/collection/IntMapByDynamicHash.java:[997,26] sun.misc.Unsafe is internal proprietary API and may be removed in a future release
[WARNING] /home/zy/code/hugegraph/hugegraph-server/hugegraph-core/src/main/java/org/apache/hugegraph/util/collection/IntMapByDynamicHash.java:[997,26] sun.misc.Unsafe is internal proprietary API and may be removed in a future release
[WARNING] /home/zy/code/hugegraph/hugegraph-server/hugegraph-core/src/main/java/org/apache/hugegraph/util/collection/IntMapByDynamicHash.java:[997,26] sun.misc.Unsafe is internal proprietary API and may be removed in a future release
[WARNING] /home/zy/code/hugegraph/hugegraph-server/hugegraph-core/src/main/java/org/apache/hugegraph/schema/PropertyKey.java: Some input files use or override a deprecated API.
[WARNING] /home/zy/code/hugegraph/hugegraph-server/hugegraph-core/src/main/java/org/apache/hugegraph/schema/PropertyKey.java: Recompile with -Xlint:deprecation for details.
[WARNING] /home/zy/code/hugegraph/hugegraph-server/hugegraph-core/src/main/java/org/apache/hugegraph/security/HugeSecurityManager.java: Some input files use or override a deprecated API that is marked for removal.
[WARNING] /home/zy/code/hugegraph/hugegraph-server/hugegraph-core/src/main/java/org/apache/hugegraph/security/HugeSecurityManager.java: Recompile with -Xlint:removal for details.
[INFO] 
[INFO] --- maven-resources-plugin:3.1.0:testResources (default-testResources) @ hugegraph-core ---
[INFO] Using 'UTF-8' encoding to copy filtered resources.
[INFO] skip non existing resourceDirectory /home/zy/code/hugegraph/hugegraph-server/hugegraph-core/src/test/resources
[INFO] Copying 3 resources
[INFO] 
[INFO] --- maven-compiler-plugin:3.1:testCompile (default-testCompile) @ hugegraph-core ---
[INFO] Nothing to compile - all classes are up to date
[INFO] 
[INFO] --- maven-surefire-plugin:2.22.0:test (default-test) @ hugegraph-core ---
[INFO] 
[INFO] -------------------------------------------------------
[INFO]  T E S T S
[INFO] -------------------------------------------------------
[INFO] Running org.apache.hugegraph.security.HugeSecurityManagerTest
[INFO] Tests run: 1, Failures: 0, Errors: 0, Skipped: 0, Time elapsed: 0.046 s - in org.apache.hugegraph.security.HugeSecurityManagerTest
[INFO] 
[INFO] Results:
[INFO] 
[INFO] Tests run: 1, Failures: 0, Errors: 0, Skipped: 0
[INFO] 
[INFO] 
[INFO] --- maven-surefire-plugin:2.22.0:test (core-test) @ hugegraph-core ---
[INFO] Skipping execution of surefire because it has already been run for this configuration
[INFO] 
[INFO] -----------------< org.apache.hugegraph:hg-store-grpc >-----------------
[INFO] Building hg-store-grpc 1.7.0                                     [13/19]
[INFO] --------------------------------[ jar ]---------------------------------
[INFO] 
[INFO] --- maven-enforcer-plugin:1.4.1:enforce (enforce-maven-version) @ hg-store-grpc ---
[INFO] 
[INFO] --- apache-rat-plugin:0.13:check (license-check) @ hg-store-grpc ---
[INFO] Enabled default license matchers.
[INFO] Will parse SCM ignores for exclusions...
[INFO] Finished adding exclusions from SCM ignore files.
[INFO] 62 implicit excludes (use -debug for more details).
[INFO] 44 explicit excludes (use -debug for more details).
[INFO] 1 resources included (use -debug for more details)
[INFO] Rat check: Summary over all files. Unapproved: 0, unknown: 0, generated: 0, approved: 1 licenses.
[INFO] 
[INFO] --- jacoco-maven-plugin:0.8.8:prepare-agent (default) @ hg-store-grpc ---
[INFO] Skipping JaCoCo execution because property jacoco.skip is set.
[INFO] argLine set to empty
[INFO] 
[INFO] --- maven-clean-plugin:3.1.0:clean (default) @ hg-store-grpc ---
[INFO] Deleting /home/zy/code/hugegraph/hugegraph-store/hg-store-grpc/target
[INFO] Deleting /home/zy/code/hugegraph/hugegraph-store/hg-store-grpc/src/main/java (includes = [*.tar, *.tar.gz, .flattened-pom.xml, apache-hugegraph-store-1.7.0/**], excludes = [])
[INFO] 
[INFO] --- protobuf-maven-plugin:0.6.1:compile (default) @ hg-store-grpc ---
[INFO] Compiling 7 proto file(s) to /home/zy/code/hugegraph/hugegraph-store/hg-store-grpc/src/main/java
[WARNING] PROTOC: store_state.proto:21:1: warning: Import store_common.proto is unused.

[INFO] 
[INFO] --- protobuf-maven-plugin:0.6.1:compile-custom (default) @ hg-store-grpc ---
[INFO] Compiling 7 proto file(s) to /home/zy/code/hugegraph/hugegraph-store/hg-store-grpc/src/main/java
[WARNING] PROTOC: store_state.proto:21:1: warning: Import store_common.proto is unused.

[INFO] 
[INFO] --- build-helper-maven-plugin:3.3.0:add-source (add-source) @ hg-store-grpc ---
[INFO] Source directory: /home/zy/code/hugegraph/hugegraph-store/hg-store-grpc/src/main/java added.
[INFO] Source directory: /home/zy/code/hugegraph/hugegraph-store/hg-store-grpc/src/main/dev added.
[INFO] 
[INFO] --- maven-remote-resources-plugin:3.3.0:process (process-resource-bundles) @ hg-store-grpc ---
[INFO] Preparing remote bundle org.apache:apache-jar-resource-bundle:1.4
[INFO] Copying 3 resources from 1 bundle.
[INFO] 
[INFO] --- maven-resources-plugin:3.1.0:resources (default-resources) @ hg-store-grpc ---
[INFO] Using 'UTF-8' encoding to copy filtered resources.
[INFO] skip non existing resourceDirectory /home/zy/code/hugegraph/hugegraph-store/hg-store-grpc/src/main/resources
[INFO] Copying 7 resources
[INFO] Copying 7 resources
[INFO] Copying 7 resources
[INFO] Copying 3 resources
[INFO] 
[INFO] --- flatten-maven-plugin:1.2.7:flatten (flatten) @ hg-store-grpc ---
[INFO] Generating flattened POM of project org.apache.hugegraph:hg-store-grpc:jar:1.7.0...
[INFO] 
[INFO] --- maven-compiler-plugin:3.1:compile (default-compile) @ hg-store-grpc ---
[INFO] Changes detected - recompiling the module!
[INFO] Compiling 119 source files to /home/zy/code/hugegraph/hugegraph-store/hg-store-grpc/target/classes
[INFO] 
[INFO] --- maven-resources-plugin:3.1.0:testResources (default-testResources) @ hg-store-grpc ---
[INFO] Using 'UTF-8' encoding to copy filtered resources.
[INFO] skip non existing resourceDirectory /home/zy/code/hugegraph/hugegraph-store/hg-store-grpc/src/test/resources
[INFO] Copying 3 resources
[INFO] 
[INFO] --- maven-compiler-plugin:3.1:testCompile (default-testCompile) @ hg-store-grpc ---
[INFO] No sources to compile
[INFO] 
[INFO] --- maven-surefire-plugin:2.20:test (default-test) @ hg-store-grpc ---
[INFO] 
[INFO] --- maven-surefire-plugin:2.20:test (store-client-test) @ hg-store-grpc ---
[INFO] Skipping execution of surefire because it has already been run for this configuration
[INFO] 
[INFO] --- maven-surefire-plugin:2.20:test (store-core-test) @ hg-store-grpc ---
[INFO] Skipping execution of surefire because it has already been run for this configuration
[INFO] 
[INFO] --- maven-surefire-plugin:2.20:test (store-common-test) @ hg-store-grpc ---
[INFO] Skipping execution of surefire because it has already been run for this configuration
[INFO] 
[INFO] --- maven-surefire-plugin:2.20:test (store-rocksdb-test) @ hg-store-grpc ---
[INFO] Skipping execution of surefire because it has already been run for this configuration
[INFO] 
[INFO] --- maven-surefire-plugin:2.20:test (store-server-test) @ hg-store-grpc ---
[INFO] Skipping execution of surefire because it has already been run for this configuration
[INFO] 
[INFO] --- maven-surefire-plugin:2.20:test (store-raftcore-test) @ hg-store-grpc ---
[INFO] Skipping execution of surefire because it has already been run for this configuration
[INFO] 
[INFO] ----------------< org.apache.hugegraph:hg-store-client >----------------
[INFO] Building hg-store-client 1.7.0                                   [14/19]
[INFO] --------------------------------[ jar ]---------------------------------
[INFO] 
[INFO] --- maven-enforcer-plugin:1.4.1:enforce (enforce-maven-version) @ hg-store-client ---
[INFO] 
[INFO] --- apache-rat-plugin:0.13:check (license-check) @ hg-store-client ---
[INFO] Enabled default license matchers.
[INFO] Will parse SCM ignores for exclusions...
[INFO] Finished adding exclusions from SCM ignore files.
[INFO] 62 implicit excludes (use -debug for more details).
[INFO] 44 explicit excludes (use -debug for more details).
[INFO] 92 resources included (use -debug for more details)
[INFO] Rat check: Summary over all files. Unapproved: 0, unknown: 0, generated: 0, approved: 92 licenses.
[INFO] 
[INFO] --- jacoco-maven-plugin:0.8.8:prepare-agent (default) @ hg-store-client ---
[INFO] Skipping JaCoCo execution because property jacoco.skip is set.
[INFO] argLine set to empty
[INFO] 
[INFO] --- maven-remote-resources-plugin:3.3.0:process (process-resource-bundles) @ hg-store-client ---
[INFO] Preparing remote bundle org.apache:apache-jar-resource-bundle:1.4
[INFO] Copying 3 resources from 1 bundle.
[WARNING] Failed to build parent project for org.apache.hugegraph:hugegraph-store:pom:1.7.0
[WARNING] Failed to build parent project for org.apache.hugegraph:hugegraph-store:pom:1.7.0
[WARNING] Failed to build parent project for org.apache.hugegraph:hugegraph-commons:pom:1.7.0
[WARNING] Failed to build parent project for org.apache.hugegraph:hugegraph-pd:pom:1.7.0
[WARNING] Failed to build parent project for org.apache.hugegraph:hugegraph-pd:pom:1.7.0
[WARNING] Failed to build parent project for org.apache.hugegraph:hugegraph-pd:pom:1.7.0
[INFO] 
[INFO] --- maven-resources-plugin:3.1.0:resources (default-resources) @ hg-store-client ---
[INFO] Using 'UTF-8' encoding to copy filtered resources.
[INFO] Copying 2 resources
[INFO] Copying 3 resources
[INFO] 
[INFO] --- flatten-maven-plugin:1.2.7:flatten (flatten) @ hg-store-client ---
[INFO] Generating flattened POM of project org.apache.hugegraph:hg-store-client:jar:1.7.0...
[INFO] 
[INFO] --- maven-compiler-plugin:3.1:compile (default-compile) @ hg-store-client ---
[INFO] Nothing to compile - all classes are up to date
[INFO] 
[INFO] --- maven-resources-plugin:3.1.0:testResources (default-testResources) @ hg-store-client ---
[INFO] Not copying test resources
[INFO] 
[INFO] --- maven-compiler-plugin:3.1:testCompile (default-testCompile) @ hg-store-client ---
[INFO] Not compiling test sources
[INFO] 
[INFO] --- maven-surefire-plugin:2.20:test (default-test) @ hg-store-client ---
[INFO] Tests are skipped.
[INFO] 
[INFO] --- maven-surefire-plugin:2.20:test (store-client-test) @ hg-store-client ---
[INFO] Tests are skipped.
[INFO] 
[INFO] --- maven-surefire-plugin:2.20:test (store-core-test) @ hg-store-client ---
[INFO] Tests are skipped.
[INFO] 
[INFO] --- maven-surefire-plugin:2.20:test (store-common-test) @ hg-store-client ---
[INFO] Tests are skipped.
[INFO] 
[INFO] --- maven-surefire-plugin:2.20:test (store-rocksdb-test) @ hg-store-client ---
[INFO] Tests are skipped.
[INFO] 
[INFO] --- maven-surefire-plugin:2.20:test (store-server-test) @ hg-store-client ---
[INFO] Tests are skipped.
[INFO] 
[INFO] --- maven-surefire-plugin:2.20:test (store-raftcore-test) @ hg-store-client ---
[INFO] Tests are skipped.
[INFO] 
[INFO] ------------------< org.apache.hugegraph:hg-pd-core >-------------------
[INFO] Building hg-pd-core 1.7.0                                        [15/19]
[INFO] --------------------------------[ jar ]---------------------------------
[INFO] 
[INFO] --- maven-enforcer-plugin:1.4.1:enforce (enforce-maven-version) @ hg-pd-core ---
[INFO] 
[INFO] --- apache-rat-plugin:0.13:check (license-check) @ hg-pd-core ---
[INFO] Enabled default license matchers.
[INFO] Will parse SCM ignores for exclusions...
[INFO] Finished adding exclusions from SCM ignore files.
[INFO] 62 implicit excludes (use -debug for more details).
[INFO] 44 explicit excludes (use -debug for more details).
[INFO] 48 resources included (use -debug for more details)
[INFO] Rat check: Summary over all files. Unapproved: 0, unknown: 0, generated: 0, approved: 48 licenses.
[INFO] 
[INFO] --- jacoco-maven-plugin:0.8.8:prepare-agent (default) @ hg-pd-core ---
[INFO] Skipping JaCoCo execution because property jacoco.skip is set.
[INFO] argLine set to empty
[INFO] 
[INFO] --- maven-remote-resources-plugin:3.3.0:process (process-resource-bundles) @ hg-pd-core ---
[INFO] Preparing remote bundle org.apache:apache-jar-resource-bundle:1.4
[INFO] Copying 3 resources from 1 bundle.
[WARNING] Failed to build parent project for org.apache.hugegraph:hugegraph-pd:pom:1.7.0
[WARNING] Failed to build parent project for org.apache.hugegraph:hugegraph-pd:pom:1.7.0
[INFO] 
[INFO] --- maven-resources-plugin:3.1.0:resources (default-resources) @ hg-pd-core ---
[INFO] Using 'UTF-8' encoding to copy filtered resources.
[INFO] skip non existing resourceDirectory /home/zy/code/hugegraph/hugegraph-pd/hg-pd-core/src/main/resources
[INFO] Copying 3 resources
[INFO] 
[INFO] --- flatten-maven-plugin:1.2.7:flatten (flatten) @ hg-pd-core ---
[INFO] Generating flattened POM of project org.apache.hugegraph:hg-pd-core:jar:1.7.0...
[INFO] 
[INFO] --- maven-compiler-plugin:3.1:compile (default-compile) @ hg-pd-core ---
[INFO] Nothing to compile - all classes are up to date
[INFO] 
[INFO] --- maven-resources-plugin:3.1.0:testResources (default-testResources) @ hg-pd-core ---
[INFO] Using 'UTF-8' encoding to copy filtered resources.
[INFO] skip non existing resourceDirectory /home/zy/code/hugegraph/hugegraph-pd/hg-pd-core/src/test/resources
[INFO] Copying 3 resources
[INFO] 
[INFO] --- maven-compiler-plugin:3.1:testCompile (default-testCompile) @ hg-pd-core ---
[INFO] No sources to compile
[INFO] 
[INFO] --- maven-surefire-plugin:2.20:test (default-test) @ hg-pd-core ---
[INFO] 
[INFO] --- maven-surefire-plugin:2.20:test (pd-common-test) @ hg-pd-core ---
[INFO] Skipping execution of surefire because it has already been run for this configuration
[INFO] 
[INFO] --- maven-surefire-plugin:2.20:test (pd-core-test) @ hg-pd-core ---
[INFO] Skipping execution of surefire because it has already been run for this configuration
[INFO] 
[INFO] --- maven-surefire-plugin:2.20:test (pd-client-test) @ hg-pd-core ---
[INFO] Skipping execution of surefire because it has already been run for this configuration
[INFO] 
[INFO] --- maven-surefire-plugin:2.20:test (pd-rest-test) @ hg-pd-core ---
[INFO] Skipping execution of surefire because it has already been run for this configuration
[INFO] 
[INFO] ---------------< org.apache.hugegraph:hg-store-rocksdb >----------------
[INFO] Building hg-store-rocksdb 1.7.0                                  [16/19]
[INFO] --------------------------------[ jar ]---------------------------------
[INFO] 
[INFO] --- maven-enforcer-plugin:1.4.1:enforce (enforce-maven-version) @ hg-store-rocksdb ---
[INFO] 
[INFO] --- apache-rat-plugin:0.13:check (license-check) @ hg-store-rocksdb ---
[INFO] Enabled default license matchers.
[INFO] Will parse SCM ignores for exclusions...
[INFO] Finished adding exclusions from SCM ignore files.
[INFO] 62 implicit excludes (use -debug for more details).
[INFO] 44 explicit excludes (use -debug for more details).
[INFO] 18 resources included (use -debug for more details)
[INFO] Rat check: Summary over all files. Unapproved: 0, unknown: 0, generated: 0, approved: 18 licenses.
[INFO] 
[INFO] --- jacoco-maven-plugin:0.8.8:prepare-agent (default) @ hg-store-rocksdb ---
[INFO] Skipping JaCoCo execution because property jacoco.skip is set.
[INFO] argLine set to empty
[INFO] 
[INFO] --- maven-remote-resources-plugin:3.3.0:process (process-resource-bundles) @ hg-store-rocksdb ---
[INFO] Preparing remote bundle org.apache:apache-jar-resource-bundle:1.4
[INFO] Copying 3 resources from 1 bundle.
[WARNING] Failed to build parent project for org.apache.hugegraph:hugegraph-commons:pom:1.7.0
[WARNING] Failed to build parent project for org.apache.hugegraph:hugegraph-store:pom:1.7.0
[WARNING] Failed to build parent project for org.apache.hugegraph:hugegraph-pd:pom:1.7.0
[WARNING] Failed to build parent project for org.apache.hugegraph:hugegraph-pd:pom:1.7.0
[WARNING] Failed to build parent project for org.apache.hugegraph:hugegraph-pd:pom:1.7.0
[INFO] 
[INFO] --- maven-resources-plugin:3.1.0:resources (default-resources) @ hg-store-rocksdb ---
[INFO] Using 'UTF-8' encoding to copy filtered resources.
[INFO] skip non existing resourceDirectory /home/zy/code/hugegraph/hugegraph-store/hg-store-rocksdb/src/main/resources
[INFO] Copying 3 resources
[INFO] 
[INFO] --- flatten-maven-plugin:1.2.7:flatten (flatten) @ hg-store-rocksdb ---
[INFO] Generating flattened POM of project org.apache.hugegraph:hg-store-rocksdb:jar:1.7.0...
[INFO] 
[INFO] --- maven-compiler-plugin:3.1:compile (default-compile) @ hg-store-rocksdb ---
[INFO] Nothing to compile - all classes are up to date
[INFO] 
[INFO] --- maven-resources-plugin:3.1.0:testResources (default-testResources) @ hg-store-rocksdb ---
[INFO] Using 'UTF-8' encoding to copy filtered resources.
[INFO] Copying 3 resources
[INFO] Copying 3 resources
[INFO] 
[INFO] --- maven-compiler-plugin:3.1:testCompile (default-testCompile) @ hg-store-rocksdb ---
[INFO] Nothing to compile - all classes are up to date
[INFO] 
[INFO] --- maven-surefire-plugin:2.20:test (default-test) @ hg-store-rocksdb ---
[INFO] 
[INFO] -------------------------------------------------------
[INFO]  T E S T S
[INFO] -------------------------------------------------------
[INFO] 
[INFO] Results:
[INFO] 
[INFO] Tests run: 0, Failures: 0, Errors: 0, Skipped: 0
[INFO] 
[INFO] 
[INFO] --- maven-surefire-plugin:2.20:test (store-client-test) @ hg-store-rocksdb ---
[INFO] Skipping execution of surefire because it has already been run for this configuration
[INFO] 
[INFO] --- maven-surefire-plugin:2.20:test (store-core-test) @ hg-store-rocksdb ---
[INFO] Skipping execution of surefire because it has already been run for this configuration
[INFO] 
[INFO] --- maven-surefire-plugin:2.20:test (store-common-test) @ hg-store-rocksdb ---
[INFO] Skipping execution of surefire because it has already been run for this configuration
[INFO] 
[INFO] --- maven-surefire-plugin:2.20:test (store-rocksdb-test) @ hg-store-rocksdb ---
[INFO] Skipping execution of surefire because it has already been run for this configuration
[INFO] 
[INFO] --- maven-surefire-plugin:2.20:test (store-server-test) @ hg-store-rocksdb ---
[INFO] Skipping execution of surefire because it has already been run for this configuration
[INFO] 
[INFO] --- maven-surefire-plugin:2.20:test (store-raftcore-test) @ hg-store-rocksdb ---
[INFO] Skipping execution of surefire because it has already been run for this configuration
[INFO] 
[INFO] -----------------< org.apache.hugegraph:hg-store-core >-----------------
[INFO] Building hg-store-core 1.7.0                                     [17/19]
[INFO] --------------------------------[ jar ]---------------------------------
[INFO] 
[INFO] --- maven-enforcer-plugin:1.4.1:enforce (enforce-maven-version) @ hg-store-core ---
[INFO] 
[INFO] --- apache-rat-plugin:0.13:check (license-check) @ hg-store-core ---
[INFO] Enabled default license matchers.
[INFO] Will parse SCM ignores for exclusions...
[INFO] Finished adding exclusions from SCM ignore files.
[INFO] 62 implicit excludes (use -debug for more details).
[INFO] 44 explicit excludes (use -debug for more details).
[INFO] 131 resources included (use -debug for more details)
[INFO] Rat check: Summary over all files. Unapproved: 0, unknown: 0, generated: 0, approved: 131 licenses.
[INFO] 
[INFO] --- jacoco-maven-plugin:0.8.8:prepare-agent (default) @ hg-store-core ---
[INFO] Skipping JaCoCo execution because property jacoco.skip is set.
[INFO] argLine set to empty
[INFO] 
[INFO] --- maven-remote-resources-plugin:3.3.0:process (process-resource-bundles) @ hg-store-core ---
[INFO] Preparing remote bundle org.apache:apache-jar-resource-bundle:1.4
[INFO] Copying 3 resources from 1 bundle.
[WARNING] Failed to build parent project for org.apache.hugegraph:hugegraph-commons:pom:1.7.0
[WARNING] Failed to build parent project for org.apache.hugegraph:hugegraph-store:pom:1.7.0
[WARNING] Failed to build parent project for org.apache.hugegraph:hugegraph-pd:pom:1.7.0
[WARNING] Failed to build parent project for org.apache.hugegraph:hugegraph-pd:pom:1.7.0
[WARNING] Failed to build parent project for org.apache.hugegraph:hugegraph-pd:pom:1.7.0
[WARNING] Failed to build parent project for org.apache.hugegraph:hugegraph-server:pom:1.7.0
[WARNING] Failed to build parent project for org.apache.hugegraph:hugegraph-store:pom:1.7.0
[WARNING] Failed to build parent project for org.apache.hugegraph:hugegraph-store:pom:1.7.0
[WARNING] Failed to build parent project for org.apache.hugegraph:hugegraph-pd:pom:1.7.0
[INFO] 
[INFO] --- maven-resources-plugin:3.1.0:resources (default-resources) @ hg-store-core ---
[INFO] Using 'UTF-8' encoding to copy filtered resources.
[INFO] Copying 1 resource
[INFO] Copying 3 resources
[INFO] 
[INFO] --- flatten-maven-plugin:1.2.7:flatten (flatten) @ hg-store-core ---
[INFO] Generating flattened POM of project org.apache.hugegraph:hg-store-core:jar:1.7.0...
[INFO] 
[INFO] --- maven-resources-plugin:3.1.0:copy-resources (generate-version) @ hg-store-core ---
[INFO] Using 'UTF-8' encoding to copy filtered resources.
[INFO] Copying 1 resource
[INFO] 
[INFO] --- maven-compiler-plugin:3.1:compile (default-compile) @ hg-store-core ---
[INFO] Nothing to compile - all classes are up to date
[INFO] 
[INFO] --- maven-resources-plugin:3.1.0:testResources (default-testResources) @ hg-store-core ---
[INFO] Using 'UTF-8' encoding to copy filtered resources.
[INFO] skip non existing resourceDirectory /home/zy/code/hugegraph/hugegraph-store/hg-store-core/src/test/resources
[INFO] Copying 3 resources
[INFO] 
[INFO] --- maven-compiler-plugin:3.1:testCompile (default-testCompile) @ hg-store-core ---
[INFO] No sources to compile
[INFO] 
[INFO] --- maven-surefire-plugin:2.20:test (default-test) @ hg-store-core ---
[INFO] 
[INFO] --- maven-surefire-plugin:2.20:test (store-client-test) @ hg-store-core ---
[INFO] Skipping execution of surefire because it has already been run for this configuration
[INFO] 
[INFO] --- maven-surefire-plugin:2.20:test (store-core-test) @ hg-store-core ---
[INFO] Skipping execution of surefire because it has already been run for this configuration
[INFO] 
[INFO] --- maven-surefire-plugin:2.20:test (store-common-test) @ hg-store-core ---
[INFO] Skipping execution of surefire because it has already been run for this configuration
[INFO] 
[INFO] --- maven-surefire-plugin:2.20:test (store-rocksdb-test) @ hg-store-core ---
[INFO] Skipping execution of surefire because it has already been run for this configuration
[INFO] 
[INFO] --- maven-surefire-plugin:2.20:test (store-server-test) @ hg-store-core ---
[INFO] Skipping execution of surefire because it has already been run for this configuration
[INFO] 
[INFO] --- maven-surefire-plugin:2.20:test (store-raftcore-test) @ hg-store-core ---
[INFO] Skipping execution of surefire because it has already been run for this configuration
[INFO] 
[INFO] -----------------< org.apache.hugegraph:hg-store-node >-----------------
[INFO] Building hg-store-node 1.7.0                                     [18/19]
[INFO] --------------------------------[ jar ]---------------------------------
[INFO] 
[INFO] --- maven-enforcer-plugin:1.4.1:enforce (enforce-maven-version) @ hg-store-node ---
[INFO] 
[INFO] --- apache-rat-plugin:0.13:check (license-check) @ hg-store-node ---
[INFO] Enabled default license matchers.
[INFO] Will parse SCM ignores for exclusions...
[INFO] Finished adding exclusions from SCM ignore files.
[INFO] 62 implicit excludes (use -debug for more details).
[INFO] 44 explicit excludes (use -debug for more details).
[INFO] 120 resources included (use -debug for more details)
[INFO] Rat check: Summary over all files. Unapproved: 0, unknown: 0, generated: 0, approved: 120 licenses.
[INFO] 
[INFO] --- jacoco-maven-plugin:0.8.8:prepare-agent (default) @ hg-store-node ---
[INFO] Skipping JaCoCo execution because property jacoco.skip is set.
[INFO] argLine set to empty
[INFO] 
[INFO] --- maven-remote-resources-plugin:3.3.0:process (process-resource-bundles) @ hg-store-node ---
[INFO] Preparing remote bundle org.apache:apache-jar-resource-bundle:1.4
[INFO] Copying 3 resources from 1 bundle.
[WARNING] Failed to build parent project for org.apache.hugegraph:hugegraph-store:pom:1.7.0
[WARNING] Failed to build parent project for org.apache.hugegraph:hugegraph-commons:pom:1.7.0
[WARNING] Failed to build parent project for org.apache.hugegraph:hugegraph-store:pom:1.7.0
[WARNING] Failed to build parent project for org.apache.hugegraph:hugegraph-pd:pom:1.7.0
[WARNING] Failed to build parent project for org.apache.hugegraph:hugegraph-pd:pom:1.7.0
[WARNING] Failed to build parent project for org.apache.hugegraph:hugegraph-pd:pom:1.7.0
[WARNING] Failed to build parent project for org.apache.hugegraph:hugegraph-store:pom:1.7.0
[WARNING] Failed to build parent project for org.apache.hugegraph:hugegraph-store:pom:1.7.0
[WARNING] Failed to build parent project for org.apache.hugegraph:hugegraph-server:pom:1.7.0
[WARNING] Failed to build parent project for org.apache.hugegraph:hugegraph-pd:pom:1.7.0
[INFO] 
[INFO] --- maven-resources-plugin:3.1.0:resources (default-resources) @ hg-store-node ---
[INFO] Using 'UTF-8' encoding to copy filtered resources.
[INFO] Copying 4 resources
[INFO] Copying 3 resources
[INFO] 
[INFO] --- flatten-maven-plugin:1.2.7:flatten (flatten) @ hg-store-node ---
[INFO] Generating flattened POM of project org.apache.hugegraph:hg-store-node:jar:1.7.0...
[INFO] 
[INFO] --- maven-compiler-plugin:3.1:compile (default-compile) @ hg-store-node ---
[INFO] Nothing to compile - all classes are up to date
[INFO] 
[INFO] --- maven-resources-plugin:3.1.0:testResources (default-testResources) @ hg-store-node ---
[INFO] Using 'UTF-8' encoding to copy filtered resources.
[INFO] Copying 9 resources
[INFO] Copying 3 resources
[INFO] 
[INFO] --- maven-compiler-plugin:3.1:testCompile (default-testCompile) @ hg-store-node ---
[INFO] Nothing to compile - all classes are up to date
[INFO] 
[INFO] --- maven-surefire-plugin:2.20:test (default-test) @ hg-store-node ---
[INFO] 
[INFO] -------------------------------------------------------
[INFO]  T E S T S
[INFO] -------------------------------------------------------
[INFO] Running org.apache.hugegraph.store.node.grpc.ScanUtilTest
[INFO] Tests run: 6, Failures: 0, Errors: 0, Skipped: 0, Time elapsed: 0.311 s - in org.apache.hugegraph.store.node.grpc.ScanUtilTest
[INFO] Running org.apache.hugegraph.store.node.metrics.JraftMetricsTest
--- replicator_10.14.139.10:8081_append_entries_times ---
replicator_10.14.139.10:8081_append_entries_times
replicator
_10.14.139.10:8081
_append_entries_times

--- replicator10.14.139.10:8081appendentriestimes ---
replicator10.14.139.10:8081appendentriestimes
replicator
10.14.139.10:8081
appendentriestimes

--- replicator.10.14.139.10:8081.append.entries.times ---
replicator.10.14.139.10:8081.append.entries.times
replicator
.10.14.139.10:8081
.append.entries.times

--- replicator-10-14-139-10:8081-append-entries-times ---
replicator-10-14-139-10:8081-append-entries-times
replicator
-10-14-139-10:8081
-append-entries-times

--- replicator_hg_0_10_14_139_10:8081::100_replicate_inflights_count_min ---
replicator_hg_0_10_14_139_10:8081::100_replicate_inflights_count_min
replicator
_hg_0_10_14_139_10:8081
::100_replicate_inflights_count_min

--- replicasdf14-13dasfies-times ---
NONE

[INFO] Tests run: 1, Failures: 0, Errors: 0, Skipped: 0, Time elapsed: 0.001 s - in org.apache.hugegraph.store.node.metrics.JraftMetricsTest
[INFO] 
[INFO] Results:
[INFO] 
[INFO] Tests run: 7, Failures: 0, Errors: 0, Skipped: 0
[INFO] 
[INFO] 
[INFO] --- maven-surefire-plugin:2.20:test (store-client-test) @ hg-store-node ---
[INFO] Skipping execution of surefire because it has already been run for this configuration
[INFO] 
[INFO] --- maven-surefire-plugin:2.20:test (store-core-test) @ hg-store-node ---
[INFO] Skipping execution of surefire because it has already been run for this configuration
[INFO] 
[INFO] --- maven-surefire-plugin:2.20:test (store-common-test) @ hg-store-node ---
[INFO] Skipping execution of surefire because it has already been run for this configuration
[INFO] 
[INFO] --- maven-surefire-plugin:2.20:test (store-rocksdb-test) @ hg-store-node ---
[INFO] Skipping execution of surefire because it has already been run for this configuration
[INFO] 
[INFO] --- maven-surefire-plugin:2.20:test (store-server-test) @ hg-store-node ---
[INFO] Skipping execution of surefire because it has already been run for this configuration
[INFO] 
[INFO] --- maven-surefire-plugin:2.20:test (store-raftcore-test) @ hg-store-node ---
[INFO] Skipping execution of surefire because it has already been run for this configuration
[INFO] 
[INFO] -----------------< org.apache.hugegraph:hg-store-test >-----------------
[INFO] Building hg-store-test 1.7.0                                     [19/19]
[INFO] --------------------------------[ jar ]---------------------------------
[INFO] 
[INFO] --- maven-enforcer-plugin:1.4.1:enforce (enforce-maven-version) @ hg-store-test ---
[INFO] 
[INFO] --- apache-rat-plugin:0.13:check (license-check) @ hg-store-test ---
[INFO] Enabled default license matchers.
[INFO] Will parse SCM ignores for exclusions...
[INFO] Finished adding exclusions from SCM ignore files.
[INFO] 62 implicit excludes (use -debug for more details).
[INFO] 44 explicit excludes (use -debug for more details).
[INFO] 73 resources included (use -debug for more details)
[INFO] Rat check: Summary over all files. Unapproved: 0, unknown: 0, generated: 0, approved: 73 licenses.
[INFO] 
[INFO] --- jacoco-maven-plugin:0.8.8:prepare-agent (default) @ hg-store-test ---
[INFO] Skipping JaCoCo execution because property jacoco.skip is set.
[INFO] argLine set to empty
[INFO] 
[INFO] --- maven-remote-resources-plugin:3.3.0:process (process-resource-bundles) @ hg-store-test ---
[INFO] Preparing remote bundle org.apache:apache-jar-resource-bundle:1.4
[INFO] Copying 3 resources from 1 bundle.
[WARNING] Failed to build parent project for org.apache.hugegraph:hugegraph-store:pom:1.7.0
[WARNING] Failed to build parent project for org.apache.hugegraph:hugegraph-store:pom:1.7.0
[WARNING] Failed to build parent project for org.apache.hugegraph:hugegraph-commons:pom:1.7.0
[WARNING] Failed to build parent project for org.apache.hugegraph:hugegraph-pd:pom:1.7.0
[WARNING] Failed to build parent project for org.apache.hugegraph:hugegraph-pd:pom:1.7.0
[WARNING] Failed to build parent project for org.apache.hugegraph:hugegraph-store:pom:1.7.0
[WARNING] Failed to build parent project for org.apache.hugegraph:hugegraph-store:pom:1.7.0
[WARNING] Failed to build parent project for org.apache.hugegraph:hugegraph-server:pom:1.7.0
[WARNING] Failed to build parent project for org.apache.hugegraph:hugegraph-pd:pom:1.7.0
[WARNING] Failed to build parent project for org.apache.hugegraph:hugegraph-pd:pom:1.7.0
[WARNING] Failed to build parent project for org.apache.hugegraph:hugegraph-store:pom:1.7.0
[WARNING] Failed to build parent project for org.apache.hugegraph:hugegraph-store:pom:1.7.0
[INFO] 
[INFO] --- maven-resources-plugin:3.1.0:resources (default-resources) @ hg-store-test ---
[INFO] Using 'UTF-8' encoding to copy filtered resources.
[INFO] Copying 2 resources
[INFO] Copying 3 resources
[INFO] 
[INFO] --- flatten-maven-plugin:1.2.7:flatten (flatten) @ hg-store-test ---
[INFO] Generating flattened POM of project org.apache.hugegraph:hg-store-test:jar:1.7.0...
[INFO] 
[INFO] --- maven-compiler-plugin:3.1:compile (default-compile) @ hg-store-test ---
[INFO] Nothing to compile - all classes are up to date
[INFO] 
[INFO] --- maven-resources-plugin:3.1.0:testResources (default-testResources) @ hg-store-test ---
[INFO] Using 'UTF-8' encoding to copy filtered resources.
[INFO] skip non existing resourceDirectory /home/zy/code/hugegraph/hugegraph-store/hg-store-test/src/test/resources
[INFO] Copying 3 resources
[INFO] 
[INFO] --- maven-compiler-plugin:3.1:testCompile (default-testCompile) @ hg-store-test ---
[INFO] No sources to compile
[INFO] 
[INFO] --- maven-surefire-plugin:2.20:test (default-test) @ hg-store-test ---
[INFO] 
[INFO] --- maven-surefire-plugin:2.20:test (store-client-test) @ hg-store-test ---
[INFO] 
[INFO] -------------------------------------------------------
[INFO]  T E S T S
[INFO] -------------------------------------------------------
[INFO] Running org.apache.hugegraph.store.client.ClientSuiteTest
2026-09-13 10:36:35 [main] [INFO] o.a.h.s.c.u.HgStoreClientConfig - grpc.timeout.seconds = 100
2026-09-13 10:36:35 [main] [INFO] o.a.h.s.c.u.HgStoreClientConfig - grpc.max.inbound.message.size = 1073741824
2026-09-13 10:36:35 [main] [INFO] o.a.h.s.c.u.HgStoreClientConfig - grpc.max.outbound.message.size = 1073741824
2026-09-13 10:36:35 [main] [INFO] o.a.h.s.c.u.HgStoreClientConfig - net.kv.scanner.page.size = 10000
2026-09-13 10:36:35 [main] [INFO] o.a.h.s.c.u.HgStoreClientConfig - net.kv.scanner.have.next.timeout = 1800
2026-09-13 10:36:35 [main] [ERROR] o.a.h.s.c.g.NotifyingExecutor - Failed to invoke: org.apache.hugegraph.store.client.grpc.AbstractGrpcClientTest$$Lambda/0x00007f704031e130@7c891ba7, caused by:
io.grpc.StatusRuntimeException: CANCELLED
	at io.grpc.Status.asRuntimeException(Status.java:526) ~[grpc-api-1.39.0.jar:1.39.0]
	at org.apache.hugegraph.store.client.grpc.AbstractGrpcClientTest.lambda$testCancelledRpcDoesNotEvictCurrentNode$3(AbstractGrpcClientTest.java:241) ~[classes/:?]
	at org.apache.hugegraph.store.client.grpc.NotifyingExecutor.invoke(NotifyingExecutor.java:78) [classes/:?]
	at org.apache.hugegraph.store.client.grpc.AbstractGrpcClientTest.testCancelledRpcDoesNotEvictCurrentNode(AbstractGrpcClientTest.java:240) [classes/:?]
	at jdk.internal.reflect.DirectMethodHandleAccessor.invoke(DirectMethodHandleAccessor.java:103) ~[?:?]
	at java.lang.reflect.Method.invoke(Method.java:580) ~[?:?]
	at org.junit.runners.model.FrameworkMethod$1.runReflectiveCall(FrameworkMethod.java:59) [junit-4.13.2.jar:4.13.2]
	at org.junit.internal.runners.model.ReflectiveCallable.run(ReflectiveCallable.java:12) [junit-4.13.2.jar:4.13.2]
	at org.junit.runners.model.FrameworkMethod.invokeExplosively(FrameworkMethod.java:56) [junit-4.13.2.jar:4.13.2]
	at org.junit.internal.runners.statements.InvokeMethod.evaluate(InvokeMethod.java:17) [junit-4.13.2.jar:4.13.2]
	at org.junit.runners.ParentRunner$3.evaluate(ParentRunner.java:306) [junit-4.13.2.jar:4.13.2]
	at org.junit.runners.BlockJUnit4ClassRunner$1.evaluate(BlockJUnit4ClassRunner.java:100) [junit-4.13.2.jar:4.13.2]
	at org.junit.runners.ParentRunner.runLeaf(ParentRunner.java:366) [junit-4.13.2.jar:4.13.2]
	at org.junit.runners.BlockJUnit4ClassRunner.runChild(BlockJUnit4ClassRunner.java:103) [junit-4.13.2.jar:4.13.2]
	at org.junit.runners.BlockJUnit4ClassRunner.runChild(BlockJUnit4ClassRunner.java:63) [junit-4.13.2.jar:4.13.2]
	at org.junit.runners.ParentRunner$4.run(ParentRunner.java:331) [junit-4.13.2.jar:4.13.2]
	at org.junit.runners.ParentRunner$1.schedule(ParentRunner.java:79) [junit-4.13.2.jar:4.13.2]
	at org.junit.runners.ParentRunner.runChildren(ParentRunner.java:329) [junit-4.13.2.jar:4.13.2]
	at org.junit.runners.ParentRunner.access$100(ParentRunner.java:66) [junit-4.13.2.jar:4.13.2]
	at org.junit.runners.ParentRunner$2.evaluate(ParentRunner.java:293) [junit-4.13.2.jar:4.13.2]
	at org.junit.runners.ParentRunner$3.evaluate(ParentRunner.java:306) [junit-4.13.2.jar:4.13.2]
	at org.junit.runners.ParentRunner.run(ParentRunner.java:413) [junit-4.13.2.jar:4.13.2]
	at org.junit.runners.Suite.runChild(Suite.java:128) [junit-4.13.2.jar:4.13.2]
	at org.junit.runners.Suite.runChild(Suite.java:27) [junit-4.13.2.jar:4.13.2]
	at org.junit.runners.ParentRunner$4.run(ParentRunner.java:331) [junit-4.13.2.jar:4.13.2]
	at org.junit.runners.ParentRunner$1.schedule(ParentRunner.java:79) [junit-4.13.2.jar:4.13.2]
	at org.junit.runners.ParentRunner.runChildren(ParentRunner.java:329) [junit-4.13.2.jar:4.13.2]
	at org.junit.runners.ParentRunner.access$100(ParentRunner.java:66) [junit-4.13.2.jar:4.13.2]
	at org.junit.runners.ParentRunner$2.evaluate(ParentRunner.java:293) [junit-4.13.2.jar:4.13.2]
	at org.junit.runners.ParentRunner$3.evaluate(ParentRunner.java:306) [junit-4.13.2.jar:4.13.2]
	at org.junit.runners.ParentRunner.run(ParentRunner.java:413) [junit-4.13.2.jar:4.13.2]
	at org.apache.maven.surefire.junit4.JUnit4Provider.execute(JUnit4Provider.java:365) [surefire-junit4-2.20.jar:2.20]
	at org.apache.maven.surefire.junit4.JUnit4Provider.executeWithRerun(JUnit4Provider.java:272) [surefire-junit4-2.20.jar:2.20]
	at org.apache.maven.surefire.junit4.JUnit4Provider.executeTestSet(JUnit4Provider.java:236) [surefire-junit4-2.20.jar:2.20]
	at org.apache.maven.surefire.junit4.JUnit4Provider.invoke(JUnit4Provider.java:159) [surefire-junit4-2.20.jar:2.20]
	at org.apache.maven.surefire.booter.ForkedBooter.invokeProviderInSameClassLoader(ForkedBooter.java:386) [surefire-booter-2.20.jar:2.20]
	at org.apache.maven.surefire.booter.ForkedBooter.runSuitesInProcess(ForkedBooter.java:323) [surefire-booter-2.20.jar:2.20]
	at org.apache.maven.surefire.booter.ForkedBooter.main(ForkedBooter.java:143) [surefire-booter-2.20.jar:2.20]
2026-09-13 10:36:35 [main] [ERROR] o.a.h.s.c.g.NotifyingExecutor - Failed to invoke: org.apache.hugegraph.store.client.grpc.AbstractGrpcClientTest$$Lambda/0x00007f7040323930@37d871c2, caused by:
io.grpc.StatusRuntimeException: UNAVAILABLE
	at io.grpc.Status.asRuntimeException(Status.java:526) ~[grpc-api-1.39.0.jar:1.39.0]
	at org.apache.hugegraph.store.client.grpc.AbstractGrpcClientTest.lambda$testUnavailableRpcEvictsExpectedNodeAndTarget$1(AbstractGrpcClientTest.java:190) ~[classes/:?]
	at org.apache.hugegraph.store.client.grpc.NotifyingExecutor.invoke(NotifyingExecutor.java:78) [classes/:?]
	at org.apache.hugegraph.store.client.grpc.AbstractGrpcClientTest.testUnavailableRpcEvictsExpectedNodeAndTarget(AbstractGrpcClientTest.java:189) [classes/:?]
	at jdk.internal.reflect.DirectMethodHandleAccessor.invoke(DirectMethodHandleAccessor.java:103) ~[?:?]
	at java.lang.reflect.Method.invoke(Method.java:580) ~[?:?]
	at org.junit.runners.model.FrameworkMethod$1.runReflectiveCall(FrameworkMethod.java:59) [junit-4.13.2.jar:4.13.2]
	at org.junit.internal.runners.model.ReflectiveCallable.run(ReflectiveCallable.java:12) [junit-4.13.2.jar:4.13.2]
	at org.junit.runners.model.FrameworkMethod.invokeExplosively(FrameworkMethod.java:56) [junit-4.13.2.jar:4.13.2]
	at org.junit.internal.runners.statements.InvokeMethod.evaluate(InvokeMethod.java:17) [junit-4.13.2.jar:4.13.2]
	at org.junit.runners.ParentRunner$3.evaluate(ParentRunner.java:306) [junit-4.13.2.jar:4.13.2]
	at org.junit.runners.BlockJUnit4ClassRunner$1.evaluate(BlockJUnit4ClassRunner.java:100) [junit-4.13.2.jar:4.13.2]
	at org.junit.runners.ParentRunner.runLeaf(ParentRunner.java:366) [junit-4.13.2.jar:4.13.2]
	at org.junit.runners.BlockJUnit4ClassRunner.runChild(BlockJUnit4ClassRunner.java:103) [junit-4.13.2.jar:4.13.2]
	at org.junit.runners.BlockJUnit4ClassRunner.runChild(BlockJUnit4ClassRunner.java:63) [junit-4.13.2.jar:4.13.2]
	at org.junit.runners.ParentRunner$4.run(ParentRunner.java:331) [junit-4.13.2.jar:4.13.2]
	at org.junit.runners.ParentRunner$1.schedule(ParentRunner.java:79) [junit-4.13.2.jar:4.13.2]
	at org.junit.runners.ParentRunner.runChildren(ParentRunner.java:329) [junit-4.13.2.jar:4.13.2]
	at org.junit.runners.ParentRunner.access$100(ParentRunner.java:66) [junit-4.13.2.jar:4.13.2]
	at org.junit.runners.ParentRunner$2.evaluate(ParentRunner.java:293) [junit-4.13.2.jar:4.13.2]
	at org.junit.runners.ParentRunner$3.evaluate(ParentRunner.java:306) [junit-4.13.2.jar:4.13.2]
	at org.junit.runners.ParentRunner.run(ParentRunner.java:413) [junit-4.13.2.jar:4.13.2]
	at org.junit.runners.Suite.runChild(Suite.java:128) [junit-4.13.2.jar:4.13.2]
	at org.junit.runners.Suite.runChild(Suite.java:27) [junit-4.13.2.jar:4.13.2]
	at org.junit.runners.ParentRunner$4.run(ParentRunner.java:331) [junit-4.13.2.jar:4.13.2]
	at org.junit.runners.ParentRunner$1.schedule(ParentRunner.java:79) [junit-4.13.2.jar:4.13.2]
	at org.junit.runners.ParentRunner.runChildren(ParentRunner.java:329) [junit-4.13.2.jar:4.13.2]
	at org.junit.runners.ParentRunner.access$100(ParentRunner.java:66) [junit-4.13.2.jar:4.13.2]
	at org.junit.runners.ParentRunner$2.evaluate(ParentRunner.java:293) [junit-4.13.2.jar:4.13.2]
	at org.junit.runners.ParentRunner$3.evaluate(ParentRunner.java:306) [junit-4.13.2.jar:4.13.2]
	at org.junit.runners.ParentRunner.run(ParentRunner.java:413) [junit-4.13.2.jar:4.13.2]
	at org.apache.maven.surefire.junit4.JUnit4Provider.execute(JUnit4Provider.java:365) [surefire-junit4-2.20.jar:2.20]
	at org.apache.maven.surefire.junit4.JUnit4Provider.executeWithRerun(JUnit4Provider.java:272) [surefire-junit4-2.20.jar:2.20]
	at org.apache.maven.surefire.junit4.JUnit4Provider.executeTestSet(JUnit4Provider.java:236) [surefire-junit4-2.20.jar:2.20]
	at org.apache.maven.surefire.junit4.JUnit4Provider.invoke(JUnit4Provider.java:159) [surefire-junit4-2.20.jar:2.20]
	at org.apache.maven.surefire.booter.ForkedBooter.invokeProviderInSameClassLoader(ForkedBooter.java:386) [surefire-booter-2.20.jar:2.20]
	at org.apache.maven.surefire.booter.ForkedBooter.runSuitesInProcess(ForkedBooter.java:323) [surefire-booter-2.20.jar:2.20]
	at org.apache.maven.surefire.booter.ForkedBooter.main(ForkedBooter.java:143) [surefire-booter-2.20.jar:2.20]
2026-09-13 10:36:36 [main] [INFO] o.a.h.s.c.NodeTxExecutor - Waiting 1 seconds for the next try.
2026-09-13 10:36:37 [main] [ERROR] o.a.h.s.c.g.KvPageScanner - failed to complete scan of session: TestNodeSession
java.lang.IllegalStateException: Store node doesn't support ordered scan; upgrade every Store node before using ORDER_BY_KEY
	at org.apache.hugegraph.store.client.grpc.KvPageScanner$ServeObserverImpl.onNext(KvPageScanner.java:299) ~[classes/:?]
	at org.apache.hugegraph.store.client.grpc.KvPageScanner$ServeObserverImpl.onNext(KvPageScanner.java:292) ~[classes/:?]
	at org.apache.hugegraph.store.client.grpc.KvPageScannerTest$2.onNext(KvPageScannerTest.java:159) ~[classes/:?]
	at org.apache.hugegraph.store.client.grpc.KvPageScannerTest$2.onNext(KvPageScannerTest.java:155) ~[classes/:?]
	at org.apache.hugegraph.store.client.grpc.KvPageScanner.send(KvPageScanner.java:193) ~[classes/:?]
	at org.apache.hugegraph.store.client.grpc.KvPageScanner.serverScan(KvPageScanner.java:183) ~[classes/:?]
	at org.apache.hugegraph.store.client.grpc.KvPageScanner.lambda$init$0(KvPageScanner.java:168) ~[classes/:?]
	at org.apache.hugegraph.store.client.util.HgBufferProxy.apply(HgBufferProxy.java:77) [classes/:?]
	at org.apache.hugegraph.store.client.util.HgBufferProxy.receive(HgBufferProxy.java:100) [classes/:?]
	at org.apache.hugegraph.store.client.grpc.KvPageScanner.hasNext(KvPageScanner.java:222) [classes/:?]
	at org.apache.hugegraph.store.client.grpc.KvPageScannerTest.testRejectsOrderedScanWithoutCapabilityAck(KvPageScannerTest.java:82) [classes/:?]
	at jdk.internal.reflect.DirectMethodHandleAccessor.invoke(DirectMethodHandleAccessor.java:103) ~[?:?]
	at java.lang.reflect.Method.invoke(Method.java:580) ~[?:?]
	at org.junit.runners.model.FrameworkMethod$1.runReflectiveCall(FrameworkMethod.java:59) [junit-4.13.2.jar:4.13.2]
	at org.junit.internal.runners.model.ReflectiveCallable.run(ReflectiveCallable.java:12) [junit-4.13.2.jar:4.13.2]
	at org.junit.runners.model.FrameworkMethod.invokeExplosively(FrameworkMethod.java:56) [junit-4.13.2.jar:4.13.2]
	at org.junit.internal.runners.statements.InvokeMethod.evaluate(InvokeMethod.java:17) [junit-4.13.2.jar:4.13.2]
	at org.junit.runners.ParentRunner$3.evaluate(ParentRunner.java:306) [junit-4.13.2.jar:4.13.2]
	at org.junit.runners.BlockJUnit4ClassRunner$1.evaluate(BlockJUnit4ClassRunner.java:100) [junit-4.13.2.jar:4.13.2]
	at org.junit.runners.ParentRunner.runLeaf(ParentRunner.java:366) [junit-4.13.2.jar:4.13.2]
	at org.junit.runners.BlockJUnit4ClassRunner.runChild(BlockJUnit4ClassRunner.java:103) [junit-4.13.2.jar:4.13.2]
	at org.junit.runners.BlockJUnit4ClassRunner.runChild(BlockJUnit4ClassRunner.java:63) [junit-4.13.2.jar:4.13.2]
	at org.junit.runners.ParentRunner$4.run(ParentRunner.java:331) [junit-4.13.2.jar:4.13.2]
	at org.junit.runners.ParentRunner$1.schedule(ParentRunner.java:79) [junit-4.13.2.jar:4.13.2]
	at org.junit.runners.ParentRunner.runChildren(ParentRunner.java:329) [junit-4.13.2.jar:4.13.2]
	at org.junit.runners.ParentRunner.access$100(ParentRunner.java:66) [junit-4.13.2.jar:4.13.2]
	at org.junit.runners.ParentRunner$2.evaluate(ParentRunner.java:293) [junit-4.13.2.jar:4.13.2]
	at org.junit.runners.ParentRunner$3.evaluate(ParentRunner.java:306) [junit-4.13.2.jar:4.13.2]
	at org.junit.runners.ParentRunner.run(ParentRunner.java:413) [junit-4.13.2.jar:4.13.2]
	at org.junit.runners.Suite.runChild(Suite.java:128) [junit-4.13.2.jar:4.13.2]
	at org.junit.runners.Suite.runChild(Suite.java:27) [junit-4.13.2.jar:4.13.2]
	at org.junit.runners.ParentRunner$4.run(ParentRunner.java:331) [junit-4.13.2.jar:4.13.2]
	at org.junit.runners.ParentRunner$1.schedule(ParentRunner.java:79) [junit-4.13.2.jar:4.13.2]
	at org.junit.runners.ParentRunner.runChildren(ParentRunner.java:329) [junit-4.13.2.jar:4.13.2]
	at org.junit.runners.ParentRunner.access$100(ParentRunner.java:66) [junit-4.13.2.jar:4.13.2]
	at org.junit.runners.ParentRunner$2.evaluate(ParentRunner.java:293) [junit-4.13.2.jar:4.13.2]
	at org.junit.runners.ParentRunner$3.evaluate(ParentRunner.java:306) [junit-4.13.2.jar:4.13.2]
	at org.junit.runners.ParentRunner.run(ParentRunner.java:413) [junit-4.13.2.jar:4.13.2]
	at org.apache.maven.surefire.junit4.JUnit4Provider.execute(JUnit4Provider.java:365) [surefire-junit4-2.20.jar:2.20]
	at org.apache.maven.surefire.junit4.JUnit4Provider.executeWithRerun(JUnit4Provider.java:272) [surefire-junit4-2.20.jar:2.20]
	at org.apache.maven.surefire.junit4.JUnit4Provider.executeTestSet(JUnit4Provider.java:236) [surefire-junit4-2.20.jar:2.20]
	at org.apache.maven.surefire.junit4.JUnit4Provider.invoke(JUnit4Provider.java:159) [surefire-junit4-2.20.jar:2.20]
	at org.apache.maven.surefire.booter.ForkedBooter.invokeProviderInSameClassLoader(ForkedBooter.java:386) [surefire-booter-2.20.jar:2.20]
	at org.apache.maven.surefire.booter.ForkedBooter.runSuitesInProcess(ForkedBooter.java:323) [surefire-booter-2.20.jar:2.20]
	at org.apache.maven.surefire.booter.ForkedBooter.main(ForkedBooter.java:143) [surefire-booter-2.20.jar:2.20]
2026-09-13 10:36:37 [ordered-scan-init-1] [ERROR] o.a.h.s.c.g.KvPageScanner - failed to complete scan of session: PagedRecordingSession
java.lang.IllegalStateException: Store node doesn't support ordered scan; upgrade every Store node before using ORDER_BY_KEY
	at org.apache.hugegraph.store.client.grpc.KvPageScanner$ServeObserverImpl.onNext(KvPageScanner.java:299) ~[classes/:?]
	at org.apache.hugegraph.store.client.grpc.KvPageScanner$ServeObserverImpl.onNext(KvPageScanner.java:292) ~[classes/:?]
	at org.apache.hugegraph.store.client.NodeTxSessionProxyTest$PagedStream$1.onNext(NodeTxSessionProxyTest.java:702) ~[classes/:?]
	at org.apache.hugegraph.store.client.NodeTxSessionProxyTest$PagedStream$1.onNext(NodeTxSessionProxyTest.java:675) ~[classes/:?]
	at org.apache.hugegraph.store.client.grpc.KvPageScanner.send(KvPageScanner.java:193) ~[classes/:?]
	at org.apache.hugegraph.store.client.grpc.KvPageScanner.serverScan(KvPageScanner.java:183) ~[classes/:?]
	at org.apache.hugegraph.store.client.grpc.KvPageScanner.lambda$init$0(KvPageScanner.java:168) ~[classes/:?]
	at org.apache.hugegraph.store.client.util.HgBufferProxy.apply(HgBufferProxy.java:77) ~[classes/:?]
	at org.apache.hugegraph.store.client.util.HgBufferProxy.receive(HgBufferProxy.java:100) ~[classes/:?]
	at org.apache.hugegraph.store.client.grpc.KvPageScanner.hasNext(KvPageScanner.java:222) ~[classes/:?]
	at org.apache.hugegraph.store.client.grpc.GrpcKvIteratorImpl.hasNext(GrpcKvIteratorImpl.java:77) ~[classes/:?]
	at org.apache.hugegraph.store.client.OrderedKvIterator.firstEntry(OrderedKvIterator.java:261) ~[classes/:?]
	at org.apache.hugegraph.store.client.OrderedKvIterator.lambda$initialize$1(OrderedKvIterator.java:201) ~[classes/:?]
	at java.util.concurrent.FutureTask.run(FutureTask.java:317) ~[?:?]
	at java.util.concurrent.Executors$RunnableAdapter.call(Executors.java:572) ~[?:?]
	at java.util.concurrent.FutureTask.run(FutureTask.java:317) ~[?:?]
	at java.util.concurrent.ThreadPoolExecutor.runWorker(ThreadPoolExecutor.java:1144) ~[?:?]
	at java.util.concurrent.ThreadPoolExecutor$Worker.run(ThreadPoolExecutor.java:642) ~[?:?]
	at java.lang.Thread.run(Thread.java:1583) [?:?]
2026-09-13 10:36:37 [main] [ERROR] o.a.h.s.c.g.KvPageScanner - failed to complete scan of session: PagedRecordingSession
java.lang.IllegalStateException: injected page failure
	at org.apache.hugegraph.store.client.NodeTxSessionProxyTest$PagedStream$1.onNext(NodeTxSessionProxyTest.java:686) ~[classes/:?]
	at org.apache.hugegraph.store.client.NodeTxSessionProxyTest$PagedStream$1.onNext(NodeTxSessionProxyTest.java:675) ~[classes/:?]
	at org.apache.hugegraph.store.client.grpc.KvPageScanner.send(KvPageScanner.java:193) ~[classes/:?]
	at org.apache.hugegraph.store.client.grpc.KvPageScanner.serverScan(KvPageScanner.java:183) ~[classes/:?]
	at org.apache.hugegraph.store.client.grpc.KvPageScanner.lambda$init$0(KvPageScanner.java:168) ~[classes/:?]
	at org.apache.hugegraph.store.client.util.HgBufferProxy.apply(HgBufferProxy.java:77) ~[classes/:?]
	at org.apache.hugegraph.store.client.util.HgBufferProxy.receive(HgBufferProxy.java:100) ~[classes/:?]
	at org.apache.hugegraph.store.client.grpc.KvPageScanner.hasNext(KvPageScanner.java:222) ~[classes/:?]
	at org.apache.hugegraph.store.client.grpc.GrpcKvIteratorImpl.hasNext(GrpcKvIteratorImpl.java:77) ~[classes/:?]
	at org.apache.hugegraph.store.client.OrderedKvIterator.addNext(OrderedKvIterator.java:278) ~[classes/:?]
	at org.apache.hugegraph.store.client.OrderedKvIterator.next(OrderedKvIterator.java:114) ~[classes/:?]
	at org.apache.hugegraph.store.client.OrderedKvIterator.next(OrderedKvIterator.java:39) ~[classes/:?]
	at org.junit.Assert.assertThrows(Assert.java:1001) [junit-4.13.2.jar:4.13.2]
	at org.junit.Assert.assertThrows(Assert.java:981) [junit-4.13.2.jar:4.13.2]
	at org.apache.hugegraph.store.client.NodeTxSessionProxyTest.testOrderedScanClosesOtherStoreOnPagedFailure(NodeTxSessionProxyTest.java:275) [classes/:?]
	at jdk.internal.reflect.DirectMethodHandleAccessor.invoke(DirectMethodHandleAccessor.java:103) ~[?:?]
	at java.lang.reflect.Method.invoke(Method.java:580) ~[?:?]
	at org.junit.runners.model.FrameworkMethod$1.runReflectiveCall(FrameworkMethod.java:59) [junit-4.13.2.jar:4.13.2]
	at org.junit.internal.runners.model.ReflectiveCallable.run(ReflectiveCallable.java:12) [junit-4.13.2.jar:4.13.2]
	at org.junit.runners.model.FrameworkMethod.invokeExplosively(FrameworkMethod.java:56) [junit-4.13.2.jar:4.13.2]
	at org.junit.internal.runners.statements.InvokeMethod.evaluate(InvokeMethod.java:17) [junit-4.13.2.jar:4.13.2]
	at org.junit.runners.ParentRunner$3.evaluate(ParentRunner.java:306) [junit-4.13.2.jar:4.13.2]
	at org.junit.runners.BlockJUnit4ClassRunner$1.evaluate(BlockJUnit4ClassRunner.java:100) [junit-4.13.2.jar:4.13.2]
	at org.junit.runners.ParentRunner.runLeaf(ParentRunner.java:366) [junit-4.13.2.jar:4.13.2]
	at org.junit.runners.BlockJUnit4ClassRunner.runChild(BlockJUnit4ClassRunner.java:103) [junit-4.13.2.jar:4.13.2]
	at org.junit.runners.BlockJUnit4ClassRunner.runChild(BlockJUnit4ClassRunner.java:63) [junit-4.13.2.jar:4.13.2]
	at org.junit.runners.ParentRunner$4.run(ParentRunner.java:331) [junit-4.13.2.jar:4.13.2]
	at org.junit.runners.ParentRunner$1.schedule(ParentRunner.java:79) [junit-4.13.2.jar:4.13.2]
	at org.junit.runners.ParentRunner.runChildren(ParentRunner.java:329) [junit-4.13.2.jar:4.13.2]
	at org.junit.runners.ParentRunner.access$100(ParentRunner.java:66) [junit-4.13.2.jar:4.13.2]
	at org.junit.runners.ParentRunner$2.evaluate(ParentRunner.java:293) [junit-4.13.2.jar:4.13.2]
	at org.junit.runners.ParentRunner$3.evaluate(ParentRunner.java:306) [junit-4.13.2.jar:4.13.2]
	at org.junit.runners.ParentRunner.run(ParentRunner.java:413) [junit-4.13.2.jar:4.13.2]
	at org.junit.runners.Suite.runChild(Suite.java:128) [junit-4.13.2.jar:4.13.2]
	at org.junit.runners.Suite.runChild(Suite.java:27) [junit-4.13.2.jar:4.13.2]
	at org.junit.runners.ParentRunner$4.run(ParentRunner.java:331) [junit-4.13.2.jar:4.13.2]
	at org.junit.runners.ParentRunner$1.schedule(ParentRunner.java:79) [junit-4.13.2.jar:4.13.2]
	at org.junit.runners.ParentRunner.runChildren(ParentRunner.java:329) [junit-4.13.2.jar:4.13.2]
	at org.junit.runners.ParentRunner.access$100(ParentRunner.java:66) [junit-4.13.2.jar:4.13.2]
	at org.junit.runners.ParentRunner$2.evaluate(ParentRunner.java:293) [junit-4.13.2.jar:4.13.2]
	at org.junit.runners.ParentRunner$3.evaluate(ParentRunner.java:306) [junit-4.13.2.jar:4.13.2]
	at org.junit.runners.ParentRunner.run(ParentRunner.java:413) [junit-4.13.2.jar:4.13.2]
	at org.apache.maven.surefire.junit4.JUnit4Provider.execute(JUnit4Provider.java:365) [surefire-junit4-2.20.jar:2.20]
	at org.apache.maven.surefire.junit4.JUnit4Provider.executeWithRerun(JUnit4Provider.java:272) [surefire-junit4-2.20.jar:2.20]
	at org.apache.maven.surefire.junit4.JUnit4Provider.executeTestSet(JUnit4Provider.java:236) [surefire-junit4-2.20.jar:2.20]
	at org.apache.maven.surefire.junit4.JUnit4Provider.invoke(JUnit4Provider.java:159) [surefire-junit4-2.20.jar:2.20]
	at org.apache.maven.surefire.booter.ForkedBooter.invokeProviderInSameClassLoader(ForkedBooter.java:386) [surefire-booter-2.20.jar:2.20]
	at org.apache.maven.surefire.booter.ForkedBooter.runSuitesInProcess(ForkedBooter.java:323) [surefire-booter-2.20.jar:2.20]
	at org.apache.maven.surefire.booter.ForkedBooter.main(ForkedBooter.java:143) [surefire-booter-2.20.jar:2.20]
[INFO] Tests run: 34, Failures: 0, Errors: 0, Skipped: 0, Time elapsed: 5.053 s - in org.apache.hugegraph.store.client.ClientSuiteTest
[INFO] 
[INFO] Results:
[INFO] 
[INFO] Tests run: 34, Failures: 0, Errors: 0, Skipped: 0
[INFO] 
[INFO] 
[INFO] --- maven-surefire-plugin:2.20:test (store-core-test) @ hg-store-test ---
[INFO] 
[INFO] -------------------------------------------------------
[INFO]  T E S T S
[INFO] -------------------------------------------------------
[INFO] Running org.apache.hugegraph.store.core.snapshot.SnapshotHandlerTest
2026-09-13 10:36:41 [main] [INFO] o.a.h.s.o.RaftRocksdbOptions - RocksdbConfig -1
2026-09-13 10:36:41 [main] [WARN] o.a.h.c.OptionSpace - Already registered option holder: rocksdb (class org.apache.hugegraph.rocksdb.access.RocksDBOptions)
2026-09-13 10:36:41 [main] [WARN] o.a.h.c.HugeConfig - The config option 'rocksdb.write_cache' is redundant, please ensure it has been registered
2026-09-13 10:36:41 [main] [WARN] o.a.h.c.HugeConfig - The config option 'rocksdb.write_buffer_manager' is redundant, please ensure it has been registered
2026-09-13 10:36:41 [main] [WARN] o.a.h.c.HugeConfig - The config option 'rocksdb.env' is redundant, please ensure it has been registered
2026-09-13 10:36:41 [main] [WARN] o.a.h.c.HugeConfig - The config option 'rocksdb.block_table_config' is redundant, please ensure it has been registered
2026-09-13 10:36:41 [main] [WARN] o.a.h.c.HugeConfig - The config option 'rocksdb.block_cache' is redundant, please ensure it has been registered
2026-09-13 10:36:41 [main] [INFO] o.a.h.r.a.RocksDBFactory - create rocksdb for hgstore-metadata
2026-09-13 10:36:41 [main] [INFO] o.a.h.r.a.RocksDBSession - hgstore-metadata latest db path /tmp/junit/hgstore-metadata
2026-09-13 10:36:41 [main] [INFO] o.a.h.r.a.RocksDBSession - rocksdb use global WriteBufferManager
2026-09-13 10:36:41 [main] [INFO] c.a.s.j.u.JRaftServiceLoader - SPI service [com.alipay.sofa.jraft.util.timer.RaftTimerFactory - com.alipay.sofa.jraft.util.timer.DefaultRaftTimerFactory] loading.
2026-09-13 10:36:41 [main] [INFO] c.a.s.j.u.JRaftServiceLoader - SPI service [com.alipay.sofa.jraft.rpc.RaftRpcFactory - com.alipay.sofa.jraft.rpc.impl.BoltRaftRpcFactory] loading.
Sofa-Middleware-Log SLF4J : Actual binding is of type [ com.alipay.remoting Log4j2 ]
2026-09-13 10:36:41 [main] [INFO] c.a.s.c.log - Sofa-Middleware-Log SLF4J : Actual binding is of type [ com.alipay.remoting Log4j2 ]
2026-09-13 10:36:41 [hg-heartbeat] [INFO] o.a.h.s.p.FakePdServiceProvider - registerStore storeId:0, storeAddress:127.0.0.1:6511
2026-09-13 10:36:41 [main] [INFO] o.a.h.s.m.StoreMetadata - allocate db path using partition count: db count stats: {/tmp/junit=0}
2026-09-13 10:36:41 [main] [INFO] o.a.h.r.a.RocksDBFactory - create rocksdb for 00000
2026-09-13 10:36:41 [main] [INFO] o.a.h.r.a.RocksDBSession - 00000 latest db path /tmp/junit/db/00000
2026-09-13 10:36:41 [main] [INFO] o.a.h.r.a.RocksDBSession - rocksdb use global WriteBufferManager
2026-09-13 10:36:41 [hg-heartbeat] [INFO] o.a.h.s.HeartbeatService - Register Store id= -35791620 successfully. store = Store(version=1.7.0, id=-35791620, storeAddress=127.0.0.1:6511, pdAddress=null, raftAddress=127.0.0.1:6510, deployPath=/home/zy/code/hugegraph/hugegraph-store/hg-store-test/target/classes/, dataPath=/tmp/junit, dataVersion=1, partitionCount=0, startTime=0, usedSize=0, pdHeartbeatInterval=0, state=Unknown, labels=null, cores=16), clusterStats 
2026-09-13 10:36:41 [JRaft-Closure-Executor-0] [INFO] o.a.h.s.HgStoreEngine - stateChanged, oldState Unknown, newState Up
2026-09-13 10:36:41 [JRaft-Closure-Executor-0] [ERROR] o.a.h.s.m.PartitionManager - partition 0 Directory not exists,options /tmp/junit
2026-09-13 10:36:41 [main] [INFO] o.a.h.s.HgStoreEngine - createPartitionEngine 0, with shards: { id:-35791620,role:Leader }
2026-09-13 10:36:41 [main] [INFO] o.a.h.s.m.StoreMetadata - allocate db path using partition count: db count stats: {/tmp/junit=0}
2026-09-13 10:36:41 [main] [INFO] o.a.h.s.PartitionEngine - PartitionEngine starting: PartitionEngine{groupId =0, isLeader=false, options=PartitionEngineOptions(taskScheduleTime=60, splitPartitionTimeout=1800000, raftOptions=HgStoreEngineOptions.RaftOptions(rpcConnectTimeoutMs=1000, electionTimeoutMs=3000, rpcInstallSnapshotTimeout=3600000, waitLeaderTimeout=30, maxEntriesSize=256, maxBodySize=524288, overloadRateLimit=100, keepInMemorySegmentCount=2, preAllocateSegmentCount=1, splitPartitionLogIndexMargin=10, rpcDefaultTimeout=5000, snapshotIntervalSecs=3600, snapshotDownloadingThreads=4, snapshotLogIndexMargin=1024, metrics=true, disruptorBufferSize=4096, maxReplicatorInflightMsgs=256, maxLogSize=104857600, aveLogEntrySizeRatio=0.95, useRocksDBSegmentLogStorage=true, maxSegmentFileSize=67108864), raftDataPath=/tmp/junit/raft/00000, raftSnapShotPath=/tmp/junit/raft/00000, groupId=0, raftAddress=127.0.0.1:6510, peerList=[127.0.0.1:6510::100], conf=null, taskHandler=null)}
2026-09-13 10:36:41 [main] [INFO] c.a.s.j.u.JRaftServiceLoader - SPI service [com.alipay.sofa.jraft.JRaftServiceFactory - com.alipay.sofa.jraft.core.DefaultJRaftServiceFactory] loading.
2026-09-13 10:36:41 [main] [INFO] c.a.s.j.u.JRaftServiceLoader - SPI service [com.alipay.sofa.jraft.util.JRaftSignalHandler - com.alipay.sofa.jraft.NodeDescribeSignalHandler] loading.
2026-09-13 10:36:41 [main] [INFO] c.a.s.j.u.JRaftServiceLoader - SPI service [com.alipay.sofa.jraft.util.JRaftSignalHandler - com.alipay.sofa.jraft.NodeMetricsSignalHandler] loading.
2026-09-13 10:36:41 [main] [INFO] c.a.s.j.u.JRaftServiceLoader - SPI service [com.alipay.sofa.jraft.util.JRaftSignalHandler - com.alipay.sofa.jraft.ThreadPoolMetricsSignalHandler] loading.
2026-09-13 10:36:41 [main] [INFO] c.a.s.j.c.NodeImpl - The number of active nodes increment to 1.
2026-09-13 10:36:41 [main] [INFO] c.a.s.j.s.l.RocksDBSegmentLogStorage - RocksDBSegmentLogStorage Loaded 0 segment files and  0 blank segment files from path /tmp/junit/raft/00000/log/segments.
2026-09-13 10:36:41 [main] [INFO] c.a.s.j.s.l.RocksDBSegmentLogStorage - RocksDBSegmentLogStorage segments: 
[
]
2026-09-13 10:36:41 [main] [INFO] c.a.s.j.s.l.RocksDBSegmentLogStorage - RocksDBSegmentLogStorage started checkpoint task.
2026-09-13 10:36:41 [main] [INFO] c.a.s.j.s.l.SegmentFile - Created a new segment file /tmp/junit/raft/00000/log/segments/0000000000000000000.s cost 10 ms, wrotePosition=18, bufferPosition=18, mappedSize=1073741824.
2026-09-13 10:36:41 [main] [INFO] c.a.s.j.s.l.RocksDBSegmentLogStorage - Create a new segment file /tmp/junit/raft/00000/log/segments/0000000000000000000.s.
2026-09-13 10:36:41 [main] [INFO] c.a.s.j.s.l.RocksDBSegmentLogStorage - RocksDBSegmentLogStorage init and load cost 16 ms.
2026-09-13 10:36:41 [SegmentAllocator] [INFO] c.a.s.j.s.l.RocksDBSegmentLogStorage - SegmentAllocator is started.
2026-09-13 10:36:41 [main] [INFO] c.a.s.j.c.FSMCallerImpl - Starts FSMCaller successfully.
2026-09-13 10:36:41 [main] [WARN] c.a.s.j.s.s.l.LocalSnapshotStorage - No data for snapshot reader /tmp/junit/raft/00000/snapshot.
2026-09-13 10:36:41 [SegmentAllocator] [INFO] c.a.s.j.s.l.SegmentFile - Created a new segment file /tmp/junit/raft/00000/log/segments/0000000000000000001.s cost 11 ms, wrotePosition=18, bufferPosition=18, mappedSize=1073741824.
2026-09-13 10:36:41 [SegmentAllocator] [INFO] c.a.s.j.s.l.RocksDBSegmentLogStorage - Create a new segment file /tmp/junit/raft/00000/log/segments/0000000000000000001.s.
2026-09-13 10:36:41 [main] [INFO] c.a.s.j.c.NodeImpl - Node <hg_0/127.0.0.1:6510> init, term=0, lastLogId=LogId [index=0, term=0], conf=127.0.0.1:6510::100, oldConf=.
2026-09-13 10:36:41 [main] [INFO] c.a.s.j.c.NodeImpl - Node <hg_0/127.0.0.1:6510> start vote and grant vote self, term=0.
2026-09-13 10:36:41 [main] [INFO] c.a.s.j.s.i.LocalRaftMetaStorage - Save raft meta, path=/tmp/junit/raft/00000/meta, term=1, votedFor=127.0.0.1:6510, cost time=15 ms
2026-09-13 10:36:41 [main] [INFO] c.a.s.j.c.NodeImpl - Node <hg_0/127.0.0.1:6510> become leader of group, term=1, conf=127.0.0.1:6510::100, oldConf=.
2026-09-13 10:36:41 [main] [INFO] c.a.s.j.u.Recyclers - -Djraft.recyclers.maxCapacityPerThread: 4096.
2026-09-13 10:36:41 [main] [WARN] c.a.s.j.RaftGroupService - RPC server is not started in RaftGroupService.
2026-09-13 10:36:41 [main] [INFO] c.a.s.j.RaftGroupService - Start the RaftGroupService successfully.
2026-09-13 10:36:41 [main] [INFO] o.a.h.s.PartitionEngine - PartitionEngine start successfully: id = 0, peers list = [127.0.0.1:6510::100]
2026-09-13 10:36:41 [main] [INFO] o.a.h.s.s.SnapshotHandler - skip to load snapshot because of should_not_load flag
2026-09-13 10:36:41 [main] [INFO] o.a.h.r.a.RocksDBSession - begin save snapshot at /tmp/snapshot/data
2026-09-13 10:36:41 [JRaft-FSMCaller-Disruptor-0] [INFO] c.a.s.j.c.StateMachineAdapter - onLeaderStart: term=1.
2026-09-13 10:36:41 [JRaft-FSMCaller-Disruptor-0] [INFO] o.a.h.s.r.PartitionStateMachine - Raft 0 becomes leader 
2026-09-13 10:36:41 [JRaft-Closure-Executor-4] [INFO] o.a.h.s.PartitionEngine - Raft 0 onLeaderStart newTerm is 1
2026-09-13 10:36:41 [JRaft-Closure-Executor-4] [INFO] o.a.h.s.PartitionEngine - Raft 0 onConfigurationCommitted, conf is 127.0.0.1:6510::100
2026-09-13 10:36:41 [JRaft-Closure-Executor-4] [INFO] o.a.h.s.PartitionEngine - Raft 0 onConfigurationCommitted, shardGroup [store_id: 18446744073673759996
role: Leader
]
2026-09-13 10:36:41 [SegmentAllocator] [INFO] c.a.s.j.s.l.SegmentFile - Created a new segment file /tmp/junit/raft/00000/log/segments/0000000000000000002.s cost 17 ms, wrotePosition=18, bufferPosition=18, mappedSize=1073741824.
2026-09-13 10:36:41 [SegmentAllocator] [INFO] c.a.s.j.s.l.RocksDBSegmentLogStorage - Create a new segment file /tmp/junit/raft/00000/log/segments/0000000000000000002.s.
2026-09-13 10:36:41 [JRaft-FSMCaller-Disruptor-0] [INFO] o.a.h.s.PartitionEngine - receive sync partition graph_name: "graph0"
end_key: 65535
version: 1
state: PState_Normal

2026-09-13 10:36:41 [JRaft-FSMCaller-Disruptor-0] [INFO] o.a.h.s.HgStoreEngine - Partition graph0-0-PState_Normal sync partition status is Status[OK]
2026-09-13 10:36:41 [main] [INFO] o.a.h.r.a.RocksDBSession - saved snapshot into /tmp/snapshot/data, time cost 50 ms
2026-09-13 10:36:41 [main] [INFO] o.a.h.s.s.SnapshotHandler - skip to load snapshot because of should_not_load flag
2026-09-13 10:36:41 [main] [INFO] o.a.h.s.HeartbeatService - HeartbeatService shutdown
2026-09-13 10:36:41 [main] [INFO] c.a.s.j.c.NodeImpl - Node <hg_0/127.0.0.1:6510> starts to transfer leadership to any peer.
2026-09-13 10:36:41 [main] [WARN] o.a.h.s.HgStoreEngine - transfer leader error: Status[UNKNOWN<-1>: Candidate not found for any peer]
2026-09-13 10:36:41 [main] [INFO] c.a.s.j.c.NodeImpl - Node <hg_0/127.0.0.1:6510> shutdown, currTerm=1 state=STATE_LEADER.
2026-09-13 10:36:41 [main] [INFO] c.a.s.j.c.ReplicatorGroupImpl - Fail to find the next candidate.
2026-09-13 10:36:41 [JRaft-Closure-Executor-8] [INFO] o.a.h.s.HgStoreEngine - Partition graph0-0-PState_Normal sync partition status is Status[EPERM<1008>: Leader stepped down]
2026-09-13 10:36:41 [JRaft-Closure-Executor-8] [INFO] o.a.h.s.HgStoreEngine - Partition graph0-0-PState_Normal sync partition status is Status[EPERM<1008>: Leader stepped down]
2026-09-13 10:36:41 [JRaft-Closure-Executor-8] [INFO] o.a.h.s.HgStoreEngine - Partition graph0-0-PState_Normal sync partition status is Status[EPERM<1008>: Leader stepped down]
2026-09-13 10:36:41 [JRaft-FSMCaller-Disruptor-0] [INFO] c.a.s.j.c.StateMachineAdapter - onLeaderStop: status=Status[ESHUTDOWN<1007>: Raft node is going to quit.].
2026-09-13 10:36:41 [JRaft-FSMCaller-Disruptor-0] [INFO] o.a.h.s.r.PartitionStateMachine - Raft 0 lost leader 
2026-09-13 10:36:41 [main] [INFO] c.a.s.j.s.i.LocalRaftMetaStorage - Save raft meta, path=/tmp/junit/raft/00000/meta, term=1, votedFor=127.0.0.1:6510, cost time=16 ms
2026-09-13 10:36:41 [main] [INFO] c.a.s.j.c.FSMCallerImpl - Shutting down FSMCaller...
2026-09-13 10:36:41 [main] [INFO] c.a.s.j.c.StateMachineAdapter - onShutdown.
2026-09-13 10:36:41 [main] [INFO] c.a.s.j.u.LogThreadPoolExecutor - ThreadPool is terminated: JRaft-RPC-Processor, com.alipay.sofa.jraft.util.MetricThreadPoolExecutor@396639b[Shutting down, pool size = 0, active threads = 0, queued tasks = 0, completed tasks = 0].
2026-09-13 10:36:41 [main] [INFO] c.a.s.j.u.LogScheduledThreadPoolExecutor - ThreadPool is terminated: JRaft-Node-ScheduleThreadPool, com.alipay.sofa.jraft.util.MetricScheduledThreadPoolExecutor@10acd6[Shutting down, pool size = 0, active threads = 0, queued tasks = 0, completed tasks = 0].
2026-09-13 10:36:41 [JRaft-NodeImpl-Disruptor-0] [INFO] c.a.s.j.c.NodeImpl - The number of active nodes decrement to 0.
2026-09-13 10:36:41 [main] [INFO] c.a.s.j.u.LogScheduledThreadPoolExecutor - ThreadPool is terminated: JRaft-Global-ElectionTimer, com.alipay.sofa.jraft.util.MetricScheduledThreadPoolExecutor@6f6621e3[Shutting down, pool size = 2, active threads = 0, queued tasks = 0, completed tasks = 0].
2026-09-13 10:36:41 [main] [INFO] c.a.s.j.u.RepeatedTimer - Destroy timer: RepeatedTimer{timeout=null, stopped=true, running=false, destroyed=true, invoking=false, timeoutMs=3000, name='JRaft-ElectionTimer-<hg_0/127.0.0.1:6510>'}.
2026-09-13 10:36:41 [JRaft-Global-VoteTimer0] [INFO] c.a.s.j.u.LogScheduledThreadPoolExecutor - ThreadPool is terminated: JRaft-Global-VoteTimer, com.alipay.sofa.jraft.util.MetricScheduledThreadPoolExecutor@4e93dcb9[Shutting down, pool size = 0, active threads = 0, queued tasks = 0, completed tasks = 0].
2026-09-13 10:36:41 [main] [INFO] c.a.s.j.u.RepeatedTimer - Destroy timer: RepeatedTimer{timeout=null, stopped=true, running=false, destroyed=true, invoking=false, timeoutMs=3000, name='JRaft-VoteTimer-<hg_0/127.0.0.1:6510>'}.
2026-09-13 10:36:41 [JRaft-Global-StepDownTimer0] [INFO] c.a.s.j.u.LogScheduledThreadPoolExecutor - ThreadPool is terminated: JRaft-Global-StepDownTimer, com.alipay.sofa.jraft.util.MetricScheduledThreadPoolExecutor@6240651f[Shutting down, pool size = 0, active threads = 0, queued tasks = 0, completed tasks = 0].
2026-09-13 10:36:41 [main] [INFO] c.a.s.j.u.RepeatedTimer - Destroy timer: RepeatedTimer{timeout=null, stopped=true, running=false, destroyed=true, invoking=false, timeoutMs=1500, name='JRaft-StepDownTimer-<hg_0/127.0.0.1:6510>'}.
2026-09-13 10:36:41 [JRaft-Global-SnapshotTimer0] [INFO] c.a.s.j.u.LogScheduledThreadPoolExecutor - ThreadPool is terminated: JRaft-Global-SnapshotTimer, com.alipay.sofa.jraft.util.MetricScheduledThreadPoolExecutor@351f2244[Shutting down, pool size = 0, active threads = 0, queued tasks = 0, completed tasks = 0].
2026-09-13 10:36:41 [main] [INFO] c.a.s.j.u.RepeatedTimer - Destroy timer: RepeatedTimer{timeout=null, stopped=true, running=false, destroyed=true, invoking=false, timeoutMs=3600000, name='JRaft-SnapshotTimer-<hg_0/127.0.0.1:6510>'}.
2026-09-13 10:36:41 [main] [INFO] c.a.s.j.RaftGroupService - Stop the RaftGroupService successfully.
2026-09-13 10:36:41 [JRaft-Closure-Executor-14] [INFO] c.a.s.j.s.l.RocksDBSegmentLogStorage - RocksDBSegmentLogStorage stopped checkpoint task.
2026-09-13 10:36:41 [SegmentAllocator] [INFO] c.a.s.j.s.l.RocksDBSegmentLogStorage - SegmentAllocator exit.
2026-09-13 10:36:41 [JRaft-Closure-Executor-14] [INFO] c.a.s.j.s.l.SegmentFile - Unloaded segment file /tmp/junit/raft/00000/log/segments/0000000000000000000.s, current status: SegmentFile [firstLogIndex=2, lastLogIndex=5, size=1073741824, path=/tmp/junit/raft/00000/log/segments/0000000000000000000.s, wrotePos=18, committedPos=18].
2026-09-13 10:36:41 [JRaft-Closure-Executor-14] [INFO] c.a.s.j.s.l.SegmentFile - Unloaded segment file /tmp/junit/raft/00000/log/segments/0000000000000000001.s, current status: SegmentFile [firstLogIndex=-99, lastLogIndex=9223372036854775807, size=1073741824, path=/tmp/junit/raft/00000/log/segments/0000000000000000001.s, wrotePos=18, committedPos=18].
2026-09-13 10:36:41 [JRaft-Closure-Executor-14] [INFO] c.a.s.j.s.l.SegmentFile - Unloaded segment file /tmp/junit/raft/00000/log/segments/0000000000000000002.s, current status: SegmentFile [firstLogIndex=-99, lastLogIndex=9223372036854775807, size=1073741824, path=/tmp/junit/raft/00000/log/segments/0000000000000000002.s, wrotePos=18, committedPos=18].
2026-09-13 10:36:41 [JRaft-Closure-Executor-14] [INFO] c.a.s.j.u.LogThreadPoolExecutor - ThreadPool is terminated: RocksDBSegmentLogStorage-write-pool, com.alipay.sofa.jraft.util.MetricThreadPoolExecutor@3d278b4d[Shutting down, pool size = 0, active threads = 0, queued tasks = 0, completed tasks = 0].
2026-09-13 10:36:41 [JRaft-Closure-Executor-14] [INFO] c.a.s.j.s.i.RocksDBLogStorage - DB destroyed, the db path is: /tmp/junit/raft/00000/log.
2026-09-13 10:36:41 [main] [INFO] o.a.h.s.PartitionEngine - PartitionEngine shutdown successfully: PartitionEngine{groupId =0, isLeader=false, options=PartitionEngineOptions(taskScheduleTime=60, splitPartitionTimeout=1800000, raftOptions=HgStoreEngineOptions.RaftOptions(rpcConnectTimeoutMs=1000, electionTimeoutMs=3000, rpcInstallSnapshotTimeout=3600000, waitLeaderTimeout=30, maxEntriesSize=256, maxBodySize=524288, overloadRateLimit=100, keepInMemorySegmentCount=2, preAllocateSegmentCount=1, splitPartitionLogIndexMargin=10, rpcDefaultTimeout=5000, snapshotIntervalSecs=3600, snapshotDownloadingThreads=4, snapshotLogIndexMargin=1024, metrics=true, disruptorBufferSize=4096, maxReplicatorInflightMsgs=256, maxLogSize=104857600, aveLogEntrySizeRatio=0.95, useRocksDBSegmentLogStorage=true, maxSegmentFileSize=67108864), raftDataPath=/tmp/junit/raft/00000, raftSnapShotPath=/tmp/junit/raft/00000, groupId=0, raftAddress=127.0.0.1:6510, peerList=[127.0.0.1:6510::100], conf=null, taskHandler=null)}.
2026-09-13 10:36:41 [main] [INFO] o.a.h.r.a.RocksDBFactory - close 00000 's  rocksdb.
2026-09-13 10:36:41 [main] [INFO] o.a.h.r.a.RocksDBSession - shutdown db 00000, path is /tmp/junit/db/00000 
2026-09-13 10:36:41 [main] [INFO] o.a.h.r.a.RocksDBFactory - closing all rocksdb....
2026-09-13 10:36:41 [main] [INFO] o.a.h.r.a.RocksDBSession - shutdown db hgstore-metadata, path is /tmp/junit/hgstore-metadata 
[INFO] Tests run: 5, Failures: 0, Errors: 0, Skipped: 0, Time elapsed: 1.35 s - in org.apache.hugegraph.store.core.snapshot.SnapshotHandlerTest
[INFO] Running org.apache.hugegraph.store.core.BatchGraphIsolationTest
2026-09-13 10:36:42 [main] [INFO] o.a.h.s.o.RaftRocksdbOptions - RocksdbConfig -1
2026-09-13 10:36:42 [main] [WARN] o.a.h.c.OptionSpace - Already registered option holder: rocksdb (class org.apache.hugegraph.rocksdb.access.RocksDBOptions)
2026-09-13 10:36:42 [main] [WARN] o.a.h.c.HugeConfig - The config option 'rocksdb.write_cache' is redundant, please ensure it has been registered
2026-09-13 10:36:42 [main] [WARN] o.a.h.c.HugeConfig - The config option 'rocksdb.write_buffer_manager' is redundant, please ensure it has been registered
2026-09-13 10:36:42 [main] [WARN] o.a.h.c.HugeConfig - The config option 'rocksdb.env' is redundant, please ensure it has been registered
2026-09-13 10:36:42 [main] [WARN] o.a.h.c.HugeConfig - The config option 'rocksdb.block_table_config' is redundant, please ensure it has been registered
2026-09-13 10:36:42 [main] [WARN] o.a.h.c.HugeConfig - The config option 'rocksdb.block_cache' is redundant, please ensure it has been registered
2026-09-13 10:36:42 [main] [INFO] o.a.h.r.a.RocksDBFactory - create rocksdb for 00000
2026-09-13 10:36:42 [main] [INFO] o.a.h.r.a.RocksDBSession - 00000 latest db path /tmp/hugegraph-batch-graph-isolation-8782727527443090184/data/00000
2026-09-13 10:36:42 [main] [INFO] o.a.h.r.a.RocksDBSession - rocksdb use global WriteBufferManager
2026-09-13 10:36:42 [main] [INFO] o.a.h.s.m.GraphIdManager - partition: 0, Graph ID 0 is allocated for graph batch-put-graph-1, stack: [java.base/java.lang.Thread.getStackTrace(Thread.java:2451), org.apache.hugegraph.store.meta.GraphIdManager.getGraphIdOrCreate(GraphIdManager.java:98), org.apache.hugegraph.store.business.InnerKeyCreator.getGraphIdOrCreate(InnerKeyCreator.java:64), org.apache.hugegraph.store.business.InnerKeyCreator.getKeyOrCreate(InnerKeyCreator.java:90), org.apache.hugegraph.store.business.BusinessHandlerImpl$TxBuilderImpl.put(BusinessHandlerImpl.java:1650), org.apache.hugegraph.store.business.BusinessHandler.doBatch(BusinessHandler.java:170), org.apache.hugegraph.store.core.BatchGraphIsolationTest.writeBatch(BatchGraphIsolationTest.java:273), org.apache.hugegraph.store.core.BatchGraphIsolationTest.writeBatch(BatchGraphIsolationTest.java:258), org.apache.hugegraph.store.core.BatchGraphIsolationTest.writeBatch(BatchGraphIsolationTest.java:254), org.apache.hugegraph.store.core.BatchGraphIsolationTest.testBatchPutKeepsGraphsIsolated(BatchGraphIsolationTest.java:230), java.base/jdk.internal.reflect.DirectMethodHandleAccessor.invoke(DirectMethodHandleAccessor.java:103), java.base/java.lang.reflect.Method.invoke(Method.java:580), org.junit.runners.model.FrameworkMethod$1.runReflectiveCall(FrameworkMethod.java:59), org.junit.internal.runners.model.ReflectiveCallable.run(ReflectiveCallable.java:12), org.junit.runners.model.FrameworkMethod.invokeExplosively(FrameworkMethod.java:56), org.junit.internal.runners.statements.InvokeMethod.evaluate(InvokeMethod.java:17), org.junit.runners.ParentRunner$3.evaluate(ParentRunner.java:306), org.junit.runners.BlockJUnit4ClassRunner$1.evaluate(BlockJUnit4ClassRunner.java:100), org.junit.runners.ParentRunner.runLeaf(ParentRunner.java:366), org.junit.runners.BlockJUnit4ClassRunner.runChild(BlockJUnit4ClassRunner.java:103), org.junit.runners.BlockJUnit4ClassRunner.runChild(BlockJUnit4ClassRunner.java:63), org.junit.runners.ParentRunner$4.run(ParentRunner.java:331), org.junit.runners.ParentRunner$1.schedule(ParentRunner.java:79), org.junit.runners.ParentRunner.runChildren(ParentRunner.java:329), org.junit.runners.ParentRunner.access$100(ParentRunner.java:66), org.junit.runners.ParentRunner$2.evaluate(ParentRunner.java:293), org.junit.internal.runners.statements.RunBefores.evaluate(RunBefores.java:26), org.junit.internal.runners.statements.RunAfters.evaluate(RunAfters.java:27), org.junit.runners.ParentRunner$3.evaluate(ParentRunner.java:306), org.junit.runners.ParentRunner.run(ParentRunner.java:413), org.apache.maven.surefire.junit4.JUnit4Provider.execute(JUnit4Provider.java:365), org.apache.maven.surefire.junit4.JUnit4Provider.executeWithRerun(JUnit4Provider.java:272), org.apache.maven.surefire.junit4.JUnit4Provider.executeTestSet(JUnit4Provider.java:236), org.apache.maven.surefire.junit4.JUnit4Provider.invoke(JUnit4Provider.java:159), org.apache.maven.surefire.booter.ForkedBooter.invokeProviderInSameClassLoader(ForkedBooter.java:386), org.apache.maven.surefire.booter.ForkedBooter.runSuitesInProcess(ForkedBooter.java:323), org.apache.maven.surefire.booter.ForkedBooter.main(ForkedBooter.java:143)]
2026-09-13 10:36:43 [main] [INFO] o.a.h.s.m.GraphIdManager - partition: 0, Graph ID 1 is allocated for graph batch-put-graph-2, stack: [java.base/java.lang.Thread.getStackTrace(Thread.java:2451), org.apache.hugegraph.store.meta.GraphIdManager.getGraphIdOrCreate(GraphIdManager.java:98), org.apache.hugegraph.store.business.InnerKeyCreator.getGraphIdOrCreate(InnerKeyCreator.java:64), org.apache.hugegraph.store.business.InnerKeyCreator.getKeyOrCreate(InnerKeyCreator.java:90), org.apache.hugegraph.store.business.BusinessHandlerImpl$TxBuilderImpl.put(BusinessHandlerImpl.java:1650), org.apache.hugegraph.store.business.BusinessHandler.doBatch(BusinessHandler.java:170), org.apache.hugegraph.store.core.BatchGraphIsolationTest.writeBatch(BatchGraphIsolationTest.java:273), org.apache.hugegraph.store.core.BatchGraphIsolationTest.writeBatch(BatchGraphIsolationTest.java:258), org.apache.hugegraph.store.core.BatchGraphIsolationTest.writeBatch(BatchGraphIsolationTest.java:254), org.apache.hugegraph.store.core.BatchGraphIsolationTest.testBatchPutKeepsGraphsIsolated(BatchGraphIsolationTest.java:231), java.base/jdk.internal.reflect.DirectMethodHandleAccessor.invoke(DirectMethodHandleAccessor.java:103), java.base/java.lang.reflect.Method.invoke(Method.java:580), org.junit.runners.model.FrameworkMethod$1.runReflectiveCall(FrameworkMethod.java:59), org.junit.internal.runners.model.ReflectiveCallable.run(ReflectiveCallable.java:12), org.junit.runners.model.FrameworkMethod.invokeExplosively(FrameworkMethod.java:56), org.junit.internal.runners.statements.InvokeMethod.evaluate(InvokeMethod.java:17), org.junit.runners.ParentRunner$3.evaluate(ParentRunner.java:306), org.junit.runners.BlockJUnit4ClassRunner$1.evaluate(BlockJUnit4ClassRunner.java:100), org.junit.runners.ParentRunner.runLeaf(ParentRunner.java:366), org.junit.runners.BlockJUnit4ClassRunner.runChild(BlockJUnit4ClassRunner.java:103), org.junit.runners.BlockJUnit4ClassRunner.runChild(BlockJUnit4ClassRunner.java:63), org.junit.runners.ParentRunner$4.run(ParentRunner.java:331), org.junit.runners.ParentRunner$1.schedule(ParentRunner.java:79), org.junit.runners.ParentRunner.runChildren(ParentRunner.java:329), org.junit.runners.ParentRunner.access$100(ParentRunner.java:66), org.junit.runners.ParentRunner$2.evaluate(ParentRunner.java:293), org.junit.internal.runners.statements.RunBefores.evaluate(RunBefores.java:26), org.junit.internal.runners.statements.RunAfters.evaluate(RunAfters.java:27), org.junit.runners.ParentRunner$3.evaluate(ParentRunner.java:306), org.junit.runners.ParentRunner.run(ParentRunner.java:413), org.apache.maven.surefire.junit4.JUnit4Provider.execute(JUnit4Provider.java:365), org.apache.maven.surefire.junit4.JUnit4Provider.executeWithRerun(JUnit4Provider.java:272), org.apache.maven.surefire.junit4.JUnit4Provider.executeTestSet(JUnit4Provider.java:236), org.apache.maven.surefire.junit4.JUnit4Provider.invoke(JUnit4Provider.java:159), org.apache.maven.surefire.booter.ForkedBooter.invokeProviderInSameClassLoader(ForkedBooter.java:386), org.apache.maven.surefire.booter.ForkedBooter.runSuitesInProcess(ForkedBooter.java:323), org.apache.maven.surefire.booter.ForkedBooter.main(ForkedBooter.java:143)]
2026-09-13 10:36:43 [main] [INFO] o.a.h.s.m.GraphIdManager - partition: 0, Graph ID 2 is allocated for graph batch-merge-graph-1, stack: [java.base/java.lang.Thread.getStackTrace(Thread.java:2451), org.apache.hugegraph.store.meta.GraphIdManager.getGraphIdOrCreate(GraphIdManager.java:98), org.apache.hugegraph.store.business.InnerKeyCreator.getGraphIdOrCreate(InnerKeyCreator.java:64), org.apache.hugegraph.store.business.InnerKeyCreator.getKeyOrCreate(InnerKeyCreator.java:90), org.apache.hugegraph.store.business.BusinessHandlerImpl$TxBuilderImpl.merge(BusinessHandlerImpl.java:1715), org.apache.hugegraph.store.business.BusinessHandler.doBatch(BusinessHandler.java:187), org.apache.hugegraph.store.core.BatchGraphIsolationTest.writeBatch(BatchGraphIsolationTest.java:273), org.apache.hugegraph.store.core.BatchGraphIsolationTest.writeBatch(BatchGraphIsolationTest.java:258), org.apache.hugegraph.store.core.BatchGraphIsolationTest.writeBatch(BatchGraphIsolationTest.java:254), org.apache.hugegraph.store.core.BatchGraphIsolationTest.testBatchMergeKeepsGraphsIsolated(BatchGraphIsolationTest.java:246), java.base/jdk.internal.reflect.DirectMethodHandleAccessor.invoke(DirectMethodHandleAccessor.java:103), java.base/java.lang.reflect.Method.invoke(Method.java:580), org.junit.runners.model.FrameworkMethod$1.runReflectiveCall(FrameworkMethod.java:59), org.junit.internal.runners.model.ReflectiveCallable.run(ReflectiveCallable.java:12), org.junit.runners.model.FrameworkMethod.invokeExplosively(FrameworkMethod.java:56), org.junit.internal.runners.statements.InvokeMethod.evaluate(InvokeMethod.java:17), org.junit.runners.ParentRunner$3.evaluate(ParentRunner.java:306), org.junit.runners.BlockJUnit4ClassRunner$1.evaluate(BlockJUnit4ClassRunner.java:100), org.junit.runners.ParentRunner.runLeaf(ParentRunner.java:366), org.junit.runners.BlockJUnit4ClassRunner.runChild(BlockJUnit4ClassRunner.java:103), org.junit.runners.BlockJUnit4ClassRunner.runChild(BlockJUnit4ClassRunner.java:63), org.junit.runners.ParentRunner$4.run(ParentRunner.java:331), org.junit.runners.ParentRunner$1.schedule(ParentRunner.java:79), org.junit.runners.ParentRunner.runChildren(ParentRunner.java:329), org.junit.runners.ParentRunner.access$100(ParentRunner.java:66), org.junit.runners.ParentRunner$2.evaluate(ParentRunner.java:293), org.junit.internal.runners.statements.RunBefores.evaluate(RunBefores.java:26), org.junit.internal.runners.statements.RunAfters.evaluate(RunAfters.java:27), org.junit.runners.ParentRunner$3.evaluate(ParentRunner.java:306), org.junit.runners.ParentRunner.run(ParentRunner.java:413), org.apache.maven.surefire.junit4.JUnit4Provider.execute(JUnit4Provider.java:365), org.apache.maven.surefire.junit4.JUnit4Provider.executeWithRerun(JUnit4Provider.java:272), org.apache.maven.surefire.junit4.JUnit4Provider.executeTestSet(JUnit4Provider.java:236), org.apache.maven.surefire.junit4.JUnit4Provider.invoke(JUnit4Provider.java:159), org.apache.maven.surefire.booter.ForkedBooter.invokeProviderInSameClassLoader(ForkedBooter.java:386), org.apache.maven.surefire.booter.ForkedBooter.runSuitesInProcess(ForkedBooter.java:323), org.apache.maven.surefire.booter.ForkedBooter.main(ForkedBooter.java:143)]
2026-09-13 10:36:43 [main] [INFO] o.a.h.s.m.GraphIdManager - partition: 0, Graph ID 3 is allocated for graph batch-merge-graph-2, stack: [java.base/java.lang.Thread.getStackTrace(Thread.java:2451), org.apache.hugegraph.store.meta.GraphIdManager.getGraphIdOrCreate(GraphIdManager.java:98), org.apache.hugegraph.store.business.InnerKeyCreator.getGraphIdOrCreate(InnerKeyCreator.java:64), org.apache.hugegraph.store.business.InnerKeyCreator.getKeyOrCreate(InnerKeyCreator.java:90), org.apache.hugegraph.store.business.BusinessHandlerImpl$TxBuilderImpl.merge(BusinessHandlerImpl.java:1715), org.apache.hugegraph.store.business.BusinessHandler.doBatch(BusinessHandler.java:187), org.apache.hugegraph.store.core.BatchGraphIsolationTest.writeBatch(BatchGraphIsolationTest.java:273), org.apache.hugegraph.store.core.BatchGraphIsolationTest.writeBatch(BatchGraphIsolationTest.java:258), org.apache.hugegraph.store.core.BatchGraphIsolationTest.writeBatch(BatchGraphIsolationTest.java:254), org.apache.hugegraph.store.core.BatchGraphIsolationTest.testBatchMergeKeepsGraphsIsolated(BatchGraphIsolationTest.java:247), java.base/jdk.internal.reflect.DirectMethodHandleAccessor.invoke(DirectMethodHandleAccessor.java:103), java.base/java.lang.reflect.Method.invoke(Method.java:580), org.junit.runners.model.FrameworkMethod$1.runReflectiveCall(FrameworkMethod.java:59), org.junit.internal.runners.model.ReflectiveCallable.run(ReflectiveCallable.java:12), org.junit.runners.model.FrameworkMethod.invokeExplosively(FrameworkMethod.java:56), org.junit.internal.runners.statements.InvokeMethod.evaluate(InvokeMethod.java:17), org.junit.runners.ParentRunner$3.evaluate(ParentRunner.java:306), org.junit.runners.BlockJUnit4ClassRunner$1.evaluate(BlockJUnit4ClassRunner.java:100), org.junit.runners.ParentRunner.runLeaf(ParentRunner.java:366), org.junit.runners.BlockJUnit4ClassRunner.runChild(BlockJUnit4ClassRunner.java:103), org.junit.runners.BlockJUnit4ClassRunner.runChild(BlockJUnit4ClassRunner.java:63), org.junit.runners.ParentRunner$4.run(ParentRunner.java:331), org.junit.runners.ParentRunner$1.schedule(ParentRunner.java:79), org.junit.runners.ParentRunner.runChildren(ParentRunner.java:329), org.junit.runners.ParentRunner.access$100(ParentRunner.java:66), org.junit.runners.ParentRunner$2.evaluate(ParentRunner.java:293), org.junit.internal.runners.statements.RunBefores.evaluate(RunBefores.java:26), org.junit.internal.runners.statements.RunAfters.evaluate(RunAfters.java:27), org.junit.runners.ParentRunner$3.evaluate(ParentRunner.java:306), org.junit.runners.ParentRunner.run(ParentRunner.java:413), org.apache.maven.surefire.junit4.JUnit4Provider.execute(JUnit4Provider.java:365), org.apache.maven.surefire.junit4.JUnit4Provider.executeWithRerun(JUnit4Provider.java:272), org.apache.maven.surefire.junit4.JUnit4Provider.executeTestSet(JUnit4Provider.java:236), org.apache.maven.surefire.junit4.JUnit4Provider.invoke(JUnit4Provider.java:159), org.apache.maven.surefire.booter.ForkedBooter.invokeProviderInSameClassLoader(ForkedBooter.java:386), org.apache.maven.surefire.booter.ForkedBooter.runSuitesInProcess(ForkedBooter.java:323), org.apache.maven.surefire.booter.ForkedBooter.main(ForkedBooter.java:143)]
2026-09-13 10:36:43 [Time-limited test] [INFO] o.a.h.s.m.GraphIdManager - partition: 0, Graph ID 4 is allocated for graph in-flight-batch-graph, stack: [java.base/java.lang.Thread.getStackTrace(Thread.java:2451), org.apache.hugegraph.store.meta.GraphIdManager.getGraphIdOrCreate(GraphIdManager.java:98), org.apache.hugegraph.store.business.InnerKeyCreator.getGraphIdOrCreate(InnerKeyCreator.java:64), org.apache.hugegraph.store.business.InnerKeyCreator.getKeyOrCreate(InnerKeyCreator.java:90), org.apache.hugegraph.store.business.BusinessHandlerImpl$TxBuilderImpl.put(BusinessHandlerImpl.java:1650), org.apache.hugegraph.store.core.BatchGraphIsolationTest.put(BatchGraphIsolationTest.java:277), org.apache.hugegraph.store.core.BatchGraphIsolationTest.testTruncateWaitsForInFlightBatch(BatchGraphIsolationTest.java:152), java.base/jdk.internal.reflect.DirectMethodHandleAccessor.invoke(DirectMethodHandleAccessor.java:103), java.base/java.lang.reflect.Method.invoke(Method.java:580), org.junit.runners.model.FrameworkMethod$1.runReflectiveCall(FrameworkMethod.java:59), org.junit.internal.runners.model.ReflectiveCallable.run(ReflectiveCallable.java:12), org.junit.runners.model.FrameworkMethod.invokeExplosively(FrameworkMethod.java:56), org.junit.internal.runners.statements.InvokeMethod.evaluate(InvokeMethod.java:17), org.junit.internal.runners.statements.FailOnTimeout$CallableStatement.call(FailOnTimeout.java:299), org.junit.internal.runners.statements.FailOnTimeout$CallableStatement.call(FailOnTimeout.java:293), java.base/java.util.concurrent.FutureTask.run(FutureTask.java:317), java.base/java.lang.Thread.run(Thread.java:1583)]
2026-09-13 10:36:43 [Time-limited test] [INFO] o.a.h.s.m.GraphIdManager - partition: 0, Graph ID 5 is allocated for graph graph-after-truncate, stack: [java.base/java.lang.Thread.getStackTrace(Thread.java:2451), org.apache.hugegraph.store.meta.GraphIdManager.getGraphIdOrCreate(GraphIdManager.java:98), org.apache.hugegraph.store.business.InnerKeyCreator.getGraphIdOrCreate(InnerKeyCreator.java:64), org.apache.hugegraph.store.business.InnerKeyCreator.getKeyOrCreate(InnerKeyCreator.java:90), org.apache.hugegraph.store.business.BusinessHandlerImpl$TxBuilderImpl.put(BusinessHandlerImpl.java:1650), org.apache.hugegraph.store.business.BusinessHandler.doBatch(BusinessHandler.java:170), org.apache.hugegraph.store.core.BatchGraphIsolationTest.writeBatch(BatchGraphIsolationTest.java:273), org.apache.hugegraph.store.core.BatchGraphIsolationTest.writeBatch(BatchGraphIsolationTest.java:258), org.apache.hugegraph.store.core.BatchGraphIsolationTest.writeBatch(BatchGraphIsolationTest.java:254), org.apache.hugegraph.store.core.BatchGraphIsolationTest.testTruncateWaitsForInFlightBatch(BatchGraphIsolationTest.java:170), java.base/jdk.internal.reflect.DirectMethodHandleAccessor.invoke(DirectMethodHandleAccessor.java:103), java.base/java.lang.reflect.Method.invoke(Method.java:580), org.junit.runners.model.FrameworkMethod$1.runReflectiveCall(FrameworkMethod.java:59), org.junit.internal.runners.model.ReflectiveCallable.run(ReflectiveCallable.java:12), org.junit.runners.model.FrameworkMethod.invokeExplosively(FrameworkMethod.java:56), org.junit.internal.runners.statements.InvokeMethod.evaluate(InvokeMethod.java:17), org.junit.internal.runners.statements.FailOnTimeout$CallableStatement.call(FailOnTimeout.java:299), org.junit.internal.runners.statements.FailOnTimeout$CallableStatement.call(FailOnTimeout.java:293), java.base/java.util.concurrent.FutureTask.run(FutureTask.java:317), java.base/java.lang.Thread.run(Thread.java:1583)]
2026-09-13 10:36:43 [Time-limited test] [INFO] o.a.h.r.a.RocksDBFactory - create rocksdb for 00001
2026-09-13 10:36:43 [Time-limited test] [INFO] o.a.h.r.a.RocksDBSession - 00001 latest db path /tmp/hugegraph-batch-graph-isolation-8782727527443090184/data/00001
2026-09-13 10:36:43 [Time-limited test] [INFO] o.a.h.r.a.RocksDBSession - rocksdb use global WriteBufferManager
2026-09-13 10:36:44 [Time-limited test] [INFO] o.a.h.s.m.GraphIdManager - partition: 1, Graph ID 0 is allocated for graph first-batch-empty-partition, stack: [java.base/java.lang.Thread.getStackTrace(Thread.java:2451), org.apache.hugegraph.store.meta.GraphIdManager.getGraphIdOrCreate(GraphIdManager.java:98), org.apache.hugegraph.store.business.InnerKeyCreator.getGraphIdOrCreate(InnerKeyCreator.java:64), org.apache.hugegraph.store.business.InnerKeyCreator.getKeyOrCreate(InnerKeyCreator.java:90), org.apache.hugegraph.store.business.BusinessHandlerImpl$TxBuilderImpl.put(BusinessHandlerImpl.java:1650), org.apache.hugegraph.store.business.BusinessHandler.doBatch(BusinessHandler.java:170), org.apache.hugegraph.store.core.BatchGraphIsolationTest.writeBatch(BatchGraphIsolationTest.java:273), org.apache.hugegraph.store.core.BatchGraphIsolationTest.testFirstBatchOnEmptyPartitionCompletes(BatchGraphIsolationTest.java:134), java.base/jdk.internal.reflect.DirectMethodHandleAccessor.invoke(DirectMethodHandleAccessor.java:103), java.base/java.lang.reflect.Method.invoke(Method.java:580), org.junit.runners.model.FrameworkMethod$1.runReflectiveCall(FrameworkMethod.java:59), org.junit.internal.runners.model.ReflectiveCallable.run(ReflectiveCallable.java:12), org.junit.runners.model.FrameworkMethod.invokeExplosively(FrameworkMethod.java:56), org.junit.internal.runners.statements.InvokeMethod.evaluate(InvokeMethod.java:17), org.junit.internal.runners.statements.FailOnTimeout$CallableStatement.call(FailOnTimeout.java:299), org.junit.internal.runners.statements.FailOnTimeout$CallableStatement.call(FailOnTimeout.java:293), java.base/java.util.concurrent.FutureTask.run(FutureTask.java:317), java.base/java.lang.Thread.run(Thread.java:1583)]
2026-09-13 10:36:44 [main] [WARN] o.a.h.s.b.BusinessHandlerImpl - close all db!!! 
2026-09-13 10:36:44 [main] [INFO] o.a.h.r.a.RocksDBFactory - close 00000 's  rocksdb.
2026-09-13 10:36:44 [main] [INFO] o.a.h.r.a.RocksDBSession - shutdown db 00000, path is /tmp/hugegraph-batch-graph-isolation-8782727527443090184/data/00000 
2026-09-13 10:36:44 [main] [INFO] o.a.h.r.a.RocksDBFactory - close 00001 's  rocksdb.
2026-09-13 10:36:44 [main] [INFO] o.a.h.r.a.RocksDBSession - shutdown db 00001, path is /tmp/hugegraph-batch-graph-isolation-8782727527443090184/data/00001 
[INFO] Tests run: 6, Failures: 0, Errors: 0, Skipped: 0, Time elapsed: 1.761 s - in org.apache.hugegraph.store.core.BatchGraphIsolationTest
[INFO] 
[INFO] Results:
[INFO] 
[INFO] Tests run: 11, Failures: 0, Errors: 0, Skipped: 0
[INFO] 
[INFO] 
[INFO] --- maven-surefire-plugin:2.20:test (store-common-test) @ hg-store-test ---
[INFO] 
[INFO] -------------------------------------------------------
[INFO]  T E S T S
[INFO] -------------------------------------------------------
[INFO] Running org.apache.hugegraph.store.common.CommonSuiteTest
[INFO] Tests run: 2, Failures: 0, Errors: 0, Skipped: 0, Time elapsed: 2.426 s - in org.apache.hugegraph.store.common.CommonSuiteTest
[INFO] 
[INFO] Results:
[INFO] 
[INFO] Tests run: 2, Failures: 0, Errors: 0, Skipped: 0
[INFO] 
[INFO] 
[INFO] --- maven-surefire-plugin:2.20:test (store-rocksdb-test) @ hg-store-test ---
[INFO] 
[INFO] -------------------------------------------------------
[INFO]  T E S T S
[INFO] -------------------------------------------------------
[INFO] Running org.apache.hugegraph.store.rocksdb.RocksDbSuiteTest
0
0
class org.apache.hugegraph.rocksdb.access.RocksDBFactory
2026-09-13 10:36:48 [main] [INFO] o.a.h.r.a.RocksDBFactory - create rocksdb for bj01
2026-09-13 10:36:48 [main] [INFO] o.a.h.r.a.RocksDBSession - bj01 latest db path ./tmp/bj01
2026-09-13 10:36:48 [main] [INFO] o.a.h.r.a.RocksDBFactory - create rocksdb for bj02
2026-09-13 10:36:48 [main] [INFO] o.a.h.r.a.RocksDBSession - bj02 latest db path ./tmp/bj02
2026-09-13 10:36:48 [main] [INFO] o.a.h.r.a.RocksDBFactory - create rocksdb for bj03
2026-09-13 10:36:48 [main] [INFO] o.a.h.r.a.RocksDBSession - bj03 latest db path ./tmp/bj03
2026-09-13 10:36:48 [main] [INFO] o.a.h.r.a.RocksDBFactory - closing all rocksdb....
2026-09-13 10:36:48 [main] [INFO] o.a.h.r.a.RocksDBSession - shutdown db bj02, path is ./tmp/bj02 
2026-09-13 10:36:48 [main] [INFO] o.a.h.r.a.RocksDBSession - shutdown db bj03, path is ./tmp/bj03 
2026-09-13 10:36:48 [main] [INFO] o.a.h.r.a.RocksDBSession - shutdown db bj01, path is ./tmp/bj01 
2026-09-13 10:36:48 [main] [INFO] o.a.h.r.a.RocksDBFactory - create rocksdb for test1
2026-09-13 10:36:48 [main] [INFO] o.a.h.r.a.RocksDBSession - test1 latest db path ./tmp/test1
2026-09-13 10:36:48 [main] [INFO] o.a.h.r.a.RocksDBFactory - destroy test1 's  rocksdb.
2026-09-13 10:36:48 [main] [INFO] o.a.h.r.a.RocksDBFactory - close test1 's  rocksdb.
2026-09-13 10:36:48 [main] [INFO] o.a.h.r.a.RocksDBSession - shutdown db test1, path is ./tmp/test1 
[INFO] Tests run: 3, Failures: 0, Errors: 0, Skipped: 0, Time elapsed: 0.894 s - in org.apache.hugegraph.store.rocksdb.RocksDbSuiteTest
[INFO] 
[INFO] Results:
[INFO] 
[INFO] Tests run: 3, Failures: 0, Errors: 0, Skipped: 0
[INFO] 
[INFO] 
[INFO] --- maven-surefire-plugin:2.20:test (store-server-test) @ hg-store-test ---
[INFO] 
[INFO] -------------------------------------------------------
[INFO]  T E S T S
[INFO] -------------------------------------------------------
[INFO] Running org.apache.hugegraph.store.service.ServerSuiteTest
[INFO] Tests run: 6, Failures: 0, Errors: 0, Skipped: 0, Time elapsed: 0.047 s - in org.apache.hugegraph.store.service.ServerSuiteTest
[INFO] 
[INFO] Results:
[INFO] 
[INFO] Tests run: 6, Failures: 0, Errors: 0, Skipped: 0
[INFO] 
[INFO] 
[INFO] --- maven-surefire-plugin:2.20:test (store-raftcore-test) @ hg-store-test ---
[INFO] 
[INFO] -------------------------------------------------------
[INFO]  T E S T S
[INFO] -------------------------------------------------------
[INFO] Running org.apache.hugegraph.store.raftcore.RaftSuiteTest
[INFO] Tests run: 3, Failures: 0, Errors: 0, Skipped: 0, Time elapsed: 0.039 s - in org.apache.hugegraph.store.raftcore.RaftSuiteTest
[INFO] 
[INFO] Results:
[INFO] 
[INFO] Tests run: 3, Failures: 0, Errors: 0, Skipped: 0
[INFO] 
[INFO] ------------------------------------------------------------------------
[INFO] Reactor Summary for hugegraph 1.7.0:
[INFO] 
[INFO] hugegraph .......................................... SUCCESS [  0.835 s]
[INFO] hugegraph-commons .................................. SUCCESS [  0.623 s]
[INFO] hugegraph-common ................................... SUCCESS [  0.652 s]
[INFO] hugegraph-pd ....................................... SUCCESS [  0.124 s]
[INFO] hg-pd-grpc ......................................... SUCCESS [  4.902 s]
[INFO] hg-pd-common ....................................... SUCCESS [  0.101 s]
[INFO] hg-pd-client ....................................... SUCCESS [  0.637 s]
[INFO] hugegraph-struct ................................... SUCCESS [  1.064 s]
[INFO] hugegraph-store .................................... SUCCESS [  0.038 s]
[INFO] hg-store-common .................................... SUCCESS [  0.183 s]
[INFO] hugegraph-server ................................... SUCCESS [  0.079 s]
[INFO] hugegraph-core ..................................... SUCCESS [  4.215 s]
[INFO] hg-store-grpc ...................................... SUCCESS [  1.313 s]
[INFO] hg-store-client .................................... SUCCESS [  0.237 s]
[INFO] hg-pd-core ......................................... SUCCESS [  0.078 s]
[INFO] hg-store-rocksdb ................................... SUCCESS [  0.751 s]
[INFO] hg-store-core ...................................... SUCCESS [  0.391 s]
[INFO] hg-store-node ...................................... SUCCESS [  1.395 s]
[INFO] hg-store-test ...................................... SUCCESS [ 16.097 s]
[INFO] ------------------------------------------------------------------------
[INFO] BUILD SUCCESS
[INFO] ------------------------------------------------------------------------
[INFO] Total time:  34.181 s
[INFO] Finished at: 2026-09-13T10:36:50+08:00
[INFO] ------------------------------------------------------------------------
